[2026-05-09T10:40:19.970+0000] {manager.py:469} INFO - Processing files using up to 2 processes at a time 
[2026-05-09T10:40:19.972+0000] {manager.py:470} INFO - Process each file at most once every 30 seconds
[2026-05-09T10:40:19.972+0000] {manager.py:471} INFO - Checking for new files in /opt/airflow/dags every 300 seconds
[2026-05-09T10:40:19.973+0000] {manager.py:738} INFO - Searching for files in /opt/airflow/dags
[2026-05-09T10:40:20.009+0000] {manager.py:741} INFO - There are 2 files in /opt/airflow/dags
[2026-05-09T10:40:20.197+0000] {manager.py:879} INFO - 
================================================================================
DAG File Processing Stats

File Path                                      PID  Runtime      # DAGs    # Errors  Last Runtime    Last Run
-------------------------------------------  -----  ---------  --------  ----------  --------------  ----------
/opt/airflow/dags/mediapulse360_pipeline.py    164  0.10s             0           0
/opt/airflow/dags/news_pipeline_dag.py         167  0.08s             0           0
================================================================================
[2026-05-09T10:40:50.715+0000] {manager.py:879} INFO - 
================================================================================
DAG File Processing Stats

File Path                                      PID  Runtime      # DAGs    # Errors  Last Runtime    Last Run
-------------------------------------------  -----  ---------  --------  ----------  --------------  -------------------
/opt/airflow/dags/mediapulse360_pipeline.py    174  0.02s             0           1  0.13s           2026-05-09T10:40:20
/opt/airflow/dags/news_pipeline_dag.py                                1           0  0.97s           2026-05-09T10:40:21
================================================================================
[2026-05-09T10:41:21.394+0000] {manager.py:879} INFO - 
================================================================================
DAG File Processing Stats

File Path                                      PID  Runtime      # DAGs    # Errors  Last Runtime    Last Run
-------------------------------------------  -----  ---------  --------  ----------  --------------  -------------------
/opt/airflow/dags/mediapulse360_pipeline.py    184  0.01s             0           1  0.13s           2026-05-09T10:40:50
/opt/airflow/dags/news_pipeline_dag.py                                1           0  0.19s           2026-05-09T10:40:51
================================================================================
[2026-05-09T10:41:51.715+0000] {manager.py:879} INFO - 
================================================================================
DAG File Processing Stats

File Path                                      PID  Runtime      # DAGs    # Errors  Last Runtime    Last Run
-------------------------------------------  -----  ---------  --------  ----------  --------------  -------------------
/opt/airflow/dags/mediapulse360_pipeline.py    194  0.01s             0           1  0.09s           2026-05-09T10:41:21
/opt/airflow/dags/news_pipeline_dag.py                                1           0  0.14s           2026-05-09T10:41:22
================================================================================
[2026-05-09T10:42:22.260+0000] {manager.py:879} INFO - 
================================================================================
DAG File Processing Stats

File Path                                      PID  Runtime      # DAGs    # Errors  Last Runtime    Last Run
-------------------------------------------  -----  ---------  --------  ----------  --------------  -------------------
/opt/airflow/dags/mediapulse360_pipeline.py    204  0.01s             0           1  0.13s           2026-05-09T10:41:51
/opt/airflow/dags/news_pipeline_dag.py                                1           0  0.15s           2026-05-09T10:41:52
================================================================================
[2026-05-09T10:42:52.540+0000] {manager.py:879} INFO - 
================================================================================
DAG File Processing Stats

File Path                                    PID    Runtime      # DAGs    # Errors  Last Runtime    Last Run
-------------------------------------------  -----  ---------  --------  ----------  --------------  -------------------
/opt/airflow/dags/mediapulse360_pipeline.py                           1           0  0.76s           2026-05-09T10:42:44
/opt/airflow/dags/news_pipeline_dag.py                                1           0  0.19s           2026-05-09T10:42:23
================================================================================
[2026-05-09T10:43:22.967+0000] {manager.py:879} INFO - 
================================================================================
DAG File Processing Stats

File Path                                    PID    Runtime      # DAGs    # Errors  Last Runtime    Last Run
-------------------------------------------  -----  ---------  --------  ----------  --------------  -------------------
/opt/airflow/dags/mediapulse360_pipeline.py                           1           0  0.22s           2026-05-09T10:43:14
/opt/airflow/dags/news_pipeline_dag.py                                1           0  0.17s           2026-05-09T10:42:53
================================================================================
[2026-05-09T10:43:53.323+0000] {manager.py:879} INFO - 
================================================================================
DAG File Processing Stats

File Path                                    PID    Runtime      # DAGs    # Errors  Last Runtime    Last Run
-------------------------------------------  -----  ---------  --------  ----------  --------------  -------------------
/opt/airflow/dags/mediapulse360_pipeline.py                           1           0  0.27s           2026-05-09T10:43:25
/opt/airflow/dags/news_pipeline_dag.py                                1           0  0.14s           2026-05-09T10:43:24
================================================================================
[2026-05-09T10:44:23.874+0000] {manager.py:879} INFO - 
================================================================================
DAG File Processing Stats

File Path                                    PID    Runtime      # DAGs    # Errors  Last Runtime    Last Run
-------------------------------------------  -----  ---------  --------  ----------  --------------  -------------------
/opt/airflow/dags/mediapulse360_pipeline.py                           1           0  0.20s           2026-05-09T10:43:55
/opt/airflow/dags/news_pipeline_dag.py                                1           0  0.31s           2026-05-09T10:43:54
================================================================================
[2026-05-09T10:44:54.292+0000] {manager.py:879} INFO - 
================================================================================
DAG File Processing Stats

File Path                                    PID    Runtime      # DAGs    # Errors  Last Runtime    Last Run
-------------------------------------------  -----  ---------  --------  ----------  --------------  -------------------
/opt/airflow/dags/mediapulse360_pipeline.py                           1           0  0.20s           2026-05-09T10:44:26
/opt/airflow/dags/news_pipeline_dag.py                                1           0  0.18s           2026-05-09T10:44:25
================================================================================
[2026-05-09T10:45:20.027+0000] {manager.py:738} INFO - Searching for files in /opt/airflow/dags
[2026-05-09T10:45:20.107+0000] {manager.py:741} INFO - There are 2 files in /opt/airflow/dags
[2026-05-09T10:45:25.169+0000] {manager.py:879} INFO - 
================================================================================
DAG File Processing Stats

File Path                                    PID    Runtime      # DAGs    # Errors  Last Runtime    Last Run
-------------------------------------------  -----  ---------  --------  ----------  --------------  -------------------
/opt/airflow/dags/mediapulse360_pipeline.py                           1           0  0.17s           2026-05-09T10:44:56
/opt/airflow/dags/news_pipeline_dag.py                                1           0  0.16s           2026-05-09T10:44:55
================================================================================
[2026-05-09T10:45:55.412+0000] {manager.py:879} INFO - 
================================================================================
DAG File Processing Stats

File Path                                    PID    Runtime      # DAGs    # Errors  Last Runtime    Last Run
-------------------------------------------  -----  ---------  --------  ----------  --------------  -------------------
/opt/airflow/dags/mediapulse360_pipeline.py                           1           0  0.13s           2026-05-09T10:45:27
/opt/airflow/dags/news_pipeline_dag.py                                1           0  0.17s           2026-05-09T10:45:26
================================================================================
[2026-05-09T10:46:25.813+0000] {manager.py:879} INFO - 
================================================================================
DAG File Processing Stats

File Path                                    PID    Runtime      # DAGs    # Errors  Last Runtime    Last Run
-------------------------------------------  -----  ---------  --------  ----------  --------------  -------------------
/opt/airflow/dags/mediapulse360_pipeline.py                           1           0  0.15s           2026-05-09T10:45:57
/opt/airflow/dags/news_pipeline_dag.py                                1           0  0.17s           2026-05-09T10:45:56
================================================================================
[2026-05-09T10:46:56.275+0000] {manager.py:879} INFO - 
================================================================================
DAG File Processing Stats

File Path                                    PID    Runtime      # DAGs    # Errors  Last Runtime    Last Run
-------------------------------------------  -----  ---------  --------  ----------  --------------  -------------------
/opt/airflow/dags/mediapulse360_pipeline.py                           1           0  0.38s           2026-05-09T10:46:42
/opt/airflow/dags/news_pipeline_dag.py                                1           0  0.16s           2026-05-09T10:46:26
================================================================================
[2026-05-09T10:47:20.482+0000] {manager.py:469} INFO - Processing files using up to 2 processes at a time 
[2026-05-09T10:47:20.484+0000] {manager.py:470} INFO - Process each file at most once every 30 seconds
[2026-05-09T10:47:20.484+0000] {manager.py:471} INFO - Checking for new files in /opt/airflow/dags every 300 seconds
[2026-05-09T10:47:20.485+0000] {manager.py:738} INFO - Searching for files in /opt/airflow/dags
[2026-05-09T10:47:20.551+0000] {manager.py:741} INFO - There are 2 files in /opt/airflow/dags
[2026-05-09T10:47:20.841+0000] {manager.py:879} INFO - 
================================================================================
DAG File Processing Stats

File Path                                      PID  Runtime      # DAGs    # Errors  Last Runtime    Last Run
-------------------------------------------  -----  ---------  --------  ----------  --------------  ----------
/opt/airflow/dags/mediapulse360_pipeline.py    165  0.14s             0           0
/opt/airflow/dags/news_pipeline_dag.py         168  0.11s             0           0
================================================================================
[2026-05-09T10:47:51.376+0000] {manager.py:879} INFO - 
================================================================================
DAG File Processing Stats

File Path                                    PID    Runtime      # DAGs    # Errors  Last Runtime    Last Run
-------------------------------------------  -----  ---------  --------  ----------  --------------  -------------------
/opt/airflow/dags/mediapulse360_pipeline.py                           1           0  0.20s           2026-05-09T10:47:40
/opt/airflow/dags/news_pipeline_dag.py                                1           0  0.71s           2026-05-09T10:47:21
================================================================================
[2026-05-09T10:48:22.008+0000] {manager.py:879} INFO - 
================================================================================
DAG File Processing Stats

File Path                                    PID    Runtime      # DAGs    # Errors  Last Runtime    Last Run
-------------------------------------------  -----  ---------  --------  ----------  --------------  -------------------
/opt/airflow/dags/mediapulse360_pipeline.py                           1           0  0.29s           2026-05-09T10:48:11
/opt/airflow/dags/news_pipeline_dag.py                                1           0  0.35s           2026-05-09T10:47:52
================================================================================
[2026-05-09T10:48:52.383+0000] {manager.py:879} INFO - 
================================================================================
DAG File Processing Stats

File Path                                    PID    Runtime      # DAGs    # Errors  Last Runtime    Last Run
-------------------------------------------  -----  ---------  --------  ----------  --------------  -------------------
/opt/airflow/dags/mediapulse360_pipeline.py                           1           0  0.18s           2026-05-09T10:48:41
/opt/airflow/dags/news_pipeline_dag.py                                1           0  0.14s           2026-05-09T10:48:23
================================================================================
[2026-05-09T10:49:22.983+0000] {manager.py:879} INFO - 
================================================================================
DAG File Processing Stats

File Path                                    PID    Runtime      # DAGs    # Errors  Last Runtime    Last Run
-------------------------------------------  -----  ---------  --------  ----------  --------------  -------------------
/opt/airflow/dags/mediapulse360_pipeline.py                           1           0  0.19s           2026-05-09T10:49:11
/opt/airflow/dags/news_pipeline_dag.py                                1           0  0.36s           2026-05-09T10:48:53
================================================================================
[2026-05-09T10:49:53.240+0000] {manager.py:879} INFO - 
================================================================================
DAG File Processing Stats

File Path                                    PID    Runtime      # DAGs    # Errors  Last Runtime    Last Run
-------------------------------------------  -----  ---------  --------  ----------  --------------  -------------------
/opt/airflow/dags/mediapulse360_pipeline.py                           1           0  0.15s           2026-05-09T10:49:42
/opt/airflow/dags/news_pipeline_dag.py                                1           0  0.21s           2026-05-09T10:49:24
================================================================================
[2026-05-09T10:50:23.665+0000] {manager.py:879} INFO - 
================================================================================
DAG File Processing Stats

File Path                                    PID    Runtime      # DAGs    # Errors  Last Runtime    Last Run
-------------------------------------------  -----  ---------  --------  ----------  --------------  -------------------
/opt/airflow/dags/mediapulse360_pipeline.py                           1           0  0.13s           2026-05-09T10:50:12
/opt/airflow/dags/news_pipeline_dag.py                                1           0  0.21s           2026-05-09T10:49:54
================================================================================
[2026-05-09T10:50:54.101+0000] {manager.py:879} INFO - 
================================================================================
DAG File Processing Stats

File Path                                    PID    Runtime      # DAGs    # Errors  Last Runtime    Last Run
-------------------------------------------  -----  ---------  --------  ----------  --------------  -------------------
/opt/airflow/dags/mediapulse360_pipeline.py                           1           0  0.20s           2026-05-09T10:50:43
/opt/airflow/dags/news_pipeline_dag.py                                1           0  0.21s           2026-05-09T10:50:24
================================================================================
[2026-05-09T10:51:24.509+0000] {manager.py:879} INFO - 
================================================================================
DAG File Processing Stats

File Path                                    PID    Runtime      # DAGs    # Errors  Last Runtime    Last Run
-------------------------------------------  -----  ---------  --------  ----------  --------------  -------------------
/opt/airflow/dags/mediapulse360_pipeline.py                           1           0  0.19s           2026-05-09T10:51:13
/opt/airflow/dags/news_pipeline_dag.py                                1           0  0.18s           2026-05-09T10:50:55
================================================================================
[2026-05-09T10:51:54.754+0000] {manager.py:879} INFO - 
================================================================================
DAG File Processing Stats

File Path                                    PID    Runtime      # DAGs    # Errors  Last Runtime    Last Run
-------------------------------------------  -----  ---------  --------  ----------  --------------  -------------------
/opt/airflow/dags/mediapulse360_pipeline.py                           1           0  0.16s           2026-05-09T10:51:43
/opt/airflow/dags/news_pipeline_dag.py                                1           0  0.20s           2026-05-09T10:51:25
================================================================================
[2026-05-09T10:52:21.150+0000] {manager.py:738} INFO - Searching for files in /opt/airflow/dags
[2026-05-09T10:52:21.221+0000] {manager.py:741} INFO - There are 2 files in /opt/airflow/dags
[2026-05-09T10:52:25.281+0000] {manager.py:879} INFO - 
================================================================================
DAG File Processing Stats

File Path                                    PID    Runtime      # DAGs    # Errors  Last Runtime    Last Run
-------------------------------------------  -----  ---------  --------  ----------  --------------  -------------------
/opt/airflow/dags/mediapulse360_pipeline.py                           1           0  0.23s           2026-05-09T10:52:14
/opt/airflow/dags/news_pipeline_dag.py                                1           0  0.22s           2026-05-09T10:51:55
================================================================================
[2026-05-09T10:52:55.633+0000] {manager.py:879} INFO - 
================================================================================
DAG File Processing Stats

File Path                                    PID    Runtime      # DAGs    # Errors  Last Runtime    Last Run
-------------------------------------------  -----  ---------  --------  ----------  --------------  -------------------
/opt/airflow/dags/mediapulse360_pipeline.py                           1           0  0.17s           2026-05-09T10:52:44
/opt/airflow/dags/news_pipeline_dag.py                                1           0  0.13s           2026-05-09T10:52:26
================================================================================
[2026-05-09T10:53:26.061+0000] {manager.py:879} INFO - 
================================================================================
DAG File Processing Stats

File Path                                    PID    Runtime      # DAGs    # Errors  Last Runtime    Last Run
-------------------------------------------  -----  ---------  --------  ----------  --------------  -------------------
/opt/airflow/dags/mediapulse360_pipeline.py                           1           0  0.13s           2026-05-09T10:53:14
/opt/airflow/dags/news_pipeline_dag.py                                1           0  0.20s           2026-05-09T10:52:56
================================================================================
[2026-05-09T10:53:56.420+0000] {manager.py:879} INFO - 
================================================================================
DAG File Processing Stats

File Path                                    PID    Runtime      # DAGs    # Errors  Last Runtime    Last Run
-------------------------------------------  -----  ---------  --------  ----------  --------------  -------------------
/opt/airflow/dags/mediapulse360_pipeline.py                           1           0  0.16s           2026-05-09T10:53:45
/opt/airflow/dags/news_pipeline_dag.py                                1           0  0.15s           2026-05-09T10:53:27
================================================================================
[2026-05-09T10:54:26.771+0000] {manager.py:879} INFO - 
================================================================================
DAG File Processing Stats

File Path                                    PID    Runtime      # DAGs    # Errors  Last Runtime    Last Run
-------------------------------------------  -----  ---------  --------  ----------  --------------  -------------------
/opt/airflow/dags/mediapulse360_pipeline.py                           1           0  0.16s           2026-05-09T10:54:15
/opt/airflow/dags/news_pipeline_dag.py                                1           0  0.14s           2026-05-09T10:53:57
================================================================================
[2026-05-09T10:54:57.234+0000] {manager.py:879} INFO - 
================================================================================
DAG File Processing Stats

File Path                                    PID    Runtime      # DAGs    # Errors  Last Runtime    Last Run
-------------------------------------------  -----  ---------  --------  ----------  --------------  -------------------
/opt/airflow/dags/mediapulse360_pipeline.py                           1           0  0.14s           2026-05-09T10:54:46
/opt/airflow/dags/news_pipeline_dag.py                                1           0  0.18s           2026-05-09T10:54:27
================================================================================
[2026-05-09T10:55:27.609+0000] {manager.py:879} INFO - 
================================================================================
DAG File Processing Stats

File Path                                    PID    Runtime      # DAGs    # Errors  Last Runtime    Last Run
-------------------------------------------  -----  ---------  --------  ----------  --------------  -------------------
/opt/airflow/dags/mediapulse360_pipeline.py                           1           0  0.21s           2026-05-09T10:55:16
/opt/airflow/dags/news_pipeline_dag.py                                1           0  0.16s           2026-05-09T10:54:58
================================================================================
[2026-05-09T10:55:57.966+0000] {manager.py:879} INFO - 
================================================================================
DAG File Processing Stats

File Path                                    PID    Runtime      # DAGs    # Errors  Last Runtime    Last Run
-------------------------------------------  -----  ---------  --------  ----------  --------------  -------------------
/opt/airflow/dags/mediapulse360_pipeline.py                           1           0  0.19s           2026-05-09T10:55:47
/opt/airflow/dags/news_pipeline_dag.py                                1           0  0.14s           2026-05-09T10:55:28
================================================================================
[2026-05-09T10:56:28.380+0000] {manager.py:879} INFO - 
================================================================================
DAG File Processing Stats

File Path                                    PID    Runtime      # DAGs    # Errors  Last Runtime    Last Run
-------------------------------------------  -----  ---------  --------  ----------  --------------  -------------------
/opt/airflow/dags/mediapulse360_pipeline.py                           1           0  0.17s           2026-05-09T10:56:17
/opt/airflow/dags/news_pipeline_dag.py                                1           0  0.19s           2026-05-09T10:55:59
================================================================================
[2026-05-09T10:56:58.788+0000] {manager.py:879} INFO - 
================================================================================
DAG File Processing Stats

File Path                                    PID    Runtime      # DAGs    # Errors  Last Runtime    Last Run
-------------------------------------------  -----  ---------  --------  ----------  --------------  -------------------
/opt/airflow/dags/mediapulse360_pipeline.py                           1           0  0.19s           2026-05-09T10:56:47
/opt/airflow/dags/news_pipeline_dag.py                                1           0  0.17s           2026-05-09T10:56:29
================================================================================
[2026-05-09T10:57:21.375+0000] {manager.py:738} INFO - Searching for files in /opt/airflow/dags
[2026-05-09T10:57:21.436+0000] {manager.py:741} INFO - There are 2 files in /opt/airflow/dags
[2026-05-09T10:57:29.177+0000] {manager.py:879} INFO - 
================================================================================
DAG File Processing Stats

File Path                                    PID    Runtime      # DAGs    # Errors  Last Runtime    Last Run
-------------------------------------------  -----  ---------  --------  ----------  --------------  -------------------
/opt/airflow/dags/mediapulse360_pipeline.py                           1           0  0.19s           2026-05-09T10:57:18
/opt/airflow/dags/news_pipeline_dag.py                                1           0  0.43s           2026-05-09T10:57:00
================================================================================
[2026-05-09T10:57:59.897+0000] {manager.py:879} INFO - 
================================================================================
DAG File Processing Stats

File Path                                    PID    Runtime      # DAGs    # Errors  Last Runtime    Last Run
-------------------------------------------  -----  ---------  --------  ----------  --------------  -------------------
/opt/airflow/dags/mediapulse360_pipeline.py                           1           0  0.15s           2026-05-09T10:57:48
/opt/airflow/dags/news_pipeline_dag.py                                1           0  0.18s           2026-05-09T10:57:30
================================================================================
[2026-05-09T10:58:30.380+0000] {manager.py:879} INFO - 
================================================================================
DAG File Processing Stats

File Path                                    PID    Runtime      # DAGs    # Errors  Last Runtime    Last Run
-------------------------------------------  -----  ---------  --------  ----------  --------------  -------------------
/opt/airflow/dags/mediapulse360_pipeline.py                           1           0  0.25s           2026-05-09T10:58:19
/opt/airflow/dags/news_pipeline_dag.py                                1           0  0.21s           2026-05-09T10:58:01
================================================================================
[2026-05-09T10:59:00.721+0000] {manager.py:879} INFO - 
================================================================================
DAG File Processing Stats

File Path                                    PID    Runtime      # DAGs    # Errors  Last Runtime    Last Run
-------------------------------------------  -----  ---------  --------  ----------  --------------  -------------------
/opt/airflow/dags/mediapulse360_pipeline.py                           1           0  0.13s           2026-05-09T10:58:49
/opt/airflow/dags/news_pipeline_dag.py                                1           0  0.15s           2026-05-09T10:58:31
================================================================================
[2026-05-09T10:59:31.113+0000] {manager.py:879} INFO - 
================================================================================
DAG File Processing Stats

File Path                                    PID    Runtime      # DAGs    # Errors  Last Runtime    Last Run
-------------------------------------------  -----  ---------  --------  ----------  --------------  -------------------
/opt/airflow/dags/mediapulse360_pipeline.py                           1           0  0.15s           2026-05-09T10:59:20
/opt/airflow/dags/news_pipeline_dag.py                                1           0  0.15s           2026-05-09T10:59:01
================================================================================
[2026-05-09T11:00:01.509+0000] {manager.py:879} INFO - 
================================================================================
DAG File Processing Stats

File Path                                    PID    Runtime      # DAGs    # Errors  Last Runtime    Last Run
-------------------------------------------  -----  ---------  --------  ----------  --------------  -------------------
/opt/airflow/dags/mediapulse360_pipeline.py                           1           0  0.21s           2026-05-09T10:59:50
/opt/airflow/dags/news_pipeline_dag.py                                1           0  0.14s           2026-05-09T10:59:32
================================================================================
[2026-05-09T11:00:31.893+0000] {manager.py:879} INFO - 
================================================================================
DAG File Processing Stats

File Path                                    PID    Runtime      # DAGs    # Errors  Last Runtime    Last Run
-------------------------------------------  -----  ---------  --------  ----------  --------------  -------------------
/opt/airflow/dags/mediapulse360_pipeline.py                           1           0  0.71s           2026-05-09T11:00:21
/opt/airflow/dags/news_pipeline_dag.py                                1           0  0.28s           2026-05-09T11:00:02
================================================================================
[2026-05-09T11:01:02.692+0000] {manager.py:879} INFO - 
================================================================================
DAG File Processing Stats

File Path                                    PID    Runtime      # DAGs    # Errors  Last Runtime    Last Run
-------------------------------------------  -----  ---------  --------  ----------  --------------  -------------------
/opt/airflow/dags/mediapulse360_pipeline.py                           1           0  0.17s           2026-05-09T11:00:52
/opt/airflow/dags/news_pipeline_dag.py                                1           0  0.56s           2026-05-09T11:00:33
================================================================================
[2026-05-09T11:01:33.028+0000] {manager.py:879} INFO - 
================================================================================
DAG File Processing Stats

File Path                                    PID    Runtime      # DAGs    # Errors  Last Runtime    Last Run
-------------------------------------------  -----  ---------  --------  ----------  --------------  -------------------
/opt/airflow/dags/mediapulse360_pipeline.py                           1           0  0.18s           2026-05-09T11:01:23
/opt/airflow/dags/news_pipeline_dag.py                                1           0  0.22s           2026-05-09T11:01:03
================================================================================
[2026-05-09T11:02:03.457+0000] {manager.py:879} INFO - 
================================================================================
DAG File Processing Stats

File Path                                    PID    Runtime      # DAGs    # Errors  Last Runtime    Last Run
-------------------------------------------  -----  ---------  --------  ----------  --------------  -------------------
/opt/airflow/dags/mediapulse360_pipeline.py                           1           0  0.15s           2026-05-09T11:01:53
/opt/airflow/dags/news_pipeline_dag.py                                1           0  0.21s           2026-05-09T11:01:34
================================================================================
[2026-05-09T11:02:21.692+0000] {manager.py:738} INFO - Searching for files in /opt/airflow/dags
[2026-05-09T11:02:21.760+0000] {manager.py:741} INFO - There are 2 files in /opt/airflow/dags
[2026-05-09T11:02:33.907+0000] {manager.py:879} INFO - 
================================================================================
DAG File Processing Stats

File Path                                    PID    Runtime      # DAGs    # Errors  Last Runtime    Last Run
-------------------------------------------  -----  ---------  --------  ----------  --------------  -------------------
/opt/airflow/dags/mediapulse360_pipeline.py                           1           0  0.17s           2026-05-09T11:02:23
/opt/airflow/dags/news_pipeline_dag.py                                1           0  0.19s           2026-05-09T11:02:04
================================================================================
[2026-05-09T11:03:04.317+0000] {manager.py:879} INFO - 
================================================================================
DAG File Processing Stats

File Path                                    PID    Runtime      # DAGs    # Errors  Last Runtime    Last Run
-------------------------------------------  -----  ---------  --------  ----------  --------------  -------------------
/opt/airflow/dags/mediapulse360_pipeline.py                           1           0  0.14s           2026-05-09T11:02:54
/opt/airflow/dags/news_pipeline_dag.py                                1           0  0.21s           2026-05-09T11:02:35
================================================================================
[2026-05-09T11:03:34.789+0000] {manager.py:879} INFO - 
================================================================================
DAG File Processing Stats

File Path                                    PID    Runtime      # DAGs    # Errors  Last Runtime    Last Run
-------------------------------------------  -----  ---------  --------  ----------  --------------  -------------------
/opt/airflow/dags/mediapulse360_pipeline.py                           1           0  0.25s           2026-05-09T11:03:24
/opt/airflow/dags/news_pipeline_dag.py                                1           0  0.18s           2026-05-09T11:03:05
================================================================================
[2026-05-09T11:04:05.198+0000] {manager.py:879} INFO - 
================================================================================
DAG File Processing Stats

File Path                                    PID    Runtime      # DAGs    # Errors  Last Runtime    Last Run
-------------------------------------------  -----  ---------  --------  ----------  --------------  -------------------
/opt/airflow/dags/mediapulse360_pipeline.py                           1           0  0.14s           2026-05-09T11:03:55
/opt/airflow/dags/news_pipeline_dag.py                                1           0  0.17s           2026-05-09T11:03:35
================================================================================
[2026-05-09T11:04:35.579+0000] {manager.py:879} INFO - 
================================================================================
DAG File Processing Stats

File Path                                    PID    Runtime      # DAGs    # Errors  Last Runtime    Last Run
-------------------------------------------  -----  ---------  --------  ----------  --------------  -------------------
/opt/airflow/dags/mediapulse360_pipeline.py                           1           0  0.13s           2026-05-09T11:04:25
/opt/airflow/dags/news_pipeline_dag.py                                1           0  0.13s           2026-05-09T11:04:06
================================================================================
[2026-05-09T11:05:05.992+0000] {manager.py:879} INFO - 
================================================================================
DAG File Processing Stats

File Path                                    PID    Runtime      # DAGs    # Errors  Last Runtime    Last Run
-------------------------------------------  -----  ---------  --------  ----------  --------------  -------------------
/opt/airflow/dags/mediapulse360_pipeline.py                           1           0  0.13s           2026-05-09T11:04:56
/opt/airflow/dags/news_pipeline_dag.py                                1           0  0.14s           2026-05-09T11:04:36
================================================================================
[2026-05-09T11:05:36.370+0000] {manager.py:879} INFO - 
================================================================================
DAG File Processing Stats

File Path                                    PID    Runtime      # DAGs    # Errors  Last Runtime    Last Run
-------------------------------------------  -----  ---------  --------  ----------  --------------  -------------------
/opt/airflow/dags/mediapulse360_pipeline.py                           1           0  0.16s           2026-05-09T11:05:26
/opt/airflow/dags/news_pipeline_dag.py                                1           0  0.28s           2026-05-09T11:05:07
================================================================================
[2026-05-09T11:06:06.855+0000] {manager.py:879} INFO - 
================================================================================
DAG File Processing Stats

File Path                                    PID    Runtime      # DAGs    # Errors  Last Runtime    Last Run
-------------------------------------------  -----  ---------  --------  ----------  --------------  -------------------
/opt/airflow/dags/mediapulse360_pipeline.py                           1           0  0.39s           2026-05-09T11:05:57
/opt/airflow/dags/news_pipeline_dag.py                                1           0  0.19s           2026-05-09T11:05:37
================================================================================
[2026-05-09T11:33:35.081+0000] {manager.py:483} INFO - Processing files using up to 2 processes at a time 
[2026-05-09T11:33:35.085+0000] {manager.py:484} INFO - Process each file at most once every 30 seconds
[2026-05-09T11:33:35.087+0000] {manager.py:485} INFO - Checking for new files in /opt/airflow/dags every 300 seconds
[2026-05-09T11:33:35.092+0000] {manager.py:821} INFO - Searching for files in /opt/airflow/dags
[2026-05-09T11:33:35.163+0000] {manager.py:824} INFO - There are 2 files in /opt/airflow/dags
[2026-05-09T11:33:35.787+0000] {manager.py:997} INFO - 
================================================================================
DAG File Processing Stats

File Path                                      PID  Runtime      # DAGs    # Errors  Last Runtime    Last Run      Last # of DB Queries
-------------------------------------------  -----  ---------  --------  ----------  --------------  ----------  ----------------------
/opt/airflow/dags/mediapulse360_pipeline.py    163  0.33s             0           0                                                   0
/opt/airflow/dags/news_pipeline_dag.py         166  0.22s             0           0                                                   0
================================================================================
[2026-05-09T11:34:05.818+0000] {manager.py:997} INFO - 
================================================================================
DAG File Processing Stats

File Path                                    PID    Runtime      # DAGs    # Errors  Last Runtime    Last Run               Last # of DB Queries
-------------------------------------------  -----  ---------  --------  ----------  --------------  -------------------  ----------------------
/opt/airflow/dags/mediapulse360_pipeline.py                           1           0  0.97s           2026-05-09T11:33:36                      11
/opt/airflow/dags/news_pipeline_dag.py                                1           0  0.84s           2026-05-09T11:33:36                      11
================================================================================
[2026-05-09T11:34:36.205+0000] {manager.py:997} INFO - 
================================================================================
DAG File Processing Stats

File Path                                    PID    Runtime      # DAGs    # Errors  Last Runtime    Last Run               Last # of DB Queries
-------------------------------------------  -----  ---------  --------  ----------  --------------  -------------------  ----------------------
/opt/airflow/dags/mediapulse360_pipeline.py                           1           0  5.26s           2026-05-09T11:34:12                      34
/opt/airflow/dags/news_pipeline_dag.py                                1           0  5.08s           2026-05-09T11:34:12                      34
================================================================================
[2026-05-09T11:35:06.528+0000] {manager.py:997} INFO - 
================================================================================
DAG File Processing Stats

File Path                                    PID    Runtime      # DAGs    # Errors  Last Runtime    Last Run               Last # of DB Queries
-------------------------------------------  -----  ---------  --------  ----------  --------------  -------------------  ----------------------
/opt/airflow/dags/mediapulse360_pipeline.py                           1           0  0.25s           2026-05-09T11:34:42                      12
/opt/airflow/dags/news_pipeline_dag.py                                1           0  0.22s           2026-05-09T11:34:42                      12
================================================================================
[2026-05-09T11:35:37.019+0000] {manager.py:997} INFO - 
================================================================================
DAG File Processing Stats

File Path                                    PID    Runtime      # DAGs    # Errors  Last Runtime    Last Run               Last # of DB Queries
-------------------------------------------  -----  ---------  --------  ----------  --------------  -------------------  ----------------------
/opt/airflow/dags/news_pipeline_dag.py                                1           0  11.65s          2026-05-09T11:35:24                      12
/opt/airflow/dags/mediapulse360_pipeline.py                           1           0  11.58s          2026-05-09T11:35:24                      12
================================================================================
[2026-05-09T11:36:07.848+0000] {manager.py:997} INFO - 
================================================================================
DAG File Processing Stats

File Path                                    PID    Runtime      # DAGs    # Errors  Last Runtime    Last Run               Last # of DB Queries
-------------------------------------------  -----  ---------  --------  ----------  --------------  -------------------  ----------------------
/opt/airflow/dags/news_pipeline_dag.py                                1           0  0.20s           2026-05-09T11:35:55                      12
/opt/airflow/dags/mediapulse360_pipeline.py                           1           0  0.19s           2026-05-09T11:35:55                      12
================================================================================
[2026-05-09T11:36:39.122+0000] {manager.py:997} INFO - 
================================================================================
DAG File Processing Stats

File Path                                      PID  Runtime      # DAGs    # Errors  Last Runtime    Last Run               Last # of DB Queries
-------------------------------------------  -----  ---------  --------  ----------  --------------  -------------------  ----------------------
/opt/airflow/dags/news_pipeline_dag.py         513  12.89s            1           0  0.20s           2026-05-09T11:35:55                      12
/opt/airflow/dags/mediapulse360_pipeline.py    510  13.15s            1           0  0.19s           2026-05-09T11:35:55                      12
================================================================================
[2026-05-09T11:37:09.943+0000] {manager.py:997} INFO - 
================================================================================
DAG File Processing Stats

File Path                                      PID  Runtime      # DAGs    # Errors  Last Runtime    Last Run               Last # of DB Queries
-------------------------------------------  -----  ---------  --------  ----------  --------------  -------------------  ----------------------
/opt/airflow/dags/mediapulse360_pipeline.py    520  0.05s             1           0  13.46s          2026-05-09T11:36:39                      12
/opt/airflow/dags/news_pipeline_dag.py         523  0.01s             1           0  13.32s          2026-05-09T11:36:39                      12
================================================================================
[2026-05-09T11:37:40.295+0000] {manager.py:997} INFO - 
================================================================================
DAG File Processing Stats

File Path                                    PID    Runtime      # DAGs    # Errors  Last Runtime    Last Run               Last # of DB Queries
-------------------------------------------  -----  ---------  --------  ----------  --------------  -------------------  ----------------------
/opt/airflow/dags/mediapulse360_pipeline.py                           1           0  0.40s           2026-05-09T11:37:10                      12
/opt/airflow/dags/news_pipeline_dag.py                                1           0  0.37s           2026-05-09T11:37:10                      12
================================================================================
[2026-05-09T11:38:10.764+0000] {manager.py:997} INFO - 
================================================================================
DAG File Processing Stats

File Path                                    PID    Runtime      # DAGs    # Errors  Last Runtime    Last Run               Last # of DB Queries
-------------------------------------------  -----  ---------  --------  ----------  --------------  -------------------  ----------------------
/opt/airflow/dags/news_pipeline_dag.py                                1           0  0.29s           2026-05-09T11:37:40                      12
/opt/airflow/dags/mediapulse360_pipeline.py                           1           0  0.23s           2026-05-09T11:37:40                      12
================================================================================
[2026-05-09T11:38:35.563+0000] {manager.py:821} INFO - Searching for files in /opt/airflow/dags
[2026-05-09T11:38:35.621+0000] {manager.py:824} INFO - There are 2 files in /opt/airflow/dags
[2026-05-09T11:38:41.714+0000] {manager.py:997} INFO - 
================================================================================
DAG File Processing Stats

File Path                                    PID    Runtime      # DAGs    # Errors  Last Runtime    Last Run               Last # of DB Queries
-------------------------------------------  -----  ---------  --------  ----------  --------------  -------------------  ----------------------
/opt/airflow/dags/mediapulse360_pipeline.py                           1           0  1.07s           2026-05-09T11:38:13                      12
/opt/airflow/dags/news_pipeline_dag.py                                1           0  1.02s           2026-05-09T11:38:13                      12
================================================================================
[2026-05-09T11:39:12.466+0000] {manager.py:997} INFO - 
================================================================================
DAG File Processing Stats

File Path                                    PID    Runtime      # DAGs    # Errors  Last Runtime    Last Run               Last # of DB Queries
-------------------------------------------  -----  ---------  --------  ----------  --------------  -------------------  ----------------------
/opt/airflow/dags/mediapulse360_pipeline.py                           1           0  0.21s           2026-05-09T11:38:43                      12
/opt/airflow/dags/news_pipeline_dag.py                                1           0  0.18s           2026-05-09T11:38:43                      12
================================================================================
[2026-05-09T11:39:42.986+0000] {manager.py:997} INFO - 
================================================================================
DAG File Processing Stats

File Path                                    PID    Runtime      # DAGs    # Errors  Last Runtime    Last Run               Last # of DB Queries
-------------------------------------------  -----  ---------  --------  ----------  --------------  -------------------  ----------------------
/opt/airflow/dags/mediapulse360_pipeline.py                           1           0  0.16s           2026-05-09T11:39:13                      12
/opt/airflow/dags/news_pipeline_dag.py                                1           0  0.16s           2026-05-09T11:39:13                      12
================================================================================
[2026-05-09T11:40:13.608+0000] {manager.py:997} INFO - 
================================================================================
DAG File Processing Stats

File Path                                    PID    Runtime      # DAGs    # Errors  Last Runtime    Last Run               Last # of DB Queries
-------------------------------------------  -----  ---------  --------  ----------  --------------  -------------------  ----------------------
/opt/airflow/dags/news_pipeline_dag.py                                1           0  0.22s           2026-05-09T11:39:44                      12
/opt/airflow/dags/mediapulse360_pipeline.py                           1           0  0.19s           2026-05-09T11:39:44                      12
================================================================================
[2026-05-09T11:40:43.952+0000] {manager.py:997} INFO - 
================================================================================
DAG File Processing Stats

File Path                                    PID    Runtime      # DAGs    # Errors  Last Runtime    Last Run               Last # of DB Queries
-------------------------------------------  -----  ---------  --------  ----------  --------------  -------------------  ----------------------
/opt/airflow/dags/mediapulse360_pipeline.py                           1           0  0.21s           2026-05-09T11:40:14                      12
/opt/airflow/dags/news_pipeline_dag.py                                1           0  0.20s           2026-05-09T11:40:14                      12
================================================================================
[2026-05-09T11:41:14.401+0000] {manager.py:997} INFO - 
================================================================================
DAG File Processing Stats

File Path                                    PID    Runtime      # DAGs    # Errors  Last Runtime    Last Run               Last # of DB Queries
-------------------------------------------  -----  ---------  --------  ----------  --------------  -------------------  ----------------------
/opt/airflow/dags/mediapulse360_pipeline.py                           1           0  0.19s           2026-05-09T11:40:45                      12
/opt/airflow/dags/news_pipeline_dag.py                                1           0  0.18s           2026-05-09T11:40:45                      12
================================================================================
[2026-05-09T11:41:44.964+0000] {manager.py:997} INFO - 
================================================================================
DAG File Processing Stats

File Path                                    PID    Runtime      # DAGs    # Errors  Last Runtime    Last Run               Last # of DB Queries
-------------------------------------------  -----  ---------  --------  ----------  --------------  -------------------  ----------------------
/opt/airflow/dags/news_pipeline_dag.py                                1           0  0.17s           2026-05-09T11:41:15                      12
/opt/airflow/dags/mediapulse360_pipeline.py                           1           0  0.16s           2026-05-09T11:41:15                      12
================================================================================
[2026-05-09T11:42:15.188+0000] {manager.py:997} INFO - 
================================================================================
DAG File Processing Stats

File Path                                    PID    Runtime      # DAGs    # Errors  Last Runtime    Last Run               Last # of DB Queries
-------------------------------------------  -----  ---------  --------  ----------  --------------  -------------------  ----------------------
/opt/airflow/dags/mediapulse360_pipeline.py                           1           0  0.72s           2026-05-09T11:41:46                      12
/opt/airflow/dags/news_pipeline_dag.py                                1           0  0.59s           2026-05-09T11:41:46                      12
================================================================================
[2026-05-09T11:42:45.644+0000] {manager.py:997} INFO - 
================================================================================
DAG File Processing Stats

File Path                                    PID    Runtime      # DAGs    # Errors  Last Runtime    Last Run               Last # of DB Queries
-------------------------------------------  -----  ---------  --------  ----------  --------------  -------------------  ----------------------
/opt/airflow/dags/mediapulse360_pipeline.py                           1           0  0.17s           2026-05-09T11:42:17                      12
/opt/airflow/dags/news_pipeline_dag.py                                1           0  0.16s           2026-05-09T11:42:17                      12
================================================================================
[2026-05-09T11:43:16.233+0000] {manager.py:997} INFO - 
================================================================================
DAG File Processing Stats

File Path                                    PID    Runtime      # DAGs    # Errors  Last Runtime    Last Run               Last # of DB Queries
-------------------------------------------  -----  ---------  --------  ----------  --------------  -------------------  ----------------------
/opt/airflow/dags/mediapulse360_pipeline.py                           1           0  0.25s           2026-05-09T11:42:47                      12
/opt/airflow/dags/news_pipeline_dag.py                                1           0  0.23s           2026-05-09T11:42:47                      12
================================================================================
[2026-05-09T11:43:35.578+0000] {manager.py:821} INFO - Searching for files in /opt/airflow/dags
[2026-05-09T11:43:35.615+0000] {manager.py:824} INFO - There are 2 files in /opt/airflow/dags
[2026-05-09T11:43:46.548+0000] {manager.py:997} INFO - 
================================================================================
DAG File Processing Stats

File Path                                    PID    Runtime      # DAGs    # Errors  Last Runtime    Last Run               Last # of DB Queries
-------------------------------------------  -----  ---------  --------  ----------  --------------  -------------------  ----------------------
/opt/airflow/dags/mediapulse360_pipeline.py                           1           0  0.17s           2026-05-09T11:43:18                      12
/opt/airflow/dags/news_pipeline_dag.py                                1           0  0.15s           2026-05-09T11:43:18                      12
================================================================================
[2026-05-09T11:44:17.290+0000] {manager.py:997} INFO - 
================================================================================
DAG File Processing Stats

File Path                                    PID    Runtime      # DAGs    # Errors  Last Runtime    Last Run               Last # of DB Queries
-------------------------------------------  -----  ---------  --------  ----------  --------------  -------------------  ----------------------
/opt/airflow/dags/mediapulse360_pipeline.py                           1           0  0.42s           2026-05-09T11:43:49                      12
/opt/airflow/dags/news_pipeline_dag.py                                1           0  0.42s           2026-05-09T11:43:49                      12
================================================================================
[2026-05-09T11:44:47.714+0000] {manager.py:997} INFO - 
================================================================================
DAG File Processing Stats

File Path                                    PID    Runtime      # DAGs    # Errors  Last Runtime    Last Run               Last # of DB Queries
-------------------------------------------  -----  ---------  --------  ----------  --------------  -------------------  ----------------------
/opt/airflow/dags/mediapulse360_pipeline.py                           1           0  0.19s           2026-05-09T11:44:19                      12
/opt/airflow/dags/news_pipeline_dag.py                                1           0  0.18s           2026-05-09T11:44:19                      12
================================================================================
[2026-05-09T11:45:18.105+0000] {manager.py:997} INFO - 
================================================================================
DAG File Processing Stats

File Path                                    PID    Runtime      # DAGs    # Errors  Last Runtime    Last Run               Last # of DB Queries
-------------------------------------------  -----  ---------  --------  ----------  --------------  -------------------  ----------------------
/opt/airflow/dags/mediapulse360_pipeline.py                           1           0  0.16s           2026-05-09T11:44:49                      12
/opt/airflow/dags/news_pipeline_dag.py                                1           0  0.16s           2026-05-09T11:44:49                      12
================================================================================
[2026-05-09T11:45:48.591+0000] {manager.py:997} INFO - 
================================================================================
DAG File Processing Stats

File Path                                    PID    Runtime      # DAGs    # Errors  Last Runtime    Last Run               Last # of DB Queries
-------------------------------------------  -----  ---------  --------  ----------  --------------  -------------------  ----------------------
/opt/airflow/dags/mediapulse360_pipeline.py                           1           0  0.17s           2026-05-09T11:45:20                      12
/opt/airflow/dags/news_pipeline_dag.py                                1           0  0.17s           2026-05-09T11:45:20                      12
================================================================================
[2026-05-09T11:46:18.943+0000] {manager.py:997} INFO - 
================================================================================
DAG File Processing Stats

File Path                                    PID    Runtime      # DAGs    # Errors  Last Runtime    Last Run               Last # of DB Queries
-------------------------------------------  -----  ---------  --------  ----------  --------------  -------------------  ----------------------
/opt/airflow/dags/mediapulse360_pipeline.py                           1           0  0.18s           2026-05-09T11:45:50                      12
/opt/airflow/dags/news_pipeline_dag.py                                1           0  0.17s           2026-05-09T11:45:50                      12
================================================================================
[2026-05-09T11:46:49.476+0000] {manager.py:997} INFO - 
================================================================================
DAG File Processing Stats

File Path                                    PID    Runtime      # DAGs    # Errors  Last Runtime    Last Run               Last # of DB Queries
-------------------------------------------  -----  ---------  --------  ----------  --------------  -------------------  ----------------------
/opt/airflow/dags/news_pipeline_dag.py                                1           0  0.17s           2026-05-09T11:46:21                      12
/opt/airflow/dags/mediapulse360_pipeline.py                           1           0  0.16s           2026-05-09T11:46:21                      12
================================================================================
[2026-05-09T11:47:19.800+0000] {manager.py:997} INFO - 
================================================================================
DAG File Processing Stats

File Path                                    PID    Runtime      # DAGs    # Errors  Last Runtime    Last Run               Last # of DB Queries
-------------------------------------------  -----  ---------  --------  ----------  --------------  -------------------  ----------------------
/opt/airflow/dags/mediapulse360_pipeline.py                           1           0  0.13s           2026-05-09T11:46:51                      12
/opt/airflow/dags/news_pipeline_dag.py                                1           0  0.13s           2026-05-09T11:46:51                      12
================================================================================
[2026-05-09T11:47:50.266+0000] {manager.py:997} INFO - 
================================================================================
DAG File Processing Stats

File Path                                    PID    Runtime      # DAGs    # Errors  Last Runtime    Last Run               Last # of DB Queries
-------------------------------------------  -----  ---------  --------  ----------  --------------  -------------------  ----------------------
/opt/airflow/dags/mediapulse360_pipeline.py                           1           0  0.15s           2026-05-09T11:47:21                      12
/opt/airflow/dags/news_pipeline_dag.py                                1           0  0.14s           2026-05-09T11:47:21                      12
================================================================================
[2026-05-09T11:48:20.740+0000] {manager.py:997} INFO - 
================================================================================
DAG File Processing Stats

File Path                                    PID    Runtime      # DAGs    # Errors  Last Runtime    Last Run               Last # of DB Queries
-------------------------------------------  -----  ---------  --------  ----------  --------------  -------------------  ----------------------
/opt/airflow/dags/mediapulse360_pipeline.py                           1           0  0.13s           2026-05-09T11:47:52                      12
/opt/airflow/dags/news_pipeline_dag.py                                1           0  0.13s           2026-05-09T11:47:52                      12
================================================================================
[2026-05-09T11:48:35.929+0000] {manager.py:821} INFO - Searching for files in /opt/airflow/dags
[2026-05-09T11:48:35.998+0000] {manager.py:824} INFO - There are 2 files in /opt/airflow/dags
[2026-05-09T11:48:51.143+0000] {manager.py:997} INFO - 
================================================================================
DAG File Processing Stats

File Path                                    PID    Runtime      # DAGs    # Errors  Last Runtime    Last Run               Last # of DB Queries
-------------------------------------------  -----  ---------  --------  ----------  --------------  -------------------  ----------------------
/opt/airflow/dags/mediapulse360_pipeline.py                           1           0  0.16s           2026-05-09T11:48:22                      12
/opt/airflow/dags/news_pipeline_dag.py                                1           0  0.15s           2026-05-09T11:48:22                      12
================================================================================
[2026-05-09T11:49:21.679+0000] {manager.py:997} INFO - 
================================================================================
DAG File Processing Stats

File Path                                    PID    Runtime      # DAGs    # Errors  Last Runtime    Last Run               Last # of DB Queries
-------------------------------------------  -----  ---------  --------  ----------  --------------  -------------------  ----------------------
/opt/airflow/dags/news_pipeline_dag.py                                1           0  0.26s           2026-05-09T11:48:53                      12
/opt/airflow/dags/mediapulse360_pipeline.py                           1           0  0.24s           2026-05-09T11:48:53                      12
================================================================================
[2026-05-09T11:49:52.162+0000] {manager.py:997} INFO - 
================================================================================
DAG File Processing Stats

File Path                                    PID    Runtime      # DAGs    # Errors  Last Runtime    Last Run               Last # of DB Queries
-------------------------------------------  -----  ---------  --------  ----------  --------------  -------------------  ----------------------
/opt/airflow/dags/news_pipeline_dag.py                                1           0  0.17s           2026-05-09T11:49:23                      12
/opt/airflow/dags/mediapulse360_pipeline.py                           1           0  0.17s           2026-05-09T11:49:23                      12
================================================================================
[2026-05-09T11:50:22.534+0000] {manager.py:997} INFO - 
================================================================================
DAG File Processing Stats

File Path                                    PID    Runtime      # DAGs    # Errors  Last Runtime    Last Run               Last # of DB Queries
-------------------------------------------  -----  ---------  --------  ----------  --------------  -------------------  ----------------------
/opt/airflow/dags/mediapulse360_pipeline.py                           1           0  0.15s           2026-05-09T11:49:54                      12
/opt/airflow/dags/news_pipeline_dag.py                                1           0  0.14s           2026-05-09T11:49:54                      12
================================================================================
[2026-05-09T11:50:53.864+0000] {manager.py:997} INFO - 
================================================================================
DAG File Processing Stats

File Path                                    PID    Runtime      # DAGs    # Errors  Last Runtime    Last Run               Last # of DB Queries
-------------------------------------------  -----  ---------  --------  ----------  --------------  -------------------  ----------------------
/opt/airflow/dags/mediapulse360_pipeline.py                           1           0  0.23s           2026-05-09T11:50:24                      12
/opt/airflow/dags/news_pipeline_dag.py                                1           0  0.22s           2026-05-09T11:50:24                      12
================================================================================
[2026-05-09T11:51:24.318+0000] {manager.py:997} INFO - 
================================================================================
DAG File Processing Stats

File Path                                    PID    Runtime      # DAGs    # Errors  Last Runtime    Last Run               Last # of DB Queries
-------------------------------------------  -----  ---------  --------  ----------  --------------  -------------------  ----------------------
/opt/airflow/dags/mediapulse360_pipeline.py                           1           0  0.18s           2026-05-09T11:50:55                      12
/opt/airflow/dags/news_pipeline_dag.py                                1           0  0.17s           2026-05-09T11:50:55                      12
================================================================================
[2026-05-09T11:51:54.636+0000] {manager.py:997} INFO - 
================================================================================
DAG File Processing Stats

File Path                                    PID    Runtime      # DAGs    # Errors  Last Runtime    Last Run               Last # of DB Queries
-------------------------------------------  -----  ---------  --------  ----------  --------------  -------------------  ----------------------
/opt/airflow/dags/mediapulse360_pipeline.py                           1           0  0.14s           2026-05-09T11:51:25                      12
/opt/airflow/dags/news_pipeline_dag.py                                1           0  0.13s           2026-05-09T11:51:25                      12
================================================================================
[2026-05-09T13:23:21.928+0000] {manager.py:821} INFO - Searching for files in /opt/airflow/dags
[2026-05-09T13:38:55.293+0000] {manager.py:824} INFO - There are 2 files in /opt/airflow/dags
[2026-05-09T13:38:56.138+0000] {manager.py:821} INFO - Searching for files in /opt/airflow/dags
[2026-05-09T13:38:56.911+0000] {manager.py:824} INFO - There are 2 files in /opt/airflow/dags
[2026-05-09T13:39:08.853+0000] {manager.py:997} INFO - 
================================================================================
DAG File Processing Stats

File Path                                    PID    Runtime      # DAGs    # Errors  Last Runtime    Last Run               Last # of DB Queries
-------------------------------------------  -----  ---------  --------  ----------  --------------  -------------------  ----------------------
/opt/airflow/dags/mediapulse360_pipeline.py                           1           0  7.78s           2026-05-09T13:39:03                      12
/opt/airflow/dags/news_pipeline_dag.py                                1           0  1.52s           2026-05-09T13:38:57                      12
================================================================================
[2026-05-09T13:39:39.042+0000] {manager.py:997} INFO - 
================================================================================
DAG File Processing Stats

File Path                                    PID    Runtime      # DAGs    # Errors  Last Runtime    Last Run               Last # of DB Queries
-------------------------------------------  -----  ---------  --------  ----------  --------------  -------------------  ----------------------
/opt/airflow/dags/news_pipeline_dag.py                                1           0  2.64s           2026-05-09T13:39:31                      12
/opt/airflow/dags/mediapulse360_pipeline.py                           1           0  0.53s           2026-05-09T13:39:34                      12
================================================================================
[2026-05-09T13:50:06.168+0000] {manager.py:483} INFO - Processing files using up to 2 processes at a time 
[2026-05-09T13:50:06.331+0000] {manager.py:484} INFO - Process each file at most once every 30 seconds
[2026-05-09T13:50:06.363+0000] {manager.py:485} INFO - Checking for new files in /opt/airflow/dags every 300 seconds
[2026-05-09T13:50:06.365+0000] {manager.py:821} INFO - Searching for files in /opt/airflow/dags
[2026-05-09T13:50:08.010+0000] {manager.py:824} INFO - There are 2 files in /opt/airflow/dags
[2026-05-09T13:50:10.407+0000] {manager.py:465} INFO - Exiting gracefully upon receiving signal 15
[2026-05-09T13:50:10.474+0000] {manager.py:465} INFO - Exiting gracefully upon receiving signal 15
[2026-05-09T13:50:10.474+0000] {manager.py:465} INFO - Exiting gracefully upon receiving signal 15
[2026-05-09T13:50:12.742+0000] {manager.py:465} INFO - Exiting gracefully upon receiving signal 15
[2026-05-09T13:50:16.176+0000] {manager.py:483} INFO - Processing files using up to 2 processes at a time 
[2026-05-09T13:50:16.180+0000] {manager.py:484} INFO - Process each file at most once every 30 seconds
[2026-05-09T13:50:16.188+0000] {manager.py:485} INFO - Checking for new files in /opt/airflow/dags every 300 seconds
[2026-05-09T13:50:16.190+0000] {manager.py:821} INFO - Searching for files in /opt/airflow/dags
[2026-05-09T13:50:16.366+0000] {manager.py:824} INFO - There are 2 files in /opt/airflow/dags
[2026-05-09T13:50:16.589+0000] {manager.py:997} INFO - 
================================================================================
DAG File Processing Stats

File Path                                      PID  Runtime      # DAGs    # Errors  Last Runtime    Last Run      Last # of DB Queries
-------------------------------------------  -----  ---------  --------  ----------  --------------  ----------  ----------------------
/opt/airflow/dags/mediapulse360_pipeline.py    182  0.15s             0           0                                                   0
/opt/airflow/dags/news_pipeline_dag.py         185  0.08s             0           0                                                   0
================================================================================
[2026-05-09T13:50:48.045+0000] {manager.py:997} INFO - 
================================================================================
DAG File Processing Stats

File Path                                      PID  Runtime      # DAGs    # Errors  Last Runtime    Last Run               Last # of DB Queries
-------------------------------------------  -----  ---------  --------  ----------  --------------  -------------------  ----------------------
/opt/airflow/dags/news_pipeline_dag.py         273  0.53s             1           0  0.59s           2026-05-09T13:50:17                      12
/opt/airflow/dags/mediapulse360_pipeline.py    270  0.81s             1           0  0.50s           2026-05-09T13:50:16                      12
================================================================================
[2026-05-09T13:51:30.576+0000] {manager.py:997} INFO - 
================================================================================
DAG File Processing Stats

File Path                                      PID  Runtime      # DAGs    # Errors  Last Runtime    Last Run               Last # of DB Queries
-------------------------------------------  -----  ---------  --------  ----------  --------------  -------------------  ----------------------
/opt/airflow/dags/mediapulse360_pipeline.py    282  10.84s            1           0  1.61s           2026-05-09T13:50:48                      12
/opt/airflow/dags/news_pipeline_dag.py         285  0.31s             1           0  1.35s           2026-05-09T13:50:48                      12
================================================================================
[2026-05-09T13:52:00.831+0000] {manager.py:997} INFO - 
================================================================================
DAG File Processing Stats

File Path                                    PID    Runtime      # DAGs    # Errors  Last Runtime    Last Run               Last # of DB Queries
-------------------------------------------  -----  ---------  --------  ----------  --------------  -------------------  ----------------------
/opt/airflow/dags/mediapulse360_pipeline.py                           1           0  14.06s          2026-05-09T13:51:33                      12
/opt/airflow/dags/news_pipeline_dag.py                                1           0  3.70s           2026-05-09T13:51:33                      12
================================================================================
[2026-05-09T13:52:30.989+0000] {manager.py:997} INFO - 
================================================================================
DAG File Processing Stats

File Path                                    PID    Runtime      # DAGs    # Errors  Last Runtime    Last Run               Last # of DB Queries
-------------------------------------------  -----  ---------  --------  ----------  --------------  -------------------  ----------------------
/opt/airflow/dags/mediapulse360_pipeline.py                           1           0  1.91s           2026-05-09T13:52:05                      12
/opt/airflow/dags/news_pipeline_dag.py                                1           0  0.96s           2026-05-09T13:52:05                      12
================================================================================
[2026-05-09T13:53:02.052+0000] {manager.py:997} INFO - 
================================================================================
DAG File Processing Stats

File Path                                    PID    Runtime      # DAGs    # Errors  Last Runtime    Last Run               Last # of DB Queries
-------------------------------------------  -----  ---------  --------  ----------  --------------  -------------------  ----------------------
/opt/airflow/dags/mediapulse360_pipeline.py                           1           0  15.89s          2026-05-09T13:52:56                      12
/opt/airflow/dags/news_pipeline_dag.py                                1           0  14.35s          2026-05-09T13:52:56                      12
================================================================================
[2026-05-09T13:53:32.239+0000] {manager.py:997} INFO - 
================================================================================
DAG File Processing Stats

File Path                                    PID    Runtime      # DAGs    # Errors  Last Runtime    Last Run               Last # of DB Queries
-------------------------------------------  -----  ---------  --------  ----------  --------------  -------------------  ----------------------
/opt/airflow/dags/news_pipeline_dag.py                                1           0  0.25s           2026-05-09T13:53:27                      12
/opt/airflow/dags/mediapulse360_pipeline.py                           1           0  0.21s           2026-05-09T13:53:27                      12
================================================================================
[2026-05-09T13:54:02.435+0000] {manager.py:997} INFO - 
================================================================================
DAG File Processing Stats

File Path                                    PID    Runtime      # DAGs    # Errors  Last Runtime    Last Run               Last # of DB Queries
-------------------------------------------  -----  ---------  --------  ----------  --------------  -------------------  ----------------------
/opt/airflow/dags/mediapulse360_pipeline.py                           1           0  0.69s           2026-05-09T13:53:58                      12
/opt/airflow/dags/news_pipeline_dag.py                                1           0  0.61s           2026-05-09T13:53:58                      12
================================================================================
[2026-05-09T13:54:32.673+0000] {manager.py:997} INFO - 
================================================================================
DAG File Processing Stats

File Path                                      PID  Runtime      # DAGs    # Errors  Last Runtime    Last Run               Last # of DB Queries
-------------------------------------------  -----  ---------  --------  ----------  --------------  -------------------  ----------------------
/opt/airflow/dags/mediapulse360_pipeline.py    452  2.16s             1           0  0.69s           2026-05-09T13:53:58                      12
/opt/airflow/dags/news_pipeline_dag.py         455  0.49s             1           0  0.61s           2026-05-09T13:53:58                      12
================================================================================
[2026-05-09T13:55:03.639+0000] {manager.py:997} INFO - 
================================================================================
DAG File Processing Stats

File Path                                    PID    Runtime      # DAGs    # Errors  Last Runtime    Last Run               Last # of DB Queries
-------------------------------------------  -----  ---------  --------  ----------  --------------  -------------------  ----------------------
/opt/airflow/dags/mediapulse360_pipeline.py                           1           0  14.02s          2026-05-09T13:54:44                      12
/opt/airflow/dags/news_pipeline_dag.py                                1           0  12.34s          2026-05-09T13:54:44                      12
================================================================================
[2026-05-09T13:55:16.889+0000] {manager.py:821} INFO - Searching for files in /opt/airflow/dags
[2026-05-09T13:55:16.944+0000] {manager.py:824} INFO - There are 2 files in /opt/airflow/dags
[2026-05-09T13:55:34.141+0000] {manager.py:997} INFO - 
================================================================================
DAG File Processing Stats

File Path                                    PID    Runtime      # DAGs    # Errors  Last Runtime    Last Run               Last # of DB Queries
-------------------------------------------  -----  ---------  --------  ----------  --------------  -------------------  ----------------------
/opt/airflow/dags/mediapulse360_pipeline.py                           1           0  0.12s           2026-05-09T13:55:14                      12
/opt/airflow/dags/news_pipeline_dag.py                                1           0  0.12s           2026-05-09T13:55:14                      12
================================================================================
[2026-05-09T13:56:04.467+0000] {manager.py:997} INFO - 
================================================================================
DAG File Processing Stats

File Path                                    PID    Runtime      # DAGs    # Errors  Last Runtime    Last Run               Last # of DB Queries
-------------------------------------------  -----  ---------  --------  ----------  --------------  -------------------  ----------------------
/opt/airflow/dags/mediapulse360_pipeline.py                           1           0  0.13s           2026-05-09T13:55:45                      12
/opt/airflow/dags/news_pipeline_dag.py                                1           0  0.12s           2026-05-09T13:55:45                      12
================================================================================
[2026-05-09T13:56:34.916+0000] {manager.py:997} INFO - 
================================================================================
DAG File Processing Stats

File Path                                    PID    Runtime      # DAGs    # Errors  Last Runtime    Last Run               Last # of DB Queries
-------------------------------------------  -----  ---------  --------  ----------  --------------  -------------------  ----------------------
/opt/airflow/dags/news_pipeline_dag.py                                1           0  0.22s           2026-05-09T13:56:15                      12
/opt/airflow/dags/mediapulse360_pipeline.py                           1           0  0.15s           2026-05-09T13:56:15                      12
================================================================================
[2026-05-09T13:57:05.187+0000] {manager.py:997} INFO - 
================================================================================
DAG File Processing Stats

File Path                                    PID    Runtime      # DAGs    # Errors  Last Runtime    Last Run               Last # of DB Queries
-------------------------------------------  -----  ---------  --------  ----------  --------------  -------------------  ----------------------
/opt/airflow/dags/mediapulse360_pipeline.py                           1           0  2.45s           2026-05-09T13:56:48                      12
/opt/airflow/dags/news_pipeline_dag.py                                1           0  2.42s           2026-05-09T13:56:48                      12
================================================================================
[2026-05-09T13:57:35.268+0000] {manager.py:997} INFO - 
================================================================================
DAG File Processing Stats

File Path                                    PID    Runtime      # DAGs    # Errors  Last Runtime    Last Run               Last # of DB Queries
-------------------------------------------  -----  ---------  --------  ----------  --------------  -------------------  ----------------------
/opt/airflow/dags/mediapulse360_pipeline.py                           1           0  0.30s           2026-05-09T13:57:19                      12
/opt/airflow/dags/news_pipeline_dag.py                                1           0  0.30s           2026-05-09T13:57:19                      12
================================================================================
[2026-05-09T13:58:06.074+0000] {manager.py:997} INFO - 
================================================================================
DAG File Processing Stats

File Path                                    PID    Runtime      # DAGs    # Errors  Last Runtime    Last Run               Last # of DB Queries
-------------------------------------------  -----  ---------  --------  ----------  --------------  -------------------  ----------------------
/opt/airflow/dags/mediapulse360_pipeline.py                           1           0  10.42s          2026-05-09T13:58:01                      12
/opt/airflow/dags/news_pipeline_dag.py                                1           0  8.57s           2026-05-09T13:57:59                      12
================================================================================
[2026-05-09T13:58:36.510+0000] {manager.py:997} INFO - 
================================================================================
DAG File Processing Stats

File Path                                    PID    Runtime      # DAGs    # Errors  Last Runtime    Last Run               Last # of DB Queries
-------------------------------------------  -----  ---------  --------  ----------  --------------  -------------------  ----------------------
/opt/airflow/dags/news_pipeline_dag.py                                1           0  0.18s           2026-05-09T13:58:30                      12
/opt/airflow/dags/mediapulse360_pipeline.py                           1           0  0.17s           2026-05-09T13:58:31                      12
================================================================================
[2026-05-09T13:59:06.952+0000] {manager.py:997} INFO - 
================================================================================
DAG File Processing Stats

File Path                                    PID    Runtime      # DAGs    # Errors  Last Runtime    Last Run               Last # of DB Queries
-------------------------------------------  -----  ---------  --------  ----------  --------------  -------------------  ----------------------
/opt/airflow/dags/news_pipeline_dag.py                                1           0  0.15s           2026-05-09T13:59:00                      12
/opt/airflow/dags/mediapulse360_pipeline.py                           1           0  0.14s           2026-05-09T13:59:01                      12
================================================================================
[2026-05-09T13:59:37.425+0000] {manager.py:997} INFO - 
================================================================================
DAG File Processing Stats

File Path                                    PID    Runtime      # DAGs    # Errors  Last Runtime    Last Run               Last # of DB Queries
-------------------------------------------  -----  ---------  --------  ----------  --------------  -------------------  ----------------------
/opt/airflow/dags/news_pipeline_dag.py                                1           0  0.17s           2026-05-09T13:59:31                      12
/opt/airflow/dags/mediapulse360_pipeline.py                           1           0  0.15s           2026-05-09T13:59:32                      12
================================================================================
[2026-05-09T14:00:07.819+0000] {manager.py:997} INFO - 
================================================================================
DAG File Processing Stats

File Path                                    PID    Runtime      # DAGs    # Errors  Last Runtime    Last Run               Last # of DB Queries
-------------------------------------------  -----  ---------  --------  ----------  --------------  -------------------  ----------------------
/opt/airflow/dags/news_pipeline_dag.py                                1           0  0.25s           2026-05-09T14:00:01                      12
/opt/airflow/dags/mediapulse360_pipeline.py                           1           0  0.12s           2026-05-09T14:00:02                      12
================================================================================
[2026-05-09T14:00:16.915+0000] {manager.py:821} INFO - Searching for files in /opt/airflow/dags
[2026-05-09T14:00:16.947+0000] {manager.py:824} INFO - There are 2 files in /opt/airflow/dags
[2026-05-09T14:00:44.315+0000] {manager.py:997} INFO - 
================================================================================
DAG File Processing Stats

File Path                                      PID  Runtime      # DAGs    # Errors  Last Runtime    Last Run               Last # of DB Queries
-------------------------------------------  -----  ---------  --------  ----------  --------------  -------------------  ----------------------
/opt/airflow/dags/news_pipeline_dag.py         716  11.72s            1           0  0.25s           2026-05-09T14:00:01                      12
/opt/airflow/dags/mediapulse360_pipeline.py    719  10.46s            1           0  0.12s           2026-05-09T14:00:02                      12
================================================================================
[2026-05-09T14:01:14.375+0000] {manager.py:997} INFO - 
================================================================================
DAG File Processing Stats

File Path                                    PID    Runtime      # DAGs    # Errors  Last Runtime    Last Run               Last # of DB Queries
-------------------------------------------  -----  ---------  --------  ----------  --------------  -------------------  ----------------------
/opt/airflow/dags/news_pipeline_dag.py                                1           0  11.95s          2026-05-09T14:00:44                      12
/opt/airflow/dags/mediapulse360_pipeline.py                           1           0  11.16s          2026-05-09T14:00:45                      12
================================================================================
[2026-05-09T14:01:45.071+0000] {manager.py:997} INFO - 
================================================================================
DAG File Processing Stats

File Path                                    PID    Runtime      # DAGs    # Errors  Last Runtime    Last Run               Last # of DB Queries
-------------------------------------------  -----  ---------  --------  ----------  --------------  -------------------  ----------------------
/opt/airflow/dags/mediapulse360_pipeline.py                           1           0  0.86s           2026-05-09T14:01:15                      12
/opt/airflow/dags/news_pipeline_dag.py                                1           0  0.61s           2026-05-09T14:01:15                      12
================================================================================
[2026-05-09T14:02:15.513+0000] {manager.py:997} INFO - 
================================================================================
DAG File Processing Stats

File Path                                    PID    Runtime      # DAGs    # Errors  Last Runtime    Last Run               Last # of DB Queries
-------------------------------------------  -----  ---------  --------  ----------  --------------  -------------------  ----------------------
/opt/airflow/dags/mediapulse360_pipeline.py                           1           0  0.16s           2026-05-09T14:01:46                      12
/opt/airflow/dags/news_pipeline_dag.py                                1           0  0.15s           2026-05-09T14:01:46                      12
================================================================================
[2026-05-09T14:02:45.884+0000] {manager.py:997} INFO - 
================================================================================
DAG File Processing Stats

File Path                                    PID    Runtime      # DAGs    # Errors  Last Runtime    Last Run               Last # of DB Queries
-------------------------------------------  -----  ---------  --------  ----------  --------------  -------------------  ----------------------
/opt/airflow/dags/mediapulse360_pipeline.py                           1           0  0.15s           2026-05-09T14:02:16                      12
/opt/airflow/dags/news_pipeline_dag.py                                1           0  0.14s           2026-05-09T14:02:16                      12
================================================================================
[2026-05-09T14:03:16.242+0000] {manager.py:997} INFO - 
================================================================================
DAG File Processing Stats

File Path                                    PID    Runtime      # DAGs    # Errors  Last Runtime    Last Run               Last # of DB Queries
-------------------------------------------  -----  ---------  --------  ----------  --------------  -------------------  ----------------------
/opt/airflow/dags/mediapulse360_pipeline.py                           1           0  0.15s           2026-05-09T14:02:47                      12
/opt/airflow/dags/news_pipeline_dag.py                                1           0  0.13s           2026-05-09T14:02:47                      12
================================================================================
[2026-05-09T14:03:46.704+0000] {manager.py:997} INFO - 
================================================================================
DAG File Processing Stats

File Path                                    PID    Runtime      # DAGs    # Errors  Last Runtime    Last Run               Last # of DB Queries
-------------------------------------------  -----  ---------  --------  ----------  --------------  -------------------  ----------------------
/opt/airflow/dags/news_pipeline_dag.py                                1           0  0.13s           2026-05-09T14:03:17                      12
/opt/airflow/dags/mediapulse360_pipeline.py                           1           0  0.13s           2026-05-09T14:03:17                      12
================================================================================
[2026-05-09T14:04:17.014+0000] {manager.py:997} INFO - 
================================================================================
DAG File Processing Stats

File Path                                    PID    Runtime      # DAGs    # Errors  Last Runtime    Last Run               Last # of DB Queries
-------------------------------------------  -----  ---------  --------  ----------  --------------  -------------------  ----------------------
/opt/airflow/dags/mediapulse360_pipeline.py                           1           0  0.14s           2026-05-09T14:03:47                      12
/opt/airflow/dags/news_pipeline_dag.py                                1           0  0.13s           2026-05-09T14:03:47                      12
================================================================================
[2026-05-09T14:04:47.186+0000] {manager.py:997} INFO - 
================================================================================
DAG File Processing Stats

File Path                                    PID    Runtime      # DAGs    # Errors  Last Runtime    Last Run               Last # of DB Queries
-------------------------------------------  -----  ---------  --------  ----------  --------------  -------------------  ----------------------
/opt/airflow/dags/mediapulse360_pipeline.py                           1           0  0.15s           2026-05-09T14:04:18                      12
/opt/airflow/dags/news_pipeline_dag.py                                1           0  0.14s           2026-05-09T14:04:18                      12
================================================================================
[2026-05-09T14:05:17.679+0000] {manager.py:821} INFO - Searching for files in /opt/airflow/dags
[2026-05-09T14:05:17.728+0000] {manager.py:824} INFO - There are 2 files in /opt/airflow/dags
[2026-05-09T14:05:17.738+0000] {manager.py:997} INFO - 
================================================================================
DAG File Processing Stats

File Path                                    PID    Runtime      # DAGs    # Errors  Last Runtime    Last Run               Last # of DB Queries
-------------------------------------------  -----  ---------  --------  ----------  --------------  -------------------  ----------------------
/opt/airflow/dags/mediapulse360_pipeline.py                           1           0  0.21s           2026-05-09T14:04:48                      12
/opt/airflow/dags/news_pipeline_dag.py                                1           0  0.20s           2026-05-09T14:04:48                      12
================================================================================
[2026-05-09T14:05:48.067+0000] {manager.py:997} INFO - 
================================================================================
DAG File Processing Stats

File Path                                    PID    Runtime      # DAGs    # Errors  Last Runtime    Last Run               Last # of DB Queries
-------------------------------------------  -----  ---------  --------  ----------  --------------  -------------------  ----------------------
/opt/airflow/dags/mediapulse360_pipeline.py                           1           0  0.17s           2026-05-09T14:05:18                      12
/opt/airflow/dags/news_pipeline_dag.py                                1           0  0.16s           2026-05-09T14:05:18                      12
================================================================================
[2026-05-09T14:06:18.502+0000] {manager.py:997} INFO - 
================================================================================
DAG File Processing Stats

File Path                                    PID    Runtime      # DAGs    # Errors  Last Runtime    Last Run               Last # of DB Queries
-------------------------------------------  -----  ---------  --------  ----------  --------------  -------------------  ----------------------
/opt/airflow/dags/mediapulse360_pipeline.py                           1           0  0.14s           2026-05-09T14:05:49                      12
/opt/airflow/dags/news_pipeline_dag.py                                1           0  0.13s           2026-05-09T14:05:49                      12
================================================================================
[2026-05-09T14:06:48.915+0000] {manager.py:997} INFO - 
================================================================================
DAG File Processing Stats

File Path                                    PID    Runtime      # DAGs    # Errors  Last Runtime    Last Run               Last # of DB Queries
-------------------------------------------  -----  ---------  --------  ----------  --------------  -------------------  ----------------------
/opt/airflow/dags/mediapulse360_pipeline.py                           1           0  0.15s           2026-05-09T14:06:19                      12
/opt/airflow/dags/news_pipeline_dag.py                                1           0  0.14s           2026-05-09T14:06:19                      12
================================================================================
[2026-05-09T14:07:19.294+0000] {manager.py:997} INFO - 
================================================================================
DAG File Processing Stats

File Path                                    PID    Runtime      # DAGs    # Errors  Last Runtime    Last Run               Last # of DB Queries
-------------------------------------------  -----  ---------  --------  ----------  --------------  -------------------  ----------------------
/opt/airflow/dags/mediapulse360_pipeline.py                           1           0  0.13s           2026-05-09T14:06:50                      12
/opt/airflow/dags/news_pipeline_dag.py                                1           0  0.13s           2026-05-09T14:06:50                      12
================================================================================
[2026-05-09T14:07:49.816+0000] {manager.py:997} INFO - 
================================================================================
DAG File Processing Stats

File Path                                    PID    Runtime      # DAGs    # Errors  Last Runtime    Last Run               Last # of DB Queries
-------------------------------------------  -----  ---------  --------  ----------  --------------  -------------------  ----------------------
/opt/airflow/dags/news_pipeline_dag.py                                1           0  0.16s           2026-05-09T14:07:20                      12
/opt/airflow/dags/mediapulse360_pipeline.py                           1           0  0.15s           2026-05-09T14:07:20                      12
================================================================================
[2026-05-09T14:08:20.231+0000] {manager.py:997} INFO - 
================================================================================
DAG File Processing Stats

File Path                                    PID    Runtime      # DAGs    # Errors  Last Runtime    Last Run               Last # of DB Queries
-------------------------------------------  -----  ---------  --------  ----------  --------------  -------------------  ----------------------
/opt/airflow/dags/mediapulse360_pipeline.py                           1           0  0.15s           2026-05-09T14:07:51                      12
/opt/airflow/dags/news_pipeline_dag.py                                1           0  0.13s           2026-05-09T14:07:51                      12
================================================================================
[2026-05-09T14:08:50.716+0000] {manager.py:997} INFO - 
================================================================================
DAG File Processing Stats

File Path                                    PID    Runtime      # DAGs    # Errors  Last Runtime    Last Run               Last # of DB Queries
-------------------------------------------  -----  ---------  --------  ----------  --------------  -------------------  ----------------------
/opt/airflow/dags/mediapulse360_pipeline.py                           1           0  0.17s           2026-05-09T14:08:21                      12
/opt/airflow/dags/news_pipeline_dag.py                                1           0  0.17s           2026-05-09T14:08:21                      12
================================================================================
[2026-05-09T14:09:21.163+0000] {manager.py:997} INFO - 
================================================================================
DAG File Processing Stats

File Path                                    PID    Runtime      # DAGs    # Errors  Last Runtime    Last Run               Last # of DB Queries
-------------------------------------------  -----  ---------  --------  ----------  --------------  -------------------  ----------------------
/opt/airflow/dags/mediapulse360_pipeline.py                           1           0  0.16s           2026-05-09T14:08:51                      12
/opt/airflow/dags/news_pipeline_dag.py                                1           0  0.15s           2026-05-09T14:08:51                      12
================================================================================
[2026-05-09T14:09:51.618+0000] {manager.py:997} INFO - 
================================================================================
DAG File Processing Stats

File Path                                    PID    Runtime      # DAGs    # Errors  Last Runtime    Last Run               Last # of DB Queries
-------------------------------------------  -----  ---------  --------  ----------  --------------  -------------------  ----------------------
/opt/airflow/dags/news_pipeline_dag.py                                1           0  0.17s           2026-05-09T14:09:22                      12
/opt/airflow/dags/mediapulse360_pipeline.py                           1           0  0.17s           2026-05-09T14:09:22                      12
================================================================================
[2026-05-09T14:10:18.162+0000] {manager.py:821} INFO - Searching for files in /opt/airflow/dags
[2026-05-09T14:10:18.671+0000] {manager.py:824} INFO - There are 2 files in /opt/airflow/dags
[2026-05-09T14:10:21.785+0000] {manager.py:997} INFO - 
================================================================================
DAG File Processing Stats

File Path                                    PID    Runtime      # DAGs    # Errors  Last Runtime    Last Run               Last # of DB Queries
-------------------------------------------  -----  ---------  --------  ----------  --------------  -------------------  ----------------------
/opt/airflow/dags/mediapulse360_pipeline.py                           1           0  0.24s           2026-05-09T14:09:52                      12
/opt/airflow/dags/news_pipeline_dag.py                                1           0  0.22s           2026-05-09T14:09:52                      12
================================================================================
[2026-05-09T14:10:52.127+0000] {manager.py:997} INFO - 
================================================================================
DAG File Processing Stats

File Path                                    PID    Runtime      # DAGs    # Errors  Last Runtime    Last Run               Last # of DB Queries
-------------------------------------------  -----  ---------  --------  ----------  --------------  -------------------  ----------------------
/opt/airflow/dags/news_pipeline_dag.py                                1           0  0.65s           2026-05-09T14:10:24                      12
/opt/airflow/dags/mediapulse360_pipeline.py                           1           0  0.58s           2026-05-09T14:10:24                      12
================================================================================
[2026-05-09T14:11:22.420+0000] {manager.py:997} INFO - 
================================================================================
DAG File Processing Stats

File Path                                    PID    Runtime      # DAGs    # Errors  Last Runtime    Last Run               Last # of DB Queries
-------------------------------------------  -----  ---------  --------  ----------  --------------  -------------------  ----------------------
/opt/airflow/dags/news_pipeline_dag.py                                1           0  0.67s           2026-05-09T14:10:56                      12
/opt/airflow/dags/mediapulse360_pipeline.py                           1           0  0.56s           2026-05-09T14:10:55                      12
================================================================================
[2026-05-09T14:11:53.026+0000] {manager.py:997} INFO - 
================================================================================
DAG File Processing Stats

File Path                                    PID    Runtime      # DAGs    # Errors  Last Runtime    Last Run               Last # of DB Queries
-------------------------------------------  -----  ---------  --------  ----------  --------------  -------------------  ----------------------
/opt/airflow/dags/news_pipeline_dag.py                                1           0  0.22s           2026-05-09T14:11:26                      12
/opt/airflow/dags/mediapulse360_pipeline.py                           1           0  0.20s           2026-05-09T14:11:26                      12
================================================================================
[2026-05-09T14:12:23.622+0000] {manager.py:997} INFO - 
================================================================================
DAG File Processing Stats

File Path                                    PID    Runtime      # DAGs    # Errors  Last Runtime    Last Run               Last # of DB Queries
-------------------------------------------  -----  ---------  --------  ----------  --------------  -------------------  ----------------------
/opt/airflow/dags/mediapulse360_pipeline.py                           1           0  0.21s           2026-05-09T14:11:57                      12
/opt/airflow/dags/news_pipeline_dag.py                                1           0  0.16s           2026-05-09T14:11:57                      12
================================================================================
[2026-05-09T14:12:54.104+0000] {manager.py:997} INFO - 
================================================================================
DAG File Processing Stats

File Path                                    PID    Runtime      # DAGs    # Errors  Last Runtime    Last Run               Last # of DB Queries
-------------------------------------------  -----  ---------  --------  ----------  --------------  -------------------  ----------------------
/opt/airflow/dags/mediapulse360_pipeline.py                           1           0  0.12s           2026-05-09T14:12:27                      12
/opt/airflow/dags/news_pipeline_dag.py                                1           0  0.11s           2026-05-09T14:12:27                      12
================================================================================
[2026-05-09T14:13:24.664+0000] {manager.py:997} INFO - 
================================================================================
DAG File Processing Stats

File Path                                    PID    Runtime      # DAGs    # Errors  Last Runtime    Last Run               Last # of DB Queries
-------------------------------------------  -----  ---------  --------  ----------  --------------  -------------------  ----------------------
/opt/airflow/dags/mediapulse360_pipeline.py                           1           0  0.13s           2026-05-09T14:12:58                      12
/opt/airflow/dags/news_pipeline_dag.py                                1           0  0.12s           2026-05-09T14:12:58                      12
================================================================================
[2026-05-09T14:13:55.021+0000] {manager.py:997} INFO - 
================================================================================
DAG File Processing Stats

File Path                                    PID    Runtime      # DAGs    # Errors  Last Runtime    Last Run               Last # of DB Queries
-------------------------------------------  -----  ---------  --------  ----------  --------------  -------------------  ----------------------
/opt/airflow/dags/mediapulse360_pipeline.py                           1           0  0.15s           2026-05-09T14:13:28                      12
/opt/airflow/dags/news_pipeline_dag.py                                1           0  0.14s           2026-05-09T14:13:28                      12
================================================================================
[2026-05-09T14:14:25.356+0000] {manager.py:997} INFO - 
================================================================================
DAG File Processing Stats

File Path                                    PID    Runtime      # DAGs    # Errors  Last Runtime    Last Run               Last # of DB Queries
-------------------------------------------  -----  ---------  --------  ----------  --------------  -------------------  ----------------------
/opt/airflow/dags/mediapulse360_pipeline.py                           1           0  0.17s           2026-05-09T14:13:59                      12
/opt/airflow/dags/news_pipeline_dag.py                                1           0  0.14s           2026-05-09T14:13:59                      12
================================================================================
[2026-05-09T14:14:55.821+0000] {manager.py:997} INFO - 
================================================================================
DAG File Processing Stats

File Path                                    PID    Runtime      # DAGs    # Errors  Last Runtime    Last Run               Last # of DB Queries
-------------------------------------------  -----  ---------  --------  ----------  --------------  -------------------  ----------------------
/opt/airflow/dags/mediapulse360_pipeline.py                           1           0  0.19s           2026-05-09T14:14:29                      12
/opt/airflow/dags/news_pipeline_dag.py                                1           0  0.18s           2026-05-09T14:14:29                      12
================================================================================
[2026-05-09T14:15:18.200+0000] {manager.py:821} INFO - Searching for files in /opt/airflow/dags
[2026-05-09T14:15:18.262+0000] {manager.py:824} INFO - There are 2 files in /opt/airflow/dags
[2026-05-09T14:15:26.139+0000] {manager.py:997} INFO - 
================================================================================
DAG File Processing Stats

File Path                                    PID    Runtime      # DAGs    # Errors  Last Runtime    Last Run               Last # of DB Queries
-------------------------------------------  -----  ---------  --------  ----------  --------------  -------------------  ----------------------
/opt/airflow/dags/mediapulse360_pipeline.py                           1           0  0.16s           2026-05-09T14:15:00                      12
/opt/airflow/dags/news_pipeline_dag.py                                1           0  0.15s           2026-05-09T14:15:00                      12
================================================================================
[2026-05-09T14:15:56.734+0000] {manager.py:997} INFO - 
================================================================================
DAG File Processing Stats

File Path                                    PID    Runtime      # DAGs    # Errors  Last Runtime    Last Run               Last # of DB Queries
-------------------------------------------  -----  ---------  --------  ----------  --------------  -------------------  ----------------------
/opt/airflow/dags/news_pipeline_dag.py                                1           0  0.16s           2026-05-09T14:15:30                      12
/opt/airflow/dags/mediapulse360_pipeline.py                           1           0  0.16s           2026-05-09T14:15:30                      12
================================================================================
[2026-05-09T14:16:26.976+0000] {manager.py:997} INFO - 
================================================================================
DAG File Processing Stats

File Path                                    PID    Runtime      # DAGs    # Errors  Last Runtime    Last Run               Last # of DB Queries
-------------------------------------------  -----  ---------  --------  ----------  --------------  -------------------  ----------------------
/opt/airflow/dags/news_pipeline_dag.py                                1           0  0.96s           2026-05-09T14:16:02                      12
/opt/airflow/dags/mediapulse360_pipeline.py                           1           0  0.91s           2026-05-09T14:16:01                      12
================================================================================
[2026-05-09T14:16:57.493+0000] {manager.py:997} INFO - 
================================================================================
DAG File Processing Stats

File Path                                    PID    Runtime      # DAGs    # Errors  Last Runtime    Last Run               Last # of DB Queries
-------------------------------------------  -----  ---------  --------  ----------  --------------  -------------------  ----------------------
/opt/airflow/dags/mediapulse360_pipeline.py                           1           0  0.18s           2026-05-09T14:16:32                      12
/opt/airflow/dags/news_pipeline_dag.py                                1           0  0.17s           2026-05-09T14:16:32                      12
================================================================================
[2026-05-09T14:17:27.935+0000] {manager.py:997} INFO - 
================================================================================
DAG File Processing Stats

File Path                                    PID    Runtime      # DAGs    # Errors  Last Runtime    Last Run               Last # of DB Queries
-------------------------------------------  -----  ---------  --------  ----------  --------------  -------------------  ----------------------
/opt/airflow/dags/mediapulse360_pipeline.py                           1           0  0.15s           2026-05-09T14:17:02                      12
/opt/airflow/dags/news_pipeline_dag.py                                1           0  0.13s           2026-05-09T14:17:02                      12
================================================================================
[2026-05-09T14:17:58.268+0000] {manager.py:997} INFO - 
================================================================================
DAG File Processing Stats

File Path                                    PID    Runtime      # DAGs    # Errors  Last Runtime    Last Run               Last # of DB Queries
-------------------------------------------  -----  ---------  --------  ----------  --------------  -------------------  ----------------------
/opt/airflow/dags/mediapulse360_pipeline.py                           1           0  0.13s           2026-05-09T14:17:33                      12
/opt/airflow/dags/news_pipeline_dag.py                                1           0  0.13s           2026-05-09T14:17:33                      12
================================================================================
[2026-05-09T14:18:28.758+0000] {manager.py:997} INFO - 
================================================================================
DAG File Processing Stats

File Path                                    PID    Runtime      # DAGs    # Errors  Last Runtime    Last Run               Last # of DB Queries
-------------------------------------------  -----  ---------  --------  ----------  --------------  -------------------  ----------------------
/opt/airflow/dags/mediapulse360_pipeline.py                           1           0  0.17s           2026-05-09T14:18:03                      12
/opt/airflow/dags/news_pipeline_dag.py                                1           0  0.17s           2026-05-09T14:18:03                      12
================================================================================
[2026-05-09T14:18:59.102+0000] {manager.py:997} INFO - 
================================================================================
DAG File Processing Stats

File Path                                    PID    Runtime      # DAGs    # Errors  Last Runtime    Last Run               Last # of DB Queries
-------------------------------------------  -----  ---------  --------  ----------  --------------  -------------------  ----------------------
/opt/airflow/dags/mediapulse360_pipeline.py                           1           0  0.16s           2026-05-09T14:18:33                      12
/opt/airflow/dags/news_pipeline_dag.py                                1           0  0.15s           2026-05-09T14:18:33                      12
================================================================================
[2026-05-09T14:19:29.569+0000] {manager.py:997} INFO - 
================================================================================
DAG File Processing Stats

File Path                                    PID    Runtime      # DAGs    # Errors  Last Runtime    Last Run               Last # of DB Queries
-------------------------------------------  -----  ---------  --------  ----------  --------------  -------------------  ----------------------
/opt/airflow/dags/news_pipeline_dag.py                                1           0  0.15s           2026-05-09T14:19:04                      12
/opt/airflow/dags/mediapulse360_pipeline.py                           1           0  0.15s           2026-05-09T14:19:04                      12
================================================================================
[2026-05-09T14:20:00.195+0000] {manager.py:997} INFO - 
================================================================================
DAG File Processing Stats

File Path                                    PID    Runtime      # DAGs    # Errors  Last Runtime    Last Run               Last # of DB Queries
-------------------------------------------  -----  ---------  --------  ----------  --------------  -------------------  ----------------------
/opt/airflow/dags/news_pipeline_dag.py                                1           0  0.34s           2026-05-09T14:19:34                      12
/opt/airflow/dags/mediapulse360_pipeline.py                           1           0  0.33s           2026-05-09T14:19:34                      12
================================================================================
[2026-05-09T14:20:18.377+0000] {manager.py:821} INFO - Searching for files in /opt/airflow/dags
[2026-05-09T14:20:18.424+0000] {manager.py:824} INFO - There are 2 files in /opt/airflow/dags
[2026-05-09T14:20:30.532+0000] {manager.py:997} INFO - 
================================================================================
DAG File Processing Stats

File Path                                    PID    Runtime      # DAGs    # Errors  Last Runtime    Last Run               Last # of DB Queries
-------------------------------------------  -----  ---------  --------  ----------  --------------  -------------------  ----------------------
/opt/airflow/dags/mediapulse360_pipeline.py                           1           0  0.16s           2026-05-09T14:20:05                      12
/opt/airflow/dags/news_pipeline_dag.py                                1           0  0.14s           2026-05-09T14:20:05                      12
================================================================================
[2026-05-09T14:21:00.870+0000] {manager.py:997} INFO - 
================================================================================
DAG File Processing Stats

File Path                                    PID    Runtime      # DAGs    # Errors  Last Runtime    Last Run               Last # of DB Queries
-------------------------------------------  -----  ---------  --------  ----------  --------------  -------------------  ----------------------
/opt/airflow/dags/mediapulse360_pipeline.py                           1           0  0.13s           2026-05-09T14:20:35                      12
/opt/airflow/dags/news_pipeline_dag.py                                1           0  0.13s           2026-05-09T14:20:35                      12
================================================================================
[2026-05-09T14:21:31.300+0000] {manager.py:997} INFO - 
================================================================================
DAG File Processing Stats

File Path                                    PID    Runtime      # DAGs    # Errors  Last Runtime    Last Run               Last # of DB Queries
-------------------------------------------  -----  ---------  --------  ----------  --------------  -------------------  ----------------------
/opt/airflow/dags/news_pipeline_dag.py                                1           0  0.13s           2026-05-09T14:21:06                      12
/opt/airflow/dags/mediapulse360_pipeline.py                           1           0  0.12s           2026-05-09T14:21:06                      12
================================================================================
[2026-05-09T14:22:01.583+0000] {manager.py:997} INFO - 
================================================================================
DAG File Processing Stats

File Path                                    PID    Runtime      # DAGs    # Errors  Last Runtime    Last Run               Last # of DB Queries
-------------------------------------------  -----  ---------  --------  ----------  --------------  -------------------  ----------------------
/opt/airflow/dags/mediapulse360_pipeline.py                           1           0  0.15s           2026-05-09T14:21:36                      12
/opt/airflow/dags/news_pipeline_dag.py                                1           0  0.14s           2026-05-09T14:21:36                      12
================================================================================
[2026-05-09T14:22:32.064+0000] {manager.py:997} INFO - 
================================================================================
DAG File Processing Stats

File Path                                    PID    Runtime      # DAGs    # Errors  Last Runtime    Last Run               Last # of DB Queries
-------------------------------------------  -----  ---------  --------  ----------  --------------  -------------------  ----------------------
/opt/airflow/dags/news_pipeline_dag.py                                1           0  0.21s           2026-05-09T14:22:06                      12
/opt/airflow/dags/mediapulse360_pipeline.py                           1           0  0.19s           2026-05-09T14:22:06                      12
================================================================================
[2026-05-09T14:23:02.637+0000] {manager.py:997} INFO - 
================================================================================
DAG File Processing Stats

File Path                                    PID    Runtime      # DAGs    # Errors  Last Runtime    Last Run               Last # of DB Queries
-------------------------------------------  -----  ---------  --------  ----------  --------------  -------------------  ----------------------
/opt/airflow/dags/news_pipeline_dag.py                                1           0  0.43s           2026-05-09T14:22:37                      12
/opt/airflow/dags/mediapulse360_pipeline.py                           1           0  0.28s           2026-05-09T14:22:37                      12
================================================================================
[2026-05-09T14:23:33.034+0000] {manager.py:997} INFO - 
================================================================================
DAG File Processing Stats

File Path                                    PID    Runtime      # DAGs    # Errors  Last Runtime    Last Run               Last # of DB Queries
-------------------------------------------  -----  ---------  --------  ----------  --------------  -------------------  ----------------------
/opt/airflow/dags/mediapulse360_pipeline.py                           1           0  0.14s           2026-05-09T14:23:07                      12
/opt/airflow/dags/news_pipeline_dag.py                                1           0  0.13s           2026-05-09T14:23:07                      12
================================================================================
[2026-05-09T14:24:03.325+0000] {manager.py:997} INFO - 
================================================================================
DAG File Processing Stats

File Path                                    PID    Runtime      # DAGs    # Errors  Last Runtime    Last Run               Last # of DB Queries
-------------------------------------------  -----  ---------  --------  ----------  --------------  -------------------  ----------------------
/opt/airflow/dags/mediapulse360_pipeline.py                           1           0  0.15s           2026-05-09T14:23:38                      12
/opt/airflow/dags/news_pipeline_dag.py                                1           0  0.13s           2026-05-09T14:23:38                      12
================================================================================
[2026-05-09T14:24:33.700+0000] {manager.py:997} INFO - 
================================================================================
DAG File Processing Stats

File Path                                    PID    Runtime      # DAGs    # Errors  Last Runtime    Last Run               Last # of DB Queries
-------------------------------------------  -----  ---------  --------  ----------  --------------  -------------------  ----------------------
/opt/airflow/dags/mediapulse360_pipeline.py                           1           0  0.14s           2026-05-09T14:24:08                      12
/opt/airflow/dags/news_pipeline_dag.py                                1           0  0.13s           2026-05-09T14:24:08                      12
================================================================================
[2026-05-09T14:25:04.021+0000] {manager.py:997} INFO - 
================================================================================
DAG File Processing Stats

File Path                                    PID    Runtime      # DAGs    # Errors  Last Runtime    Last Run               Last # of DB Queries
-------------------------------------------  -----  ---------  --------  ----------  --------------  -------------------  ----------------------
/opt/airflow/dags/mediapulse360_pipeline.py                           1           0  0.12s           2026-05-09T14:24:38                      12
/opt/airflow/dags/news_pipeline_dag.py                                1           0  0.12s           2026-05-09T14:24:38                      12
================================================================================
[2026-05-09T14:25:19.322+0000] {manager.py:821} INFO - Searching for files in /opt/airflow/dags
[2026-05-09T14:25:19.370+0000] {manager.py:824} INFO - There are 2 files in /opt/airflow/dags
[2026-05-09T14:25:34.722+0000] {manager.py:997} INFO - 
================================================================================
DAG File Processing Stats

File Path                                    PID    Runtime      # DAGs    # Errors  Last Runtime    Last Run               Last # of DB Queries
-------------------------------------------  -----  ---------  --------  ----------  --------------  -------------------  ----------------------
/opt/airflow/dags/news_pipeline_dag.py                                1           0  0.18s           2026-05-09T14:25:09                      12
/opt/airflow/dags/mediapulse360_pipeline.py                           1           0  0.17s           2026-05-09T14:25:09                      12
================================================================================
[2026-05-09T14:26:04.262+0000] {manager.py:997} INFO - 
================================================================================
DAG File Processing Stats

File Path                                    PID    Runtime      # DAGs    # Errors  Last Runtime    Last Run               Last # of DB Queries
-------------------------------------------  -----  ---------  --------  ----------  --------------  -------------------  ----------------------
/opt/airflow/dags/news_pipeline_dag.py                                1           0  0.19s           2026-05-09T14:25:39                      12
/opt/airflow/dags/mediapulse360_pipeline.py                           1           0  0.19s           2026-05-09T14:25:39                      12
================================================================================
[2026-05-09T15:07:45.689+0000] {manager.py:821} INFO - Searching for files in /opt/airflow/dags
[2026-05-09T15:07:46.031+0000] {manager.py:824} INFO - There are 2 files in /opt/airflow/dags
[2026-05-09T15:08:02.583+0000] {manager.py:997} INFO - 
================================================================================
DAG File Processing Stats

File Path                                    PID    Runtime      # DAGs    # Errors  Last Runtime    Last Run               Last # of DB Queries
-------------------------------------------  -----  ---------  --------  ----------  --------------  -------------------  ----------------------
/opt/airflow/dags/mediapulse360_pipeline.py                           1           0  1.59s           2026-05-09T15:07:47                      12
/opt/airflow/dags/news_pipeline_dag.py                                1           0  0.59s           2026-05-09T15:07:46                      12
================================================================================
[2026-05-09T15:08:32.611+0000] {manager.py:997} INFO - 
================================================================================
DAG File Processing Stats

File Path                                    PID    Runtime      # DAGs    # Errors  Last Runtime    Last Run               Last # of DB Queries
-------------------------------------------  -----  ---------  --------  ----------  --------------  -------------------  ----------------------
/opt/airflow/dags/news_pipeline_dag.py                                1           0  0.17s           2026-05-09T15:08:17                      12
/opt/airflow/dags/mediapulse360_pipeline.py                           1           0  0.13s           2026-05-09T15:08:18                      12
================================================================================
[2026-05-09T15:09:03.067+0000] {manager.py:997} INFO - 
================================================================================
DAG File Processing Stats

File Path                                    PID    Runtime      # DAGs    # Errors  Last Runtime    Last Run               Last # of DB Queries
-------------------------------------------  -----  ---------  --------  ----------  --------------  -------------------  ----------------------
/opt/airflow/dags/news_pipeline_dag.py                                1           0  0.24s           2026-05-09T15:08:47                      12
/opt/airflow/dags/mediapulse360_pipeline.py                           1           0  0.21s           2026-05-09T15:08:48                      12
================================================================================
[2026-05-09T15:09:33.506+0000] {manager.py:997} INFO - 
================================================================================
DAG File Processing Stats

File Path                                    PID    Runtime      # DAGs    # Errors  Last Runtime    Last Run               Last # of DB Queries
-------------------------------------------  -----  ---------  --------  ----------  --------------  -------------------  ----------------------
/opt/airflow/dags/mediapulse360_pipeline.py                           1           0  0.14s           2026-05-09T15:09:19                      12
/opt/airflow/dags/news_pipeline_dag.py                                1           0  0.13s           2026-05-09T15:09:18                      12
================================================================================
[2026-05-09T15:10:03.974+0000] {manager.py:997} INFO - 
================================================================================
DAG File Processing Stats

File Path                                    PID    Runtime      # DAGs    # Errors  Last Runtime    Last Run               Last # of DB Queries
-------------------------------------------  -----  ---------  --------  ----------  --------------  -------------------  ----------------------
/opt/airflow/dags/mediapulse360_pipeline.py                           1           0  0.15s           2026-05-09T15:09:49                      12
/opt/airflow/dags/news_pipeline_dag.py                                1           0  0.12s           2026-05-09T15:09:48                      12
================================================================================
[2026-05-09T15:10:34.401+0000] {manager.py:997} INFO - 
================================================================================
DAG File Processing Stats

File Path                                    PID    Runtime      # DAGs    # Errors  Last Runtime    Last Run               Last # of DB Queries
-------------------------------------------  -----  ---------  --------  ----------  --------------  -------------------  ----------------------
/opt/airflow/dags/mediapulse360_pipeline.py                           1           0  0.14s           2026-05-09T15:10:20                      12
/opt/airflow/dags/news_pipeline_dag.py                                1           0  0.11s           2026-05-09T15:10:19                      12
================================================================================
[2026-05-09T15:11:04.859+0000] {manager.py:997} INFO - 
================================================================================
DAG File Processing Stats

File Path                                    PID    Runtime      # DAGs    # Errors  Last Runtime    Last Run               Last # of DB Queries
-------------------------------------------  -----  ---------  --------  ----------  --------------  -------------------  ----------------------
/opt/airflow/dags/mediapulse360_pipeline.py                           1           0  0.12s           2026-05-09T15:10:50                      12
/opt/airflow/dags/news_pipeline_dag.py                                1           0  0.11s           2026-05-09T15:10:49                      12
================================================================================
[2026-05-09T15:11:35.318+0000] {manager.py:997} INFO - 
================================================================================
DAG File Processing Stats

File Path                                    PID    Runtime      # DAGs    # Errors  Last Runtime    Last Run               Last # of DB Queries
-------------------------------------------  -----  ---------  --------  ----------  --------------  -------------------  ----------------------
/opt/airflow/dags/mediapulse360_pipeline.py                           1           0  0.11s           2026-05-09T15:11:21                      12
/opt/airflow/dags/news_pipeline_dag.py                                1           0  0.11s           2026-05-09T15:11:20                      12
================================================================================
[2026-05-09T15:12:05.771+0000] {manager.py:997} INFO - 
================================================================================
DAG File Processing Stats

File Path                                    PID    Runtime      # DAGs    # Errors  Last Runtime    Last Run               Last # of DB Queries
-------------------------------------------  -----  ---------  --------  ----------  --------------  -------------------  ----------------------
/opt/airflow/dags/mediapulse360_pipeline.py                           1           0  0.11s           2026-05-09T15:11:51                      12
/opt/airflow/dags/news_pipeline_dag.py                                1           0  0.10s           2026-05-09T15:11:50                      12
================================================================================
[2026-05-09T15:12:36.192+0000] {manager.py:997} INFO - 
================================================================================
DAG File Processing Stats

File Path                                    PID    Runtime      # DAGs    # Errors  Last Runtime    Last Run               Last # of DB Queries
-------------------------------------------  -----  ---------  --------  ----------  --------------  -------------------  ----------------------
/opt/airflow/dags/mediapulse360_pipeline.py                           1           0  0.14s           2026-05-09T15:12:22                      12
/opt/airflow/dags/news_pipeline_dag.py                                1           0  0.14s           2026-05-09T15:12:21                      12
================================================================================
[2026-05-09T15:12:46.325+0000] {manager.py:821} INFO - Searching for files in /opt/airflow/dags
[2026-05-09T15:12:46.366+0000] {manager.py:824} INFO - There are 2 files in /opt/airflow/dags
[2026-05-09T15:13:06.669+0000] {manager.py:997} INFO - 
================================================================================
DAG File Processing Stats

File Path                                    PID    Runtime      # DAGs    # Errors  Last Runtime    Last Run               Last # of DB Queries
-------------------------------------------  -----  ---------  --------  ----------  --------------  -------------------  ----------------------
/opt/airflow/dags/mediapulse360_pipeline.py                           1           0  0.13s           2026-05-09T15:12:52                      12
/opt/airflow/dags/news_pipeline_dag.py                                1           0  0.11s           2026-05-09T15:12:51                      12
================================================================================
[2026-05-09T15:13:37.067+0000] {manager.py:997} INFO - 
================================================================================
DAG File Processing Stats

File Path                                    PID    Runtime      # DAGs    # Errors  Last Runtime    Last Run               Last # of DB Queries
-------------------------------------------  -----  ---------  --------  ----------  --------------  -------------------  ----------------------
/opt/airflow/dags/mediapulse360_pipeline.py                           1           0  0.24s           2026-05-09T15:13:23                      12
/opt/airflow/dags/news_pipeline_dag.py                                1           0  0.12s           2026-05-09T15:13:21                      12
================================================================================
[2026-05-09T15:14:07.403+0000] {manager.py:997} INFO - 
================================================================================
DAG File Processing Stats

File Path                                    PID    Runtime      # DAGs    # Errors  Last Runtime    Last Run               Last # of DB Queries
-------------------------------------------  -----  ---------  --------  ----------  --------------  -------------------  ----------------------
/opt/airflow/dags/news_pipeline_dag.py                                1           0  0.19s           2026-05-09T15:13:52                      12
/opt/airflow/dags/mediapulse360_pipeline.py                           1           0  0.11s           2026-05-09T15:13:53                      12
================================================================================
[2026-05-09T15:14:37.825+0000] {manager.py:997} INFO - 
================================================================================
DAG File Processing Stats

File Path                                    PID    Runtime      # DAGs    # Errors  Last Runtime    Last Run               Last # of DB Queries
-------------------------------------------  -----  ---------  --------  ----------  --------------  -------------------  ----------------------
/opt/airflow/dags/news_pipeline_dag.py                                1           0  0.16s           2026-05-09T15:14:22                      12
/opt/airflow/dags/mediapulse360_pipeline.py                           1           0  0.11s           2026-05-09T15:14:23                      12
================================================================================
[2026-05-09T15:15:08.251+0000] {manager.py:997} INFO - 
================================================================================
DAG File Processing Stats

File Path                                    PID    Runtime      # DAGs    # Errors  Last Runtime    Last Run               Last # of DB Queries
-------------------------------------------  -----  ---------  --------  ----------  --------------  -------------------  ----------------------
/opt/airflow/dags/mediapulse360_pipeline.py                           1           0  0.16s           2026-05-09T15:14:54                      12
/opt/airflow/dags/news_pipeline_dag.py                                1           0  0.12s           2026-05-09T15:14:53                      12
================================================================================
[2026-05-09T15:15:38.700+0000] {manager.py:997} INFO - 
================================================================================
DAG File Processing Stats

File Path                                    PID    Runtime      # DAGs    # Errors  Last Runtime    Last Run               Last # of DB Queries
-------------------------------------------  -----  ---------  --------  ----------  --------------  -------------------  ----------------------
/opt/airflow/dags/news_pipeline_dag.py                                1           0  0.11s           2026-05-09T15:15:23                      12
/opt/airflow/dags/mediapulse360_pipeline.py                           1           0  0.11s           2026-05-09T15:15:24                      12
================================================================================
[2026-05-09T15:16:09.140+0000] {manager.py:997} INFO - 
================================================================================
DAG File Processing Stats

File Path                                    PID    Runtime      # DAGs    # Errors  Last Runtime    Last Run               Last # of DB Queries
-------------------------------------------  -----  ---------  --------  ----------  --------------  -------------------  ----------------------
/opt/airflow/dags/mediapulse360_pipeline.py                           1           0  0.11s           2026-05-09T15:15:55                      12
/opt/airflow/dags/news_pipeline_dag.py                                1           0  0.11s           2026-05-09T15:15:53                      12
================================================================================
[2026-05-09T15:16:39.585+0000] {manager.py:997} INFO - 
================================================================================
DAG File Processing Stats

File Path                                    PID    Runtime      # DAGs    # Errors  Last Runtime    Last Run               Last # of DB Queries
-------------------------------------------  -----  ---------  --------  ----------  --------------  -------------------  ----------------------
/opt/airflow/dags/mediapulse360_pipeline.py                           1           0  0.12s           2026-05-09T15:16:25                      12
/opt/airflow/dags/news_pipeline_dag.py                                1           0  0.11s           2026-05-09T15:16:24                      12
================================================================================
[2026-05-09T15:17:10.079+0000] {manager.py:997} INFO - 
================================================================================
DAG File Processing Stats

File Path                                    PID    Runtime      # DAGs    # Errors  Last Runtime    Last Run               Last # of DB Queries
-------------------------------------------  -----  ---------  --------  ----------  --------------  -------------------  ----------------------
/opt/airflow/dags/mediapulse360_pipeline.py                           1           0  0.14s           2026-05-09T15:16:55                      12
/opt/airflow/dags/news_pipeline_dag.py                                1           0  0.13s           2026-05-09T15:16:54                      12
================================================================================
[2026-05-09T15:17:40.450+0000] {manager.py:997} INFO - 
================================================================================
DAG File Processing Stats

File Path                                    PID    Runtime      # DAGs    # Errors  Last Runtime    Last Run               Last # of DB Queries
-------------------------------------------  -----  ---------  --------  ----------  --------------  -------------------  ----------------------
/opt/airflow/dags/news_pipeline_dag.py                                1           0  0.13s           2026-05-09T15:17:25                      12
/opt/airflow/dags/mediapulse360_pipeline.py                           1           0  0.12s           2026-05-09T15:17:26                      12
================================================================================
[2026-05-09T15:17:46.540+0000] {manager.py:821} INFO - Searching for files in /opt/airflow/dags
[2026-05-09T15:17:46.585+0000] {manager.py:824} INFO - There are 2 files in /opt/airflow/dags
[2026-05-09T15:18:11.039+0000] {manager.py:997} INFO - 
================================================================================
DAG File Processing Stats

File Path                                    PID    Runtime      # DAGs    # Errors  Last Runtime    Last Run               Last # of DB Queries
-------------------------------------------  -----  ---------  --------  ----------  --------------  -------------------  ----------------------
/opt/airflow/dags/news_pipeline_dag.py                                1           0  0.11s           2026-05-09T15:17:55                      12
/opt/airflow/dags/mediapulse360_pipeline.py                           1           0  0.11s           2026-05-09T15:17:56                      12
================================================================================
[2026-05-09T15:18:41.216+0000] {manager.py:997} INFO - 
================================================================================
DAG File Processing Stats

File Path                                    PID    Runtime      # DAGs    # Errors  Last Runtime    Last Run               Last # of DB Queries
-------------------------------------------  -----  ---------  --------  ----------  --------------  -------------------  ----------------------
/opt/airflow/dags/news_pipeline_dag.py                                1           0  0.34s           2026-05-09T15:18:26                      12
/opt/airflow/dags/mediapulse360_pipeline.py                           1           0  0.18s           2026-05-09T15:18:27                      12
================================================================================
[2026-05-09T15:19:11.761+0000] {manager.py:997} INFO - 
================================================================================
DAG File Processing Stats

File Path                                    PID    Runtime      # DAGs    # Errors  Last Runtime    Last Run               Last # of DB Queries
-------------------------------------------  -----  ---------  --------  ----------  --------------  -------------------  ----------------------
/opt/airflow/dags/news_pipeline_dag.py                                1           0  0.23s           2026-05-09T15:18:57                      12
/opt/airflow/dags/mediapulse360_pipeline.py                           1           0  0.22s           2026-05-09T15:18:57                      12
================================================================================
[2026-05-09T15:19:42.098+0000] {manager.py:997} INFO - 
================================================================================
DAG File Processing Stats

File Path                                    PID    Runtime      # DAGs    # Errors  Last Runtime    Last Run               Last # of DB Queries
-------------------------------------------  -----  ---------  --------  ----------  --------------  -------------------  ----------------------
/opt/airflow/dags/mediapulse360_pipeline.py                           1           0  0.15s           2026-05-09T15:19:28                      12
/opt/airflow/dags/news_pipeline_dag.py                                1           0  0.13s           2026-05-09T15:19:28                      12
================================================================================
[2026-05-09T15:20:12.575+0000] {manager.py:997} INFO - 
================================================================================
DAG File Processing Stats

File Path                                    PID    Runtime      # DAGs    # Errors  Last Runtime    Last Run               Last # of DB Queries
-------------------------------------------  -----  ---------  --------  ----------  --------------  -------------------  ----------------------
/opt/airflow/dags/news_pipeline_dag.py                                1           0  0.13s           2026-05-09T15:19:58                      12
/opt/airflow/dags/mediapulse360_pipeline.py                           1           0  0.13s           2026-05-09T15:19:58                      12
================================================================================
[2026-05-09T15:20:43.046+0000] {manager.py:997} INFO - 
================================================================================
DAG File Processing Stats

File Path                                    PID    Runtime      # DAGs    # Errors  Last Runtime    Last Run               Last # of DB Queries
-------------------------------------------  -----  ---------  --------  ----------  --------------  -------------------  ----------------------
/opt/airflow/dags/news_pipeline_dag.py                                1           0  0.14s           2026-05-09T15:20:28                      12
/opt/airflow/dags/mediapulse360_pipeline.py                           1           0  0.14s           2026-05-09T15:20:28                      12
================================================================================
[2026-05-09T15:21:13.454+0000] {manager.py:997} INFO - 
================================================================================
DAG File Processing Stats

File Path                                    PID    Runtime      # DAGs    # Errors  Last Runtime    Last Run               Last # of DB Queries
-------------------------------------------  -----  ---------  --------  ----------  --------------  -------------------  ----------------------
/opt/airflow/dags/mediapulse360_pipeline.py                           1           0  0.14s           2026-05-09T15:20:59                      12
/opt/airflow/dags/news_pipeline_dag.py                                1           0  0.13s           2026-05-09T15:20:59                      12
================================================================================
[2026-05-09T15:21:43.853+0000] {manager.py:997} INFO - 
================================================================================
DAG File Processing Stats

File Path                                    PID    Runtime      # DAGs    # Errors  Last Runtime    Last Run               Last # of DB Queries
-------------------------------------------  -----  ---------  --------  ----------  --------------  -------------------  ----------------------
/opt/airflow/dags/mediapulse360_pipeline.py                           1           0  0.14s           2026-05-09T15:21:29                      12
/opt/airflow/dags/news_pipeline_dag.py                                1           0  0.14s           2026-05-09T15:21:29                      12
================================================================================
[2026-05-09T15:22:14.204+0000] {manager.py:997} INFO - 
================================================================================
DAG File Processing Stats

File Path                                    PID    Runtime      # DAGs    # Errors  Last Runtime    Last Run               Last # of DB Queries
-------------------------------------------  -----  ---------  --------  ----------  --------------  -------------------  ----------------------
/opt/airflow/dags/mediapulse360_pipeline.py                           1           0  0.20s           2026-05-09T15:22:00                      12
/opt/airflow/dags/news_pipeline_dag.py                                1           0  0.17s           2026-05-09T15:22:00                      12
================================================================================
[2026-05-09T15:22:44.492+0000] {manager.py:997} INFO - 
================================================================================
DAG File Processing Stats

File Path                                    PID    Runtime      # DAGs    # Errors  Last Runtime    Last Run               Last # of DB Queries
-------------------------------------------  -----  ---------  --------  ----------  --------------  -------------------  ----------------------
/opt/airflow/dags/mediapulse360_pipeline.py                           1           0  0.14s           2026-05-09T15:22:30                      12
/opt/airflow/dags/news_pipeline_dag.py                                1           0  0.14s           2026-05-09T15:22:30                      12
================================================================================
[2026-05-09T15:22:46.639+0000] {manager.py:821} INFO - Searching for files in /opt/airflow/dags
[2026-05-09T15:22:46.718+0000] {manager.py:824} INFO - There are 2 files in /opt/airflow/dags
[2026-05-09T15:23:14.735+0000] {manager.py:997} INFO - 
================================================================================
DAG File Processing Stats

File Path                                    PID    Runtime      # DAGs    # Errors  Last Runtime    Last Run               Last # of DB Queries
-------------------------------------------  -----  ---------  --------  ----------  --------------  -------------------  ----------------------
/opt/airflow/dags/news_pipeline_dag.py                                1           0  0.98s           2026-05-09T15:23:01                      12
/opt/airflow/dags/mediapulse360_pipeline.py                           1           0  0.14s           2026-05-09T15:23:00                      12
================================================================================
[2026-05-09T15:23:45.204+0000] {manager.py:997} INFO - 
================================================================================
DAG File Processing Stats

File Path                                    PID    Runtime      # DAGs    # Errors  Last Runtime    Last Run               Last # of DB Queries
-------------------------------------------  -----  ---------  --------  ----------  --------------  -------------------  ----------------------
/opt/airflow/dags/mediapulse360_pipeline.py                           1           0  0.14s           2026-05-09T15:23:31                      12
/opt/airflow/dags/news_pipeline_dag.py                                1           0  0.13s           2026-05-09T15:23:32                      12
================================================================================
[2026-05-09T15:24:15.706+0000] {manager.py:997} INFO - 
================================================================================
DAG File Processing Stats

File Path                                    PID    Runtime      # DAGs    # Errors  Last Runtime    Last Run               Last # of DB Queries
-------------------------------------------  -----  ---------  --------  ----------  --------------  -------------------  ----------------------
/opt/airflow/dags/news_pipeline_dag.py                                1           0  0.12s           2026-05-09T15:24:02                      12
/opt/airflow/dags/mediapulse360_pipeline.py                           1           0  0.11s           2026-05-09T15:24:01                      12
================================================================================
[2026-05-09T15:24:46.203+0000] {manager.py:997} INFO - 
================================================================================
DAG File Processing Stats

File Path                                    PID    Runtime      # DAGs    # Errors  Last Runtime    Last Run               Last # of DB Queries
-------------------------------------------  -----  ---------  --------  ----------  --------------  -------------------  ----------------------
/opt/airflow/dags/news_pipeline_dag.py                                1           0  0.12s           2026-05-09T15:24:33                      12
/opt/airflow/dags/mediapulse360_pipeline.py                           1           0  0.12s           2026-05-09T15:24:32                      12
================================================================================
[2026-05-09T15:25:16.661+0000] {manager.py:997} INFO - 
================================================================================
DAG File Processing Stats

File Path                                    PID    Runtime      # DAGs    # Errors  Last Runtime    Last Run               Last # of DB Queries
-------------------------------------------  -----  ---------  --------  ----------  --------------  -------------------  ----------------------
/opt/airflow/dags/news_pipeline_dag.py                                1           0  0.13s           2026-05-09T15:25:03                      12
/opt/airflow/dags/mediapulse360_pipeline.py                           1           0  0.12s           2026-05-09T15:25:02                      12
================================================================================
[2026-05-09T15:25:47.148+0000] {manager.py:997} INFO - 
================================================================================
DAG File Processing Stats

File Path                                    PID    Runtime      # DAGs    # Errors  Last Runtime    Last Run               Last # of DB Queries
-------------------------------------------  -----  ---------  --------  ----------  --------------  -------------------  ----------------------
/opt/airflow/dags/news_pipeline_dag.py                                1           0  0.13s           2026-05-09T15:25:34                      12
/opt/airflow/dags/mediapulse360_pipeline.py                           1           0  0.12s           2026-05-09T15:25:32                      12
================================================================================
[2026-05-09T15:26:17.630+0000] {manager.py:997} INFO - 
================================================================================
DAG File Processing Stats

File Path                                    PID    Runtime      # DAGs    # Errors  Last Runtime    Last Run               Last # of DB Queries
-------------------------------------------  -----  ---------  --------  ----------  --------------  -------------------  ----------------------
/opt/airflow/dags/news_pipeline_dag.py                                1           0  0.14s           2026-05-09T15:26:04                      12
/opt/airflow/dags/mediapulse360_pipeline.py                           1           0  0.14s           2026-05-09T15:26:03                      12
================================================================================
[2026-05-09T15:26:48.086+0000] {manager.py:997} INFO - 
================================================================================
DAG File Processing Stats

File Path                                    PID    Runtime      # DAGs    # Errors  Last Runtime    Last Run               Last # of DB Queries
-------------------------------------------  -----  ---------  --------  ----------  --------------  -------------------  ----------------------
/opt/airflow/dags/news_pipeline_dag.py                                1           0  0.12s           2026-05-09T15:26:34                      12
/opt/airflow/dags/mediapulse360_pipeline.py                           1           0  0.11s           2026-05-09T15:26:33                      12
================================================================================
[2026-05-09T15:27:18.538+0000] {manager.py:997} INFO - 
================================================================================
DAG File Processing Stats

File Path                                    PID    Runtime      # DAGs    # Errors  Last Runtime    Last Run               Last # of DB Queries
-------------------------------------------  -----  ---------  --------  ----------  --------------  -------------------  ----------------------
/opt/airflow/dags/news_pipeline_dag.py                                1           0  0.16s           2026-05-09T15:27:05                      12
/opt/airflow/dags/mediapulse360_pipeline.py                           1           0  0.14s           2026-05-09T15:27:04                      12
================================================================================
[2026-05-09T15:27:47.019+0000] {manager.py:821} INFO - Searching for files in /opt/airflow/dags
[2026-05-09T15:27:47.071+0000] {manager.py:824} INFO - There are 2 files in /opt/airflow/dags
[2026-05-09T15:27:49.107+0000] {manager.py:997} INFO - 
================================================================================
DAG File Processing Stats

File Path                                    PID    Runtime      # DAGs    # Errors  Last Runtime    Last Run               Last # of DB Queries
-------------------------------------------  -----  ---------  --------  ----------  --------------  -------------------  ----------------------
/opt/airflow/dags/news_pipeline_dag.py                                1           0  0.14s           2026-05-09T15:27:35                      12
/opt/airflow/dags/mediapulse360_pipeline.py                           1           0  0.13s           2026-05-09T15:27:34                      12
================================================================================
[2026-05-09T15:28:19.559+0000] {manager.py:997} INFO - 
================================================================================
DAG File Processing Stats

File Path                                    PID    Runtime      # DAGs    # Errors  Last Runtime    Last Run               Last # of DB Queries
-------------------------------------------  -----  ---------  --------  ----------  --------------  -------------------  ----------------------
/opt/airflow/dags/news_pipeline_dag.py                                1           0  0.12s           2026-05-09T15:28:06                      12
/opt/airflow/dags/mediapulse360_pipeline.py                           1           0  0.11s           2026-05-09T15:28:05                      12
================================================================================
[2026-05-09T15:28:50.025+0000] {manager.py:997} INFO - 
================================================================================
DAG File Processing Stats

File Path                                    PID    Runtime      # DAGs    # Errors  Last Runtime    Last Run               Last # of DB Queries
-------------------------------------------  -----  ---------  --------  ----------  --------------  -------------------  ----------------------
/opt/airflow/dags/news_pipeline_dag.py                                1           0  0.11s           2026-05-09T15:28:36                      12
/opt/airflow/dags/mediapulse360_pipeline.py                           1           0  0.11s           2026-05-09T15:28:35                      12
================================================================================
[2026-05-09T15:29:20.500+0000] {manager.py:997} INFO - 
================================================================================
DAG File Processing Stats

File Path                                    PID    Runtime      # DAGs    # Errors  Last Runtime    Last Run               Last # of DB Queries
-------------------------------------------  -----  ---------  --------  ----------  --------------  -------------------  ----------------------
/opt/airflow/dags/mediapulse360_pipeline.py                           1           0  0.13s           2026-05-09T15:29:06                      12
/opt/airflow/dags/news_pipeline_dag.py                                1           0  0.12s           2026-05-09T15:29:07                      12
================================================================================
[2026-05-09T15:29:50.940+0000] {manager.py:997} INFO - 
================================================================================
DAG File Processing Stats

File Path                                    PID    Runtime      # DAGs    # Errors  Last Runtime    Last Run               Last # of DB Queries
-------------------------------------------  -----  ---------  --------  ----------  --------------  -------------------  ----------------------
/opt/airflow/dags/news_pipeline_dag.py                                1           0  0.11s           2026-05-09T15:29:37                      12
/opt/airflow/dags/mediapulse360_pipeline.py                           1           0  0.11s           2026-05-09T15:29:36                      12
================================================================================
[2026-05-09T15:30:21.384+0000] {manager.py:997} INFO - 
================================================================================
DAG File Processing Stats

File Path                                    PID    Runtime      # DAGs    # Errors  Last Runtime    Last Run               Last # of DB Queries
-------------------------------------------  -----  ---------  --------  ----------  --------------  -------------------  ----------------------
/opt/airflow/dags/news_pipeline_dag.py                                1           0  0.18s           2026-05-09T15:30:08                      12
/opt/airflow/dags/mediapulse360_pipeline.py                           1           0  0.10s           2026-05-09T15:30:07                      12
================================================================================
[2026-05-09T15:30:51.854+0000] {manager.py:997} INFO - 
================================================================================
DAG File Processing Stats

File Path                                    PID    Runtime      # DAGs    # Errors  Last Runtime    Last Run               Last # of DB Queries
-------------------------------------------  -----  ---------  --------  ----------  --------------  -------------------  ----------------------
/opt/airflow/dags/mediapulse360_pipeline.py                           1           0  0.13s           2026-05-09T15:30:37                      12
/opt/airflow/dags/news_pipeline_dag.py                                1           0  0.12s           2026-05-09T15:30:38                      12
================================================================================
[2026-05-09T15:31:22.230+0000] {manager.py:997} INFO - 
================================================================================
DAG File Processing Stats

File Path                                    PID    Runtime      # DAGs    # Errors  Last Runtime    Last Run               Last # of DB Queries
-------------------------------------------  -----  ---------  --------  ----------  --------------  -------------------  ----------------------
/opt/airflow/dags/mediapulse360_pipeline.py                           1           0  0.15s           2026-05-09T15:31:08                      12
/opt/airflow/dags/news_pipeline_dag.py                                1           0  0.14s           2026-05-09T15:31:09                      12
================================================================================
[2026-05-09T15:31:52.770+0000] {manager.py:997} INFO - 
================================================================================
DAG File Processing Stats

File Path                                    PID    Runtime      # DAGs    # Errors  Last Runtime    Last Run               Last # of DB Queries
-------------------------------------------  -----  ---------  --------  ----------  --------------  -------------------  ----------------------
/opt/airflow/dags/news_pipeline_dag.py                                1           0  0.16s           2026-05-09T15:31:39                      12
/opt/airflow/dags/mediapulse360_pipeline.py                           1           0  0.16s           2026-05-09T15:31:38                      12
================================================================================
[2026-05-09T15:32:23.195+0000] {manager.py:997} INFO - 
================================================================================
DAG File Processing Stats

File Path                                    PID    Runtime      # DAGs    # Errors  Last Runtime    Last Run               Last # of DB Queries
-------------------------------------------  -----  ---------  --------  ----------  --------------  -------------------  ----------------------
/opt/airflow/dags/news_pipeline_dag.py                                1           0  0.12s           2026-05-09T15:32:10                      12
/opt/airflow/dags/mediapulse360_pipeline.py                           1           0  0.11s           2026-05-09T15:32:09                      12
================================================================================
[2026-05-09T15:32:47.568+0000] {manager.py:821} INFO - Searching for files in /opt/airflow/dags
[2026-05-09T15:32:47.603+0000] {manager.py:824} INFO - There are 2 files in /opt/airflow/dags
[2026-05-09T15:32:53.657+0000] {manager.py:997} INFO - 
================================================================================
DAG File Processing Stats

File Path                                    PID    Runtime      # DAGs    # Errors  Last Runtime    Last Run               Last # of DB Queries
-------------------------------------------  -----  ---------  --------  ----------  --------------  -------------------  ----------------------
/opt/airflow/dags/news_pipeline_dag.py                                1           0  0.12s           2026-05-09T15:32:40                      12
/opt/airflow/dags/mediapulse360_pipeline.py                           1           0  0.12s           2026-05-09T15:32:39                      12
================================================================================
[2026-05-09T15:33:24.128+0000] {manager.py:997} INFO - 
================================================================================
DAG File Processing Stats

File Path                                    PID    Runtime      # DAGs    # Errors  Last Runtime    Last Run               Last # of DB Queries
-------------------------------------------  -----  ---------  --------  ----------  --------------  -------------------  ----------------------
/opt/airflow/dags/news_pipeline_dag.py                                1           0  0.14s           2026-05-09T15:33:11                      12
/opt/airflow/dags/mediapulse360_pipeline.py                           1           0  0.12s           2026-05-09T15:33:09                      12
================================================================================
[2026-05-09T15:33:54.535+0000] {manager.py:997} INFO - 
================================================================================
DAG File Processing Stats

File Path                                    PID    Runtime      # DAGs    # Errors  Last Runtime    Last Run               Last # of DB Queries
-------------------------------------------  -----  ---------  --------  ----------  --------------  -------------------  ----------------------
/opt/airflow/dags/mediapulse360_pipeline.py                           1           0  0.16s           2026-05-09T15:33:40                      12
/opt/airflow/dags/news_pipeline_dag.py                                1           0  0.12s           2026-05-09T15:33:41                      12
================================================================================
[2026-05-09T15:34:25.027+0000] {manager.py:997} INFO - 
================================================================================
DAG File Processing Stats

File Path                                    PID    Runtime      # DAGs    # Errors  Last Runtime    Last Run               Last # of DB Queries
-------------------------------------------  -----  ---------  --------  ----------  --------------  -------------------  ----------------------
/opt/airflow/dags/mediapulse360_pipeline.py                           1           0  0.11s           2026-05-09T15:34:10                      12
/opt/airflow/dags/news_pipeline_dag.py                                1           0  0.11s           2026-05-09T15:34:11                      12
================================================================================
[2026-05-09T15:34:55.508+0000] {manager.py:997} INFO - 
================================================================================
DAG File Processing Stats

File Path                                    PID    Runtime      # DAGs    # Errors  Last Runtime    Last Run               Last # of DB Queries
-------------------------------------------  -----  ---------  --------  ----------  --------------  -------------------  ----------------------
/opt/airflow/dags/news_pipeline_dag.py                                1           0  0.16s           2026-05-09T15:34:42                      12
/opt/airflow/dags/mediapulse360_pipeline.py                           1           0  0.12s           2026-05-09T15:34:41                      12
================================================================================
[2026-05-09T15:35:25.956+0000] {manager.py:997} INFO - 
================================================================================
DAG File Processing Stats

File Path                                    PID    Runtime      # DAGs    # Errors  Last Runtime    Last Run               Last # of DB Queries
-------------------------------------------  -----  ---------  --------  ----------  --------------  -------------------  ----------------------
/opt/airflow/dags/mediapulse360_pipeline.py                           1           0  0.11s           2026-05-09T15:35:11                      12
/opt/airflow/dags/news_pipeline_dag.py                                1           0  0.11s           2026-05-09T15:35:12                      12
================================================================================
[2026-05-09T15:35:56.403+0000] {manager.py:997} INFO - 
================================================================================
DAG File Processing Stats

File Path                                    PID    Runtime      # DAGs    # Errors  Last Runtime    Last Run               Last # of DB Queries
-------------------------------------------  -----  ---------  --------  ----------  --------------  -------------------  ----------------------
/opt/airflow/dags/mediapulse360_pipeline.py                           1           0  0.12s           2026-05-09T15:35:42                      12
/opt/airflow/dags/news_pipeline_dag.py                                1           0  0.12s           2026-05-09T15:35:43                      12
================================================================================
[2026-05-09T15:36:26.869+0000] {manager.py:997} INFO - 
================================================================================
DAG File Processing Stats

File Path                                    PID    Runtime      # DAGs    # Errors  Last Runtime    Last Run               Last # of DB Queries
-------------------------------------------  -----  ---------  --------  ----------  --------------  -------------------  ----------------------
/opt/airflow/dags/mediapulse360_pipeline.py                           1           0  0.14s           2026-05-09T15:36:12                      12
/opt/airflow/dags/news_pipeline_dag.py                                1           0  0.14s           2026-05-09T15:36:13                      12
================================================================================
[2026-05-09T15:36:57.389+0000] {manager.py:997} INFO - 
================================================================================
DAG File Processing Stats

File Path                                    PID    Runtime      # DAGs    # Errors  Last Runtime    Last Run               Last # of DB Queries
-------------------------------------------  -----  ---------  --------  ----------  --------------  -------------------  ----------------------
/opt/airflow/dags/mediapulse360_pipeline.py                           1           0  0.11s           2026-05-09T15:36:43                      12
/opt/airflow/dags/news_pipeline_dag.py                                1           0  0.11s           2026-05-09T15:36:44                      12
================================================================================
[2026-05-09T15:37:27.795+0000] {manager.py:997} INFO - 
================================================================================
DAG File Processing Stats

File Path                                    PID    Runtime      # DAGs    # Errors  Last Runtime    Last Run               Last # of DB Queries
-------------------------------------------  -----  ---------  --------  ----------  --------------  -------------------  ----------------------
/opt/airflow/dags/news_pipeline_dag.py                                1           0  0.12s           2026-05-09T15:37:14                      12
/opt/airflow/dags/mediapulse360_pipeline.py                           1           0  0.12s           2026-05-09T15:37:13                      12
================================================================================
[2026-05-09T15:37:48.132+0000] {manager.py:821} INFO - Searching for files in /opt/airflow/dags
[2026-05-09T15:37:48.170+0000] {manager.py:824} INFO - There are 2 files in /opt/airflow/dags
[2026-05-09T15:37:58.304+0000] {manager.py:997} INFO - 
================================================================================
DAG File Processing Stats

File Path                                    PID    Runtime      # DAGs    # Errors  Last Runtime    Last Run               Last # of DB Queries
-------------------------------------------  -----  ---------  --------  ----------  --------------  -------------------  ----------------------
/opt/airflow/dags/news_pipeline_dag.py                                1           0  0.12s           2026-05-09T15:37:45                      12
/opt/airflow/dags/mediapulse360_pipeline.py                           1           0  0.11s           2026-05-09T15:37:44                      12
================================================================================
[2026-05-09T15:38:28.850+0000] {manager.py:997} INFO - 
================================================================================
DAG File Processing Stats

File Path                                    PID    Runtime      # DAGs    # Errors  Last Runtime    Last Run               Last # of DB Queries
-------------------------------------------  -----  ---------  --------  ----------  --------------  -------------------  ----------------------
/opt/airflow/dags/news_pipeline_dag.py                                1           0  0.12s           2026-05-09T15:38:15                      12
/opt/airflow/dags/mediapulse360_pipeline.py                           1           0  0.12s           2026-05-09T15:38:14                      12
================================================================================
[2026-05-09T15:38:59.339+0000] {manager.py:997} INFO - 
================================================================================
DAG File Processing Stats

File Path                                    PID    Runtime      # DAGs    # Errors  Last Runtime    Last Run               Last # of DB Queries
-------------------------------------------  -----  ---------  --------  ----------  --------------  -------------------  ----------------------
/opt/airflow/dags/news_pipeline_dag.py                                1           0  0.11s           2026-05-09T15:38:46                      12
/opt/airflow/dags/mediapulse360_pipeline.py                           1           0  0.11s           2026-05-09T15:38:45                      12
================================================================================
[2026-05-09T15:39:29.847+0000] {manager.py:997} INFO - 
================================================================================
DAG File Processing Stats

File Path                                    PID    Runtime      # DAGs    # Errors  Last Runtime    Last Run               Last # of DB Queries
-------------------------------------------  -----  ---------  --------  ----------  --------------  -------------------  ----------------------
/opt/airflow/dags/news_pipeline_dag.py                                1           0  0.11s           2026-05-09T15:39:16                      12
/opt/airflow/dags/mediapulse360_pipeline.py                           1           0  0.11s           2026-05-09T15:39:15                      12
================================================================================
[2026-05-09T15:40:00.343+0000] {manager.py:997} INFO - 
================================================================================
DAG File Processing Stats

File Path                                    PID    Runtime      # DAGs    # Errors  Last Runtime    Last Run               Last # of DB Queries
-------------------------------------------  -----  ---------  --------  ----------  --------------  -------------------  ----------------------
/opt/airflow/dags/news_pipeline_dag.py                                1           0  0.12s           2026-05-09T15:39:47                      12
/opt/airflow/dags/mediapulse360_pipeline.py                           1           0  0.10s           2026-05-09T15:39:46                      12
================================================================================
[2026-05-09T15:40:30.838+0000] {manager.py:997} INFO - 
================================================================================
DAG File Processing Stats

File Path                                    PID    Runtime      # DAGs    # Errors  Last Runtime    Last Run               Last # of DB Queries
-------------------------------------------  -----  ---------  --------  ----------  --------------  -------------------  ----------------------
/opt/airflow/dags/mediapulse360_pipeline.py                           1           0  0.13s           2026-05-09T15:40:16                      12
/opt/airflow/dags/news_pipeline_dag.py                                1           0  0.13s           2026-05-09T15:40:17                      12
================================================================================
[2026-05-09T15:41:01.259+0000] {manager.py:997} INFO - 
================================================================================
DAG File Processing Stats

File Path                                    PID    Runtime      # DAGs    # Errors  Last Runtime    Last Run               Last # of DB Queries
-------------------------------------------  -----  ---------  --------  ----------  --------------  -------------------  ----------------------
/opt/airflow/dags/news_pipeline_dag.py                                1           0  0.13s           2026-05-09T15:40:48                      12
/opt/airflow/dags/mediapulse360_pipeline.py                           1           0  0.13s           2026-05-09T15:40:47                      12
================================================================================
[2026-05-09T15:41:31.762+0000] {manager.py:997} INFO - 
================================================================================
DAG File Processing Stats

File Path                                    PID    Runtime      # DAGs    # Errors  Last Runtime    Last Run               Last # of DB Queries
-------------------------------------------  -----  ---------  --------  ----------  --------------  -------------------  ----------------------
/opt/airflow/dags/news_pipeline_dag.py                                1           0  0.15s           2026-05-09T15:41:18                      12
/opt/airflow/dags/mediapulse360_pipeline.py                           1           0  0.11s           2026-05-09T15:41:17                      12
================================================================================
[2026-05-09T15:42:02.300+0000] {manager.py:997} INFO - 
================================================================================
DAG File Processing Stats

File Path                                    PID    Runtime      # DAGs    # Errors  Last Runtime    Last Run               Last # of DB Queries
-------------------------------------------  -----  ---------  --------  ----------  --------------  -------------------  ----------------------
/opt/airflow/dags/news_pipeline_dag.py                                1           0  0.14s           2026-05-09T15:41:49                      12
/opt/airflow/dags/mediapulse360_pipeline.py                           1           0  0.13s           2026-05-09T15:41:48                      12
================================================================================
[2026-05-09T15:42:32.698+0000] {manager.py:997} INFO - 
================================================================================
DAG File Processing Stats

File Path                                    PID    Runtime      # DAGs    # Errors  Last Runtime    Last Run               Last # of DB Queries
-------------------------------------------  -----  ---------  --------  ----------  --------------  -------------------  ----------------------
/opt/airflow/dags/mediapulse360_pipeline.py                           1           0  0.13s           2026-05-09T15:42:18                      12
/opt/airflow/dags/news_pipeline_dag.py                                1           0  0.11s           2026-05-09T15:42:19                      12
================================================================================
[2026-05-09T15:42:48.861+0000] {manager.py:821} INFO - Searching for files in /opt/airflow/dags
[2026-05-09T15:42:48.909+0000] {manager.py:824} INFO - There are 2 files in /opt/airflow/dags
[2026-05-09T15:43:03.235+0000] {manager.py:997} INFO - 
================================================================================
DAG File Processing Stats

File Path                                    PID    Runtime      # DAGs    # Errors  Last Runtime    Last Run               Last # of DB Queries
-------------------------------------------  -----  ---------  --------  ----------  --------------  -------------------  ----------------------
/opt/airflow/dags/mediapulse360_pipeline.py                           1           0  0.13s           2026-05-09T15:42:49                      12
/opt/airflow/dags/news_pipeline_dag.py                                1           0  0.12s           2026-05-09T15:42:50                      12
================================================================================
[2026-05-09T15:43:33.697+0000] {manager.py:997} INFO - 
================================================================================
DAG File Processing Stats

File Path                                    PID    Runtime      # DAGs    # Errors  Last Runtime    Last Run               Last # of DB Queries
-------------------------------------------  -----  ---------  --------  ----------  --------------  -------------------  ----------------------
/opt/airflow/dags/mediapulse360_pipeline.py                           1           0  0.12s           2026-05-09T15:43:19                      12
/opt/airflow/dags/news_pipeline_dag.py                                1           0  0.11s           2026-05-09T15:43:20                      12
================================================================================
[2026-05-09T15:44:04.109+0000] {manager.py:997} INFO - 
================================================================================
DAG File Processing Stats

File Path                                    PID    Runtime      # DAGs    # Errors  Last Runtime    Last Run               Last # of DB Queries
-------------------------------------------  -----  ---------  --------  ----------  --------------  -------------------  ----------------------
/opt/airflow/dags/news_pipeline_dag.py                                1           0  0.12s           2026-05-09T15:43:51                      12
/opt/airflow/dags/mediapulse360_pipeline.py                           1           0  0.11s           2026-05-09T15:43:49                      12
================================================================================
[2026-05-09T15:44:34.572+0000] {manager.py:997} INFO - 
================================================================================
DAG File Processing Stats

File Path                                    PID    Runtime      # DAGs    # Errors  Last Runtime    Last Run               Last # of DB Queries
-------------------------------------------  -----  ---------  --------  ----------  --------------  -------------------  ----------------------
/opt/airflow/dags/news_pipeline_dag.py                                1           0  0.12s           2026-05-09T15:44:21                      12
/opt/airflow/dags/mediapulse360_pipeline.py                           1           0  0.12s           2026-05-09T15:44:20                      12
================================================================================
[2026-05-09T15:45:05.015+0000] {manager.py:997} INFO - 
================================================================================
DAG File Processing Stats

File Path                                    PID    Runtime      # DAGs    # Errors  Last Runtime    Last Run               Last # of DB Queries
-------------------------------------------  -----  ---------  --------  ----------  --------------  -------------------  ----------------------
/opt/airflow/dags/mediapulse360_pipeline.py                           1           0  0.13s           2026-05-09T15:44:50                      12
/opt/airflow/dags/news_pipeline_dag.py                                1           0  0.11s           2026-05-09T15:44:51                      12
================================================================================
[2026-05-09T15:45:35.490+0000] {manager.py:997} INFO - 
================================================================================
DAG File Processing Stats

File Path                                    PID    Runtime      # DAGs    # Errors  Last Runtime    Last Run               Last # of DB Queries
-------------------------------------------  -----  ---------  --------  ----------  --------------  -------------------  ----------------------
/opt/airflow/dags/news_pipeline_dag.py                                1           0  0.15s           2026-05-09T15:45:22                      12
/opt/airflow/dags/mediapulse360_pipeline.py                           1           0  0.15s           2026-05-09T15:45:21                      12
================================================================================
[2026-05-09T15:46:05.977+0000] {manager.py:997} INFO - 
================================================================================
DAG File Processing Stats

File Path                                    PID    Runtime      # DAGs    # Errors  Last Runtime    Last Run               Last # of DB Queries
-------------------------------------------  -----  ---------  --------  ----------  --------------  -------------------  ----------------------
/opt/airflow/dags/news_pipeline_dag.py                                1           0  0.22s           2026-05-09T15:45:52                      12
/opt/airflow/dags/mediapulse360_pipeline.py                           1           0  0.21s           2026-05-09T15:45:51                      12
================================================================================
[2026-05-09T15:46:36.907+0000] {manager.py:997} INFO - 
================================================================================
DAG File Processing Stats

File Path                                    PID    Runtime      # DAGs    # Errors  Last Runtime    Last Run               Last # of DB Queries
-------------------------------------------  -----  ---------  --------  ----------  --------------  -------------------  ----------------------
/opt/airflow/dags/news_pipeline_dag.py                                1           0  0.21s           2026-05-09T15:46:23                      12
/opt/airflow/dags/mediapulse360_pipeline.py                           1           0  0.19s           2026-05-09T15:46:22                      12
================================================================================
[2026-05-09T15:47:07.222+0000] {manager.py:997} INFO - 
================================================================================
DAG File Processing Stats

File Path                                    PID    Runtime      # DAGs    # Errors  Last Runtime    Last Run               Last # of DB Queries
-------------------------------------------  -----  ---------  --------  ----------  --------------  -------------------  ----------------------
/opt/airflow/dags/mediapulse360_pipeline.py                           1           0  0.68s           2026-05-09T15:46:53                      12
/opt/airflow/dags/news_pipeline_dag.py                                1           0  0.40s           2026-05-09T15:46:54                      12
================================================================================
[2026-05-09T15:47:37.652+0000] {manager.py:997} INFO - 
================================================================================
DAG File Processing Stats

File Path                                    PID    Runtime      # DAGs    # Errors  Last Runtime    Last Run               Last # of DB Queries
-------------------------------------------  -----  ---------  --------  ----------  --------------  -------------------  ----------------------
/opt/airflow/dags/news_pipeline_dag.py                                1           0  0.14s           2026-05-09T15:47:24                      12
/opt/airflow/dags/mediapulse360_pipeline.py                           1           0  0.13s           2026-05-09T15:47:24                      12
================================================================================
[2026-05-09T15:47:48.967+0000] {manager.py:821} INFO - Searching for files in /opt/airflow/dags
[2026-05-09T15:47:49.033+0000] {manager.py:824} INFO - There are 2 files in /opt/airflow/dags
[2026-05-09T15:48:07.955+0000] {manager.py:997} INFO - 
================================================================================
DAG File Processing Stats

File Path                                    PID    Runtime      # DAGs    # Errors  Last Runtime    Last Run               Last # of DB Queries
-------------------------------------------  -----  ---------  --------  ----------  --------------  -------------------  ----------------------
/opt/airflow/dags/mediapulse360_pipeline.py                           1           0  0.15s           2026-05-09T15:47:54                      12
/opt/airflow/dags/news_pipeline_dag.py                                1           0  0.13s           2026-05-09T15:47:54                      12
================================================================================
[2026-05-09T15:48:38.367+0000] {manager.py:997} INFO - 
================================================================================
DAG File Processing Stats

File Path                                    PID    Runtime      # DAGs    # Errors  Last Runtime    Last Run               Last # of DB Queries
-------------------------------------------  -----  ---------  --------  ----------  --------------  -------------------  ----------------------
/opt/airflow/dags/mediapulse360_pipeline.py                           1           0  0.13s           2026-05-09T15:48:25                      12
/opt/airflow/dags/news_pipeline_dag.py                                1           0  0.12s           2026-05-09T15:48:25                      12
================================================================================
[2026-05-09T15:49:08.848+0000] {manager.py:997} INFO - 
================================================================================
DAG File Processing Stats

File Path                                    PID    Runtime      # DAGs    # Errors  Last Runtime    Last Run               Last # of DB Queries
-------------------------------------------  -----  ---------  --------  ----------  --------------  -------------------  ----------------------
/opt/airflow/dags/news_pipeline_dag.py                                1           0  0.14s           2026-05-09T15:48:55                      12
/opt/airflow/dags/mediapulse360_pipeline.py                           1           0  0.14s           2026-05-09T15:48:55                      12
================================================================================
[2026-05-09T15:49:39.205+0000] {manager.py:997} INFO - 
================================================================================
DAG File Processing Stats

File Path                                    PID    Runtime      # DAGs    # Errors  Last Runtime    Last Run               Last # of DB Queries
-------------------------------------------  -----  ---------  --------  ----------  --------------  -------------------  ----------------------
/opt/airflow/dags/mediapulse360_pipeline.py                           1           0  0.13s           2026-05-09T15:49:26                      12
/opt/airflow/dags/news_pipeline_dag.py                                1           0  0.11s           2026-05-09T15:49:26                      12
================================================================================
[2026-05-09T15:50:09.600+0000] {manager.py:997} INFO - 
================================================================================
DAG File Processing Stats

File Path                                    PID    Runtime      # DAGs    # Errors  Last Runtime    Last Run               Last # of DB Queries
-------------------------------------------  -----  ---------  --------  ----------  --------------  -------------------  ----------------------
/opt/airflow/dags/mediapulse360_pipeline.py                           1           0  0.14s           2026-05-09T15:49:56                      12
/opt/airflow/dags/news_pipeline_dag.py                                1           0  0.14s           2026-05-09T15:49:56                      12
================================================================================
[2026-05-09T15:50:40.137+0000] {manager.py:997} INFO - 
================================================================================
DAG File Processing Stats

File Path                                    PID    Runtime      # DAGs    # Errors  Last Runtime    Last Run               Last # of DB Queries
-------------------------------------------  -----  ---------  --------  ----------  --------------  -------------------  ----------------------
/opt/airflow/dags/news_pipeline_dag.py                                1           0  0.14s           2026-05-09T15:50:26                      12
/opt/airflow/dags/mediapulse360_pipeline.py                           1           0  0.14s           2026-05-09T15:50:26                      12
================================================================================
[2026-05-09T15:51:10.500+0000] {manager.py:997} INFO - 
================================================================================
DAG File Processing Stats

File Path                                    PID    Runtime      # DAGs    # Errors  Last Runtime    Last Run               Last # of DB Queries
-------------------------------------------  -----  ---------  --------  ----------  --------------  -------------------  ----------------------
/opt/airflow/dags/mediapulse360_pipeline.py                           1           0  0.16s           2026-05-09T15:50:57                      12
/opt/airflow/dags/news_pipeline_dag.py                                1           0  0.15s           2026-05-09T15:50:57                      12
================================================================================
[2026-05-09T15:51:40.930+0000] {manager.py:997} INFO - 
================================================================================
DAG File Processing Stats

File Path                                    PID    Runtime      # DAGs    # Errors  Last Runtime    Last Run               Last # of DB Queries
-------------------------------------------  -----  ---------  --------  ----------  --------------  -------------------  ----------------------
/opt/airflow/dags/mediapulse360_pipeline.py                           1           0  0.14s           2026-05-09T15:51:27                      12
/opt/airflow/dags/news_pipeline_dag.py                                1           0  0.14s           2026-05-09T15:51:27                      12
================================================================================
[2026-05-09T15:52:11.429+0000] {manager.py:997} INFO - 
================================================================================
DAG File Processing Stats

File Path                                    PID    Runtime      # DAGs    # Errors  Last Runtime    Last Run               Last # of DB Queries
-------------------------------------------  -----  ---------  --------  ----------  --------------  -------------------  ----------------------
/opt/airflow/dags/news_pipeline_dag.py                                1           0  0.14s           2026-05-09T15:51:58                      12
/opt/airflow/dags/mediapulse360_pipeline.py                           1           0  0.14s           2026-05-09T15:51:58                      12
================================================================================
[2026-05-09T15:52:41.816+0000] {manager.py:997} INFO - 
================================================================================
DAG File Processing Stats

File Path                                    PID    Runtime      # DAGs    # Errors  Last Runtime    Last Run               Last # of DB Queries
-------------------------------------------  -----  ---------  --------  ----------  --------------  -------------------  ----------------------
/opt/airflow/dags/mediapulse360_pipeline.py                           1           0  0.17s           2026-05-09T15:52:28                      12
/opt/airflow/dags/news_pipeline_dag.py                                1           0  0.15s           2026-05-09T15:52:28                      12
================================================================================
[2026-05-09T15:52:48.984+0000] {manager.py:821} INFO - Searching for files in /opt/airflow/dags
[2026-05-09T15:52:49.034+0000] {manager.py:824} INFO - There are 2 files in /opt/airflow/dags
[2026-05-09T15:53:12.257+0000] {manager.py:997} INFO - 
================================================================================
DAG File Processing Stats

File Path                                    PID    Runtime      # DAGs    # Errors  Last Runtime    Last Run               Last # of DB Queries
-------------------------------------------  -----  ---------  --------  ----------  --------------  -------------------  ----------------------
/opt/airflow/dags/news_pipeline_dag.py                                1           0  0.14s           2026-05-09T15:52:59                      12
/opt/airflow/dags/mediapulse360_pipeline.py                           1           0  0.13s           2026-05-09T15:52:59                      12
================================================================================
[2026-05-09T15:53:42.715+0000] {manager.py:997} INFO - 
================================================================================
DAG File Processing Stats

File Path                                    PID    Runtime      # DAGs    # Errors  Last Runtime    Last Run               Last # of DB Queries
-------------------------------------------  -----  ---------  --------  ----------  --------------  -------------------  ----------------------
/opt/airflow/dags/mediapulse360_pipeline.py                           1           0  0.16s           2026-05-09T15:53:29                      12
/opt/airflow/dags/news_pipeline_dag.py                                1           0  0.15s           2026-05-09T15:53:29                      12
================================================================================
[2026-05-09T15:54:13.157+0000] {manager.py:997} INFO - 
================================================================================
DAG File Processing Stats

File Path                                    PID    Runtime      # DAGs    # Errors  Last Runtime    Last Run               Last # of DB Queries
-------------------------------------------  -----  ---------  --------  ----------  --------------  -------------------  ----------------------
/opt/airflow/dags/news_pipeline_dag.py                                1           0  0.16s           2026-05-09T15:54:00                      12
/opt/airflow/dags/mediapulse360_pipeline.py                           1           0  0.15s           2026-05-09T15:54:00                      12
================================================================================
[2026-05-09T15:54:43.619+0000] {manager.py:997} INFO - 
================================================================================
DAG File Processing Stats

File Path                                    PID    Runtime      # DAGs    # Errors  Last Runtime    Last Run               Last # of DB Queries
-------------------------------------------  -----  ---------  --------  ----------  --------------  -------------------  ----------------------
/opt/airflow/dags/mediapulse360_pipeline.py                           1           0  0.16s           2026-05-09T15:54:30                      12
/opt/airflow/dags/news_pipeline_dag.py                                1           0  0.15s           2026-05-09T15:54:30                      12
================================================================================
[2026-05-09T15:55:13.934+0000] {manager.py:997} INFO - 
================================================================================
DAG File Processing Stats

File Path                                    PID    Runtime      # DAGs    # Errors  Last Runtime    Last Run               Last # of DB Queries
-------------------------------------------  -----  ---------  --------  ----------  --------------  -------------------  ----------------------
/opt/airflow/dags/mediapulse360_pipeline.py                           1           0  0.20s           2026-05-09T15:55:00                      12
/opt/airflow/dags/news_pipeline_dag.py                                1           0  0.19s           2026-05-09T15:55:00                      12
================================================================================
[2026-05-09T15:55:44.356+0000] {manager.py:997} INFO - 
================================================================================
DAG File Processing Stats

File Path                                    PID    Runtime      # DAGs    # Errors  Last Runtime    Last Run               Last # of DB Queries
-------------------------------------------  -----  ---------  --------  ----------  --------------  -------------------  ----------------------
/opt/airflow/dags/mediapulse360_pipeline.py                           1           0  0.20s           2026-05-09T15:55:31                      12
/opt/airflow/dags/news_pipeline_dag.py                                1           0  0.19s           2026-05-09T15:55:31                      12
================================================================================
[2026-05-09T15:56:14.834+0000] {manager.py:997} INFO - 
================================================================================
DAG File Processing Stats

File Path                                    PID    Runtime      # DAGs    # Errors  Last Runtime    Last Run               Last # of DB Queries
-------------------------------------------  -----  ---------  --------  ----------  --------------  -------------------  ----------------------
/opt/airflow/dags/mediapulse360_pipeline.py                           1           0  0.20s           2026-05-09T15:56:01                      12
/opt/airflow/dags/news_pipeline_dag.py                                1           0  0.19s           2026-05-09T15:56:01                      12
================================================================================
[2026-05-09T15:56:45.146+0000] {manager.py:997} INFO - 
================================================================================
DAG File Processing Stats

File Path                                    PID    Runtime      # DAGs    # Errors  Last Runtime    Last Run               Last # of DB Queries
-------------------------------------------  -----  ---------  --------  ----------  --------------  -------------------  ----------------------
/opt/airflow/dags/mediapulse360_pipeline.py                           1           0  0.21s           2026-05-09T15:56:32                      12
/opt/airflow/dags/news_pipeline_dag.py                                1           0  0.21s           2026-05-09T15:56:32                      12
================================================================================
[2026-05-09T15:57:15.668+0000] {manager.py:997} INFO - 
================================================================================
DAG File Processing Stats

File Path                                    PID    Runtime      # DAGs    # Errors  Last Runtime    Last Run               Last # of DB Queries
-------------------------------------------  -----  ---------  --------  ----------  --------------  -------------------  ----------------------
/opt/airflow/dags/news_pipeline_dag.py                                1           0  0.17s           2026-05-09T15:57:02                      12
/opt/airflow/dags/mediapulse360_pipeline.py                           1           0  0.16s           2026-05-09T15:57:02                      12
================================================================================
[2026-05-09T15:57:46.011+0000] {manager.py:997} INFO - 
================================================================================
DAG File Processing Stats

File Path                                    PID    Runtime      # DAGs    # Errors  Last Runtime    Last Run               Last # of DB Queries
-------------------------------------------  -----  ---------  --------  ----------  --------------  -------------------  ----------------------
/opt/airflow/dags/mediapulse360_pipeline.py                           1           0  0.16s           2026-05-09T15:57:33                      12
/opt/airflow/dags/news_pipeline_dag.py                                1           0  0.14s           2026-05-09T15:57:33                      12
================================================================================
[2026-05-09T15:57:49.032+0000] {manager.py:821} INFO - Searching for files in /opt/airflow/dags
[2026-05-09T15:57:49.086+0000] {manager.py:824} INFO - There are 2 files in /opt/airflow/dags
[2026-05-09T15:58:16.447+0000] {manager.py:997} INFO - 
================================================================================
DAG File Processing Stats

File Path                                    PID    Runtime      # DAGs    # Errors  Last Runtime    Last Run               Last # of DB Queries
-------------------------------------------  -----  ---------  --------  ----------  --------------  -------------------  ----------------------
/opt/airflow/dags/mediapulse360_pipeline.py                           1           0  0.15s           2026-05-09T15:58:03                      12
/opt/airflow/dags/news_pipeline_dag.py                                1           0  0.14s           2026-05-09T15:58:03                      12
================================================================================
[2026-05-09T15:58:46.987+0000] {manager.py:997} INFO - 
================================================================================
DAG File Processing Stats

File Path                                    PID    Runtime      # DAGs    # Errors  Last Runtime    Last Run               Last # of DB Queries
-------------------------------------------  -----  ---------  --------  ----------  --------------  -------------------  ----------------------
/opt/airflow/dags/mediapulse360_pipeline.py                           1           0  0.15s           2026-05-09T15:58:33                      12
/opt/airflow/dags/news_pipeline_dag.py                                1           0  0.12s           2026-05-09T15:58:33                      12
================================================================================
[2026-05-09T15:59:17.355+0000] {manager.py:997} INFO - 
================================================================================
DAG File Processing Stats

File Path                                    PID    Runtime      # DAGs    # Errors  Last Runtime    Last Run               Last # of DB Queries
-------------------------------------------  -----  ---------  --------  ----------  --------------  -------------------  ----------------------
/opt/airflow/dags/mediapulse360_pipeline.py                           1           0  0.16s           2026-05-09T15:59:04                      12
/opt/airflow/dags/news_pipeline_dag.py                                1           0  0.16s           2026-05-09T15:59:04                      12
================================================================================
[2026-05-09T15:59:47.803+0000] {manager.py:997} INFO - 
================================================================================
DAG File Processing Stats

File Path                                    PID    Runtime      # DAGs    # Errors  Last Runtime    Last Run               Last # of DB Queries
-------------------------------------------  -----  ---------  --------  ----------  --------------  -------------------  ----------------------
/opt/airflow/dags/news_pipeline_dag.py                                1           0  0.13s           2026-05-09T15:59:34                      12
/opt/airflow/dags/mediapulse360_pipeline.py                           1           0  0.13s           2026-05-09T15:59:34                      12
================================================================================
[2026-05-09T16:00:18.218+0000] {manager.py:997} INFO - 
================================================================================
DAG File Processing Stats

File Path                                    PID    Runtime      # DAGs    # Errors  Last Runtime    Last Run               Last # of DB Queries
-------------------------------------------  -----  ---------  --------  ----------  --------------  -------------------  ----------------------
/opt/airflow/dags/news_pipeline_dag.py                                1           0  2.25s           2026-05-09T16:00:07                      12
/opt/airflow/dags/mediapulse360_pipeline.py                           1           0  2.11s           2026-05-09T16:00:07                      12
================================================================================
[2026-05-09T16:00:48.723+0000] {manager.py:997} INFO - 
================================================================================
DAG File Processing Stats

File Path                                    PID    Runtime      # DAGs    # Errors  Last Runtime    Last Run               Last # of DB Queries
-------------------------------------------  -----  ---------  --------  ----------  --------------  -------------------  ----------------------
/opt/airflow/dags/mediapulse360_pipeline.py                           1           0  0.25s           2026-05-09T16:00:37                      12
/opt/airflow/dags/news_pipeline_dag.py                                1           0  0.18s           2026-05-09T16:00:37                      12
================================================================================
[2026-05-09T16:01:19.174+0000] {manager.py:997} INFO - 
================================================================================
DAG File Processing Stats

File Path                                    PID    Runtime      # DAGs    # Errors  Last Runtime    Last Run               Last # of DB Queries
-------------------------------------------  -----  ---------  --------  ----------  --------------  -------------------  ----------------------
/opt/airflow/dags/mediapulse360_pipeline.py                           1           0  0.14s           2026-05-09T16:01:08                      12
/opt/airflow/dags/news_pipeline_dag.py                                1           0  0.14s           2026-05-09T16:01:08                      12
================================================================================
[2026-05-09T16:01:49.525+0000] {manager.py:997} INFO - 
================================================================================
DAG File Processing Stats

File Path                                    PID    Runtime      # DAGs    # Errors  Last Runtime    Last Run               Last # of DB Queries
-------------------------------------------  -----  ---------  --------  ----------  --------------  -------------------  ----------------------
/opt/airflow/dags/mediapulse360_pipeline.py                           1           0  0.15s           2026-05-09T16:01:38                      12
/opt/airflow/dags/news_pipeline_dag.py                                1           0  0.14s           2026-05-09T16:01:38                      12
================================================================================
[2026-05-09T16:02:19.927+0000] {manager.py:997} INFO - 
================================================================================
DAG File Processing Stats

File Path                                    PID    Runtime      # DAGs    # Errors  Last Runtime    Last Run               Last # of DB Queries
-------------------------------------------  -----  ---------  --------  ----------  --------------  -------------------  ----------------------
/opt/airflow/dags/mediapulse360_pipeline.py                           1           0  0.20s           2026-05-09T16:02:08                      12
/opt/airflow/dags/news_pipeline_dag.py                                1           0  0.19s           2026-05-09T16:02:08                      12
================================================================================
[2026-05-09T16:02:49.348+0000] {manager.py:821} INFO - Searching for files in /opt/airflow/dags
[2026-05-09T16:02:49.393+0000] {manager.py:824} INFO - There are 2 files in /opt/airflow/dags
[2026-05-09T16:02:50.427+0000] {manager.py:997} INFO - 
================================================================================
DAG File Processing Stats

File Path                                    PID    Runtime      # DAGs    # Errors  Last Runtime    Last Run               Last # of DB Queries
-------------------------------------------  -----  ---------  --------  ----------  --------------  -------------------  ----------------------
/opt/airflow/dags/mediapulse360_pipeline.py                           1           0  0.15s           2026-05-09T16:02:39                      12
/opt/airflow/dags/news_pipeline_dag.py                                1           0  0.13s           2026-05-09T16:02:39                      12
================================================================================
[2026-05-09T16:03:20.821+0000] {manager.py:997} INFO - 
================================================================================
DAG File Processing Stats

File Path                                    PID    Runtime      # DAGs    # Errors  Last Runtime    Last Run               Last # of DB Queries
-------------------------------------------  -----  ---------  --------  ----------  --------------  -------------------  ----------------------
/opt/airflow/dags/mediapulse360_pipeline.py                           1           0  0.23s           2026-05-09T16:03:09                      12
/opt/airflow/dags/news_pipeline_dag.py                                1           0  0.21s           2026-05-09T16:03:09                      12
================================================================================
[2026-05-09T16:03:51.207+0000] {manager.py:997} INFO - 
================================================================================
DAG File Processing Stats

File Path                                    PID    Runtime      # DAGs    # Errors  Last Runtime    Last Run               Last # of DB Queries
-------------------------------------------  -----  ---------  --------  ----------  --------------  -------------------  ----------------------
/opt/airflow/dags/mediapulse360_pipeline.py                           1           0  0.20s           2026-05-09T16:03:40                      12
/opt/airflow/dags/news_pipeline_dag.py                                1           0  0.18s           2026-05-09T16:03:40                      12
================================================================================
[2026-05-09T16:04:21.534+0000] {manager.py:997} INFO - 
================================================================================
DAG File Processing Stats

File Path                                    PID    Runtime      # DAGs    # Errors  Last Runtime    Last Run               Last # of DB Queries
-------------------------------------------  -----  ---------  --------  ----------  --------------  -------------------  ----------------------
/opt/airflow/dags/mediapulse360_pipeline.py                           1           0  0.16s           2026-05-09T16:04:10                      12
/opt/airflow/dags/news_pipeline_dag.py                                1           0  0.15s           2026-05-09T16:04:10                      12
================================================================================
[2026-05-09T16:04:52.053+0000] {manager.py:997} INFO - 
================================================================================
DAG File Processing Stats

File Path                                    PID    Runtime      # DAGs    # Errors  Last Runtime    Last Run               Last # of DB Queries
-------------------------------------------  -----  ---------  --------  ----------  --------------  -------------------  ----------------------
/opt/airflow/dags/mediapulse360_pipeline.py                           1           0  0.16s           2026-05-09T16:04:40                      12
/opt/airflow/dags/news_pipeline_dag.py                                1           0  0.14s           2026-05-09T16:04:40                      12
================================================================================
[2026-05-09T16:05:22.600+0000] {manager.py:997} INFO - 
================================================================================
DAG File Processing Stats

File Path                                    PID    Runtime      # DAGs    # Errors  Last Runtime    Last Run               Last # of DB Queries
-------------------------------------------  -----  ---------  --------  ----------  --------------  -------------------  ----------------------
/opt/airflow/dags/mediapulse360_pipeline.py                           1           0  0.20s           2026-05-09T16:05:11                      12
/opt/airflow/dags/news_pipeline_dag.py                                1           0  0.19s           2026-05-09T16:05:11                      12
================================================================================
[2026-05-09T16:05:53.035+0000] {manager.py:997} INFO - 
================================================================================
DAG File Processing Stats

File Path                                    PID    Runtime      # DAGs    # Errors  Last Runtime    Last Run               Last # of DB Queries
-------------------------------------------  -----  ---------  --------  ----------  --------------  -------------------  ----------------------
/opt/airflow/dags/mediapulse360_pipeline.py                           1           0  0.17s           2026-05-09T16:05:42                      12
/opt/airflow/dags/news_pipeline_dag.py                                1           0  0.15s           2026-05-09T16:05:42                      12
================================================================================
[2026-05-09T16:06:23.455+0000] {manager.py:997} INFO - 
================================================================================
DAG File Processing Stats

File Path                                    PID    Runtime      # DAGs    # Errors  Last Runtime    Last Run               Last # of DB Queries
-------------------------------------------  -----  ---------  --------  ----------  --------------  -------------------  ----------------------
/opt/airflow/dags/mediapulse360_pipeline.py                           1           0  0.16s           2026-05-09T16:06:12                      12
/opt/airflow/dags/news_pipeline_dag.py                                1           0  0.15s           2026-05-09T16:06:12                      12
================================================================================
[2026-05-09T16:06:53.859+0000] {manager.py:997} INFO - 
================================================================================
DAG File Processing Stats

File Path                                    PID    Runtime      # DAGs    # Errors  Last Runtime    Last Run               Last # of DB Queries
-------------------------------------------  -----  ---------  --------  ----------  --------------  -------------------  ----------------------
/opt/airflow/dags/mediapulse360_pipeline.py                           1           0  0.27s           2026-05-09T16:06:42                      12
/opt/airflow/dags/news_pipeline_dag.py                                1           0  0.24s           2026-05-09T16:06:42                      12
================================================================================
[2026-05-09T16:07:24.360+0000] {manager.py:997} INFO - 
================================================================================
DAG File Processing Stats

File Path                                    PID    Runtime      # DAGs    # Errors  Last Runtime    Last Run               Last # of DB Queries
-------------------------------------------  -----  ---------  --------  ----------  --------------  -------------------  ----------------------
/opt/airflow/dags/mediapulse360_pipeline.py                           1           0  0.19s           2026-05-09T16:07:13                      12
/opt/airflow/dags/news_pipeline_dag.py                                1           0  0.18s           2026-05-09T16:07:13                      12
================================================================================
[2026-05-09T16:07:50.246+0000] {manager.py:821} INFO - Searching for files in /opt/airflow/dags
[2026-05-09T16:07:50.315+0000] {manager.py:824} INFO - There are 2 files in /opt/airflow/dags
[2026-05-09T16:07:54.386+0000] {manager.py:997} INFO - 
================================================================================
DAG File Processing Stats

File Path                                    PID    Runtime      # DAGs    # Errors  Last Runtime    Last Run               Last # of DB Queries
-------------------------------------------  -----  ---------  --------  ----------  --------------  -------------------  ----------------------
/opt/airflow/dags/news_pipeline_dag.py                                1           0  0.61s           2026-05-09T16:07:44                      12
/opt/airflow/dags/mediapulse360_pipeline.py                           1           0  0.60s           2026-05-09T16:07:44                      12
================================================================================
[2026-05-09T16:08:24.942+0000] {manager.py:997} INFO - 
================================================================================
DAG File Processing Stats

File Path                                    PID    Runtime      # DAGs    # Errors  Last Runtime    Last Run               Last # of DB Queries
-------------------------------------------  -----  ---------  --------  ----------  --------------  -------------------  ----------------------
/opt/airflow/dags/news_pipeline_dag.py                                1           0  0.23s           2026-05-09T16:08:14                      12
/opt/airflow/dags/mediapulse360_pipeline.py                           1           0  0.22s           2026-05-09T16:08:14                      12
================================================================================
[2026-05-09T16:08:55.284+0000] {manager.py:997} INFO - 
================================================================================
DAG File Processing Stats

File Path                                    PID    Runtime      # DAGs    # Errors  Last Runtime    Last Run               Last # of DB Queries
-------------------------------------------  -----  ---------  --------  ----------  --------------  -------------------  ----------------------
/opt/airflow/dags/mediapulse360_pipeline.py                           1           0  0.25s           2026-05-09T16:08:45                      12
/opt/airflow/dags/news_pipeline_dag.py                                1           0  0.22s           2026-05-09T16:08:45                      12
================================================================================
[2026-05-09T16:09:25.719+0000] {manager.py:997} INFO - 
================================================================================
DAG File Processing Stats

File Path                                    PID    Runtime      # DAGs    # Errors  Last Runtime    Last Run               Last # of DB Queries
-------------------------------------------  -----  ---------  --------  ----------  --------------  -------------------  ----------------------
/opt/airflow/dags/mediapulse360_pipeline.py                           1           0  0.16s           2026-05-09T16:09:15                      12
/opt/airflow/dags/news_pipeline_dag.py                                1           0  0.15s           2026-05-09T16:09:15                      12
================================================================================
[2026-05-09T16:09:56.453+0000] {manager.py:997} INFO - 
================================================================================
DAG File Processing Stats

File Path                                    PID    Runtime      # DAGs    # Errors  Last Runtime    Last Run               Last # of DB Queries
-------------------------------------------  -----  ---------  --------  ----------  --------------  -------------------  ----------------------
/opt/airflow/dags/mediapulse360_pipeline.py                           1           0  0.37s           2026-05-09T16:09:46                      12
/opt/airflow/dags/news_pipeline_dag.py                                1           0  0.33s           2026-05-09T16:09:46                      12
================================================================================
[2026-05-09T16:10:26.799+0000] {manager.py:997} INFO - 
================================================================================
DAG File Processing Stats

File Path                                    PID    Runtime      # DAGs    # Errors  Last Runtime    Last Run               Last # of DB Queries
-------------------------------------------  -----  ---------  --------  ----------  --------------  -------------------  ----------------------
/opt/airflow/dags/mediapulse360_pipeline.py                           1           0  0.17s           2026-05-09T16:10:16                      12
/opt/airflow/dags/news_pipeline_dag.py                                1           0  0.15s           2026-05-09T16:10:16                      12
================================================================================
[2026-05-09T16:10:57.251+0000] {manager.py:997} INFO - 
================================================================================
DAG File Processing Stats

File Path                                    PID    Runtime      # DAGs    # Errors  Last Runtime    Last Run               Last # of DB Queries
-------------------------------------------  -----  ---------  --------  ----------  --------------  -------------------  ----------------------
/opt/airflow/dags/news_pipeline_dag.py                                1           0  0.14s           2026-05-09T16:10:47                      12
/opt/airflow/dags/mediapulse360_pipeline.py                           1           0  0.14s           2026-05-09T16:10:47                      12
================================================================================
[2026-05-09T16:11:27.564+0000] {manager.py:997} INFO - 
================================================================================
DAG File Processing Stats

File Path                                    PID    Runtime      # DAGs    # Errors  Last Runtime    Last Run               Last # of DB Queries
-------------------------------------------  -----  ---------  --------  ----------  --------------  -------------------  ----------------------
/opt/airflow/dags/mediapulse360_pipeline.py                           1           0  0.18s           2026-05-09T16:11:17                      12
/opt/airflow/dags/news_pipeline_dag.py                                1           0  0.17s           2026-05-09T16:11:17                      12
================================================================================
[2026-05-09T16:11:58.013+0000] {manager.py:997} INFO - 
================================================================================
DAG File Processing Stats

File Path                                    PID    Runtime      # DAGs    # Errors  Last Runtime    Last Run               Last # of DB Queries
-------------------------------------------  -----  ---------  --------  ----------  --------------  -------------------  ----------------------
/opt/airflow/dags/mediapulse360_pipeline.py                           1           0  0.15s           2026-05-09T16:11:47                      12
/opt/airflow/dags/news_pipeline_dag.py                                1           0  0.14s           2026-05-09T16:11:47                      12
================================================================================
[2026-05-09T16:12:28.401+0000] {manager.py:997} INFO - 
================================================================================
DAG File Processing Stats

File Path                                    PID    Runtime      # DAGs    # Errors  Last Runtime    Last Run               Last # of DB Queries
-------------------------------------------  -----  ---------  --------  ----------  --------------  -------------------  ----------------------
/opt/airflow/dags/mediapulse360_pipeline.py                           1           0  0.29s           2026-05-09T16:12:18                      12
/opt/airflow/dags/news_pipeline_dag.py                                1           0  0.26s           2026-05-09T16:12:18                      12
================================================================================
[2026-05-09T16:12:50.768+0000] {manager.py:821} INFO - Searching for files in /opt/airflow/dags
[2026-05-09T16:12:50.828+0000] {manager.py:824} INFO - There are 2 files in /opt/airflow/dags
[2026-05-09T16:12:58.928+0000] {manager.py:997} INFO - 
================================================================================
DAG File Processing Stats

File Path                                    PID    Runtime      # DAGs    # Errors  Last Runtime    Last Run               Last # of DB Queries
-------------------------------------------  -----  ---------  --------  ----------  --------------  -------------------  ----------------------
/opt/airflow/dags/mediapulse360_pipeline.py                           1           0  0.14s           2026-05-09T16:12:48                      12
/opt/airflow/dags/news_pipeline_dag.py                                1           0  0.14s           2026-05-09T16:12:48                      12
================================================================================
[2026-05-09T16:13:29.266+0000] {manager.py:997} INFO - 
================================================================================
DAG File Processing Stats

File Path                                    PID    Runtime      # DAGs    # Errors  Last Runtime    Last Run               Last # of DB Queries
-------------------------------------------  -----  ---------  --------  ----------  --------------  -------------------  ----------------------
/opt/airflow/dags/mediapulse360_pipeline.py                           1           0  0.13s           2026-05-09T16:13:19                      12
/opt/airflow/dags/news_pipeline_dag.py                                1           0  0.12s           2026-05-09T16:13:19                      12
================================================================================
[2026-05-09T16:14:00.123+0000] {manager.py:997} INFO - 
================================================================================
DAG File Processing Stats

File Path                                    PID    Runtime      # DAGs    # Errors  Last Runtime    Last Run               Last # of DB Queries
-------------------------------------------  -----  ---------  --------  ----------  --------------  -------------------  ----------------------
/opt/airflow/dags/news_pipeline_dag.py                                1           0  0.56s           2026-05-09T16:13:50                      12
/opt/airflow/dags/mediapulse360_pipeline.py                           1           0  0.56s           2026-05-09T16:13:50                      12
================================================================================
[2026-05-09T16:14:30.459+0000] {manager.py:997} INFO - 
================================================================================
DAG File Processing Stats

File Path                                    PID    Runtime      # DAGs    # Errors  Last Runtime    Last Run               Last # of DB Queries
-------------------------------------------  -----  ---------  --------  ----------  --------------  -------------------  ----------------------
/opt/airflow/dags/news_pipeline_dag.py                                1           0  0.19s           2026-05-09T16:14:20                      12
/opt/airflow/dags/mediapulse360_pipeline.py                           1           0  0.19s           2026-05-09T16:14:20                      12
================================================================================
[2026-05-09T16:15:01.092+0000] {manager.py:997} INFO - 
================================================================================
DAG File Processing Stats

File Path                                    PID    Runtime      # DAGs    # Errors  Last Runtime    Last Run               Last # of DB Queries
-------------------------------------------  -----  ---------  --------  ----------  --------------  -------------------  ----------------------
/opt/airflow/dags/news_pipeline_dag.py                                1           0  0.85s           2026-05-09T16:14:52                      12
/opt/airflow/dags/mediapulse360_pipeline.py                           1           0  0.65s           2026-05-09T16:14:51                      12
================================================================================
[2026-05-09T16:15:31.590+0000] {manager.py:997} INFO - 
================================================================================
DAG File Processing Stats

File Path                                    PID    Runtime      # DAGs    # Errors  Last Runtime    Last Run               Last # of DB Queries
-------------------------------------------  -----  ---------  --------  ----------  --------------  -------------------  ----------------------
/opt/airflow/dags/mediapulse360_pipeline.py                           1           0  0.20s           2026-05-09T16:15:22                      12
/opt/airflow/dags/news_pipeline_dag.py                                1           0  0.19s           2026-05-09T16:15:22                      12
================================================================================
[2026-05-09T16:16:02.004+0000] {manager.py:997} INFO - 
================================================================================
DAG File Processing Stats

File Path                                    PID    Runtime      # DAGs    # Errors  Last Runtime    Last Run               Last # of DB Queries
-------------------------------------------  -----  ---------  --------  ----------  --------------  -------------------  ----------------------
/opt/airflow/dags/mediapulse360_pipeline.py                           1           0  0.19s           2026-05-09T16:15:53                      12
/opt/airflow/dags/news_pipeline_dag.py                                1           0  0.18s           2026-05-09T16:15:53                      12
================================================================================
[2026-05-09T16:16:32.478+0000] {manager.py:997} INFO - 
================================================================================
DAG File Processing Stats

File Path                                    PID    Runtime      # DAGs    # Errors  Last Runtime    Last Run               Last # of DB Queries
-------------------------------------------  -----  ---------  --------  ----------  --------------  -------------------  ----------------------
/opt/airflow/dags/mediapulse360_pipeline.py                           1           0  0.19s           2026-05-09T16:16:23                      12
/opt/airflow/dags/news_pipeline_dag.py                                1           0  0.19s           2026-05-09T16:16:23                      12
================================================================================
[2026-05-09T16:17:02.949+0000] {manager.py:997} INFO - 
================================================================================
DAG File Processing Stats

File Path                                    PID    Runtime      # DAGs    # Errors  Last Runtime    Last Run               Last # of DB Queries
-------------------------------------------  -----  ---------  --------  ----------  --------------  -------------------  ----------------------
/opt/airflow/dags/mediapulse360_pipeline.py                           1           0  0.16s           2026-05-09T16:16:53                      12
/opt/airflow/dags/news_pipeline_dag.py                                1           0  0.16s           2026-05-09T16:16:53                      12
================================================================================
[2026-05-09T16:17:33.303+0000] {manager.py:997} INFO - 
================================================================================
DAG File Processing Stats

File Path                                    PID    Runtime      # DAGs    # Errors  Last Runtime    Last Run               Last # of DB Queries
-------------------------------------------  -----  ---------  --------  ----------  --------------  -------------------  ----------------------
/opt/airflow/dags/mediapulse360_pipeline.py                           1           0  0.14s           2026-05-09T16:17:24                      12
/opt/airflow/dags/news_pipeline_dag.py                                1           0  0.13s           2026-05-09T16:17:24                      12
================================================================================
[2026-05-09T16:17:51.482+0000] {manager.py:821} INFO - Searching for files in /opt/airflow/dags
[2026-05-09T16:17:51.555+0000] {manager.py:824} INFO - There are 2 files in /opt/airflow/dags
[2026-05-09T16:18:03.756+0000] {manager.py:997} INFO - 
================================================================================
DAG File Processing Stats

File Path                                    PID    Runtime      # DAGs    # Errors  Last Runtime    Last Run               Last # of DB Queries
-------------------------------------------  -----  ---------  --------  ----------  --------------  -------------------  ----------------------
/opt/airflow/dags/mediapulse360_pipeline.py                           1           0  0.16s           2026-05-09T16:17:54                      12
/opt/airflow/dags/news_pipeline_dag.py                                1           0  0.13s           2026-05-09T16:17:54                      12
================================================================================
[2026-05-09T16:18:34.202+0000] {manager.py:997} INFO - 
================================================================================
DAG File Processing Stats

File Path                                    PID    Runtime      # DAGs    # Errors  Last Runtime    Last Run               Last # of DB Queries
-------------------------------------------  -----  ---------  --------  ----------  --------------  -------------------  ----------------------
/opt/airflow/dags/news_pipeline_dag.py                                1           0  0.18s           2026-05-09T16:18:25                      12
/opt/airflow/dags/mediapulse360_pipeline.py                           1           0  0.17s           2026-05-09T16:18:25                      12
================================================================================
[2026-05-09T16:19:04.649+0000] {manager.py:997} INFO - 
================================================================================
DAG File Processing Stats

File Path                                    PID    Runtime      # DAGs    # Errors  Last Runtime    Last Run               Last # of DB Queries
-------------------------------------------  -----  ---------  --------  ----------  --------------  -------------------  ----------------------
/opt/airflow/dags/mediapulse360_pipeline.py                           1           0  0.13s           2026-05-09T16:18:55                      12
/opt/airflow/dags/news_pipeline_dag.py                                1           0  0.12s           2026-05-09T16:18:55                      12
================================================================================
[2026-05-09T16:19:34.981+0000] {manager.py:997} INFO - 
================================================================================
DAG File Processing Stats

File Path                                    PID    Runtime      # DAGs    # Errors  Last Runtime    Last Run               Last # of DB Queries
-------------------------------------------  -----  ---------  --------  ----------  --------------  -------------------  ----------------------
/opt/airflow/dags/mediapulse360_pipeline.py                           1           0  0.13s           2026-05-09T16:19:25                      12
/opt/airflow/dags/news_pipeline_dag.py                                1           0  0.13s           2026-05-09T16:19:26                      12
================================================================================
[2026-05-09T16:20:05.394+0000] {manager.py:997} INFO - 
================================================================================
DAG File Processing Stats

File Path                                    PID    Runtime      # DAGs    # Errors  Last Runtime    Last Run               Last # of DB Queries
-------------------------------------------  -----  ---------  --------  ----------  --------------  -------------------  ----------------------
/opt/airflow/dags/mediapulse360_pipeline.py                           1           0  0.12s           2026-05-09T16:19:56                      12
/opt/airflow/dags/news_pipeline_dag.py                                1           0  0.12s           2026-05-09T16:19:56                      12
================================================================================
[2026-05-09T16:20:35.765+0000] {manager.py:997} INFO - 
================================================================================
DAG File Processing Stats

File Path                                    PID    Runtime      # DAGs    # Errors  Last Runtime    Last Run               Last # of DB Queries
-------------------------------------------  -----  ---------  --------  ----------  --------------  -------------------  ----------------------
/opt/airflow/dags/mediapulse360_pipeline.py                           1           0  0.16s           2026-05-09T16:20:26                      12
/opt/airflow/dags/news_pipeline_dag.py                                1           0  0.15s           2026-05-09T16:20:26                      12
================================================================================
[2026-05-09T16:21:06.158+0000] {manager.py:997} INFO - 
================================================================================
DAG File Processing Stats

File Path                                    PID    Runtime      # DAGs    # Errors  Last Runtime    Last Run               Last # of DB Queries
-------------------------------------------  -----  ---------  --------  ----------  --------------  -------------------  ----------------------
/opt/airflow/dags/mediapulse360_pipeline.py                           1           0  0.18s           2026-05-09T16:20:57                      12
/opt/airflow/dags/news_pipeline_dag.py                                1           0  0.16s           2026-05-09T16:20:57                      12
================================================================================
[2026-05-09T16:21:36.532+0000] {manager.py:997} INFO - 
================================================================================
DAG File Processing Stats

File Path                                    PID    Runtime      # DAGs    # Errors  Last Runtime    Last Run               Last # of DB Queries
-------------------------------------------  -----  ---------  --------  ----------  --------------  -------------------  ----------------------
/opt/airflow/dags/mediapulse360_pipeline.py                           1           0  0.16s           2026-05-09T16:21:27                      12
/opt/airflow/dags/news_pipeline_dag.py                                1           0  0.15s           2026-05-09T16:21:27                      12
================================================================================
[2026-05-09T16:22:06.983+0000] {manager.py:997} INFO - 
================================================================================
DAG File Processing Stats

File Path                                    PID    Runtime      # DAGs    # Errors  Last Runtime    Last Run               Last # of DB Queries
-------------------------------------------  -----  ---------  --------  ----------  --------------  -------------------  ----------------------
/opt/airflow/dags/mediapulse360_pipeline.py                           1           0  0.19s           2026-05-09T16:21:57                      12
/opt/airflow/dags/news_pipeline_dag.py                                1           0  0.19s           2026-05-09T16:21:57                      12
================================================================================
[2026-05-09T16:22:37.482+0000] {manager.py:997} INFO - 
================================================================================
DAG File Processing Stats

File Path                                    PID    Runtime      # DAGs    # Errors  Last Runtime    Last Run               Last # of DB Queries
-------------------------------------------  -----  ---------  --------  ----------  --------------  -------------------  ----------------------
/opt/airflow/dags/mediapulse360_pipeline.py                           1           0  0.21s           2026-05-09T16:22:28                      12
/opt/airflow/dags/news_pipeline_dag.py                                1           0  0.21s           2026-05-09T16:22:28                      12
================================================================================
[2026-05-09T16:22:51.614+0000] {manager.py:821} INFO - Searching for files in /opt/airflow/dags
[2026-05-09T16:22:51.679+0000] {manager.py:824} INFO - There are 2 files in /opt/airflow/dags
[2026-05-09T16:23:08.129+0000] {manager.py:997} INFO - 
================================================================================
DAG File Processing Stats

File Path                                    PID    Runtime      # DAGs    # Errors  Last Runtime    Last Run               Last # of DB Queries
-------------------------------------------  -----  ---------  --------  ----------  --------------  -------------------  ----------------------
/opt/airflow/dags/mediapulse360_pipeline.py                           1           0  0.16s           2026-05-09T16:22:58                      12
/opt/airflow/dags/news_pipeline_dag.py                                1           0  0.16s           2026-05-09T16:22:58                      12
================================================================================
[2026-05-09T16:23:38.370+0000] {manager.py:997} INFO - 
================================================================================
DAG File Processing Stats

File Path                                    PID    Runtime      # DAGs    # Errors  Last Runtime    Last Run               Last # of DB Queries
-------------------------------------------  -----  ---------  --------  ----------  --------------  -------------------  ----------------------
/opt/airflow/dags/news_pipeline_dag.py                                1           0  0.13s           2026-05-09T16:23:29                      12
/opt/airflow/dags/mediapulse360_pipeline.py                           1           0  0.12s           2026-05-09T16:23:29                      12
================================================================================
[2026-05-09T16:24:08.882+0000] {manager.py:997} INFO - 
================================================================================
DAG File Processing Stats

File Path                                    PID    Runtime      # DAGs    # Errors  Last Runtime    Last Run               Last # of DB Queries
-------------------------------------------  -----  ---------  --------  ----------  --------------  -------------------  ----------------------
/opt/airflow/dags/mediapulse360_pipeline.py                           1           0  0.15s           2026-05-09T16:23:59                      12
/opt/airflow/dags/news_pipeline_dag.py                                1           0  0.15s           2026-05-09T16:23:59                      12
================================================================================
[2026-05-09T16:24:39.300+0000] {manager.py:997} INFO - 
================================================================================
DAG File Processing Stats

File Path                                    PID    Runtime      # DAGs    # Errors  Last Runtime    Last Run               Last # of DB Queries
-------------------------------------------  -----  ---------  --------  ----------  --------------  -------------------  ----------------------
/opt/airflow/dags/mediapulse360_pipeline.py                           1           0  0.14s           2026-05-09T16:24:30                      12
/opt/airflow/dags/news_pipeline_dag.py                                1           0  0.14s           2026-05-09T16:24:30                      12
================================================================================
[2026-05-09T16:25:09.775+0000] {manager.py:997} INFO - 
================================================================================
DAG File Processing Stats

File Path                                    PID    Runtime      # DAGs    # Errors  Last Runtime    Last Run               Last # of DB Queries
-------------------------------------------  -----  ---------  --------  ----------  --------------  -------------------  ----------------------
/opt/airflow/dags/news_pipeline_dag.py                                1           0  0.14s           2026-05-09T16:25:00                      12
/opt/airflow/dags/mediapulse360_pipeline.py                           1           0  0.14s           2026-05-09T16:25:00                      12
================================================================================
[2026-05-09T16:25:39.867+0000] {manager.py:997} INFO - 
================================================================================
DAG File Processing Stats

File Path                                    PID    Runtime      # DAGs    # Errors  Last Runtime    Last Run               Last # of DB Queries
-------------------------------------------  -----  ---------  --------  ----------  --------------  -------------------  ----------------------
/opt/airflow/dags/news_pipeline_dag.py                                1           0  0.77s           2026-05-09T16:25:31                      12
/opt/airflow/dags/mediapulse360_pipeline.py                           1           0  0.59s           2026-05-09T16:25:31                      12
================================================================================
[2026-05-09T16:26:10.173+0000] {manager.py:997} INFO - 
================================================================================
DAG File Processing Stats

File Path                                    PID    Runtime      # DAGs    # Errors  Last Runtime    Last Run               Last # of DB Queries
-------------------------------------------  -----  ---------  --------  ----------  --------------  -------------------  ----------------------
/opt/airflow/dags/news_pipeline_dag.py                                1           0  0.22s           2026-05-09T16:26:02                      12
/opt/airflow/dags/mediapulse360_pipeline.py                           1           0  0.21s           2026-05-09T16:26:02                      12
================================================================================
[2026-05-09T16:26:40.512+0000] {manager.py:997} INFO - 
================================================================================
DAG File Processing Stats

File Path                                    PID    Runtime      # DAGs    # Errors  Last Runtime    Last Run               Last # of DB Queries
-------------------------------------------  -----  ---------  --------  ----------  --------------  -------------------  ----------------------
/opt/airflow/dags/mediapulse360_pipeline.py                           1           0  0.14s           2026-05-09T16:26:32                      12
/opt/airflow/dags/news_pipeline_dag.py                                1           0  0.13s           2026-05-09T16:26:32                      12
================================================================================
[2026-05-09T16:27:10.958+0000] {manager.py:997} INFO - 
================================================================================
DAG File Processing Stats

File Path                                    PID    Runtime      # DAGs    # Errors  Last Runtime    Last Run               Last # of DB Queries
-------------------------------------------  -----  ---------  --------  ----------  --------------  -------------------  ----------------------
/opt/airflow/dags/news_pipeline_dag.py                                1           0  0.17s           2026-05-09T16:27:02                      12
/opt/airflow/dags/mediapulse360_pipeline.py                           1           0  0.17s           2026-05-09T16:27:02                      12
================================================================================
[2026-05-09T16:27:41.314+0000] {manager.py:997} INFO - 
================================================================================
DAG File Processing Stats

File Path                                    PID    Runtime      # DAGs    # Errors  Last Runtime    Last Run               Last # of DB Queries
-------------------------------------------  -----  ---------  --------  ----------  --------------  -------------------  ----------------------
/opt/airflow/dags/mediapulse360_pipeline.py                           1           0  0.19s           2026-05-09T16:27:33                      12
/opt/airflow/dags/news_pipeline_dag.py                                1           0  0.17s           2026-05-09T16:27:33                      12
================================================================================
[2026-05-09T16:27:52.420+0000] {manager.py:821} INFO - Searching for files in /opt/airflow/dags
[2026-05-09T16:27:52.474+0000] {manager.py:824} INFO - There are 2 files in /opt/airflow/dags
[2026-05-09T16:28:11.812+0000] {manager.py:997} INFO - 
================================================================================
DAG File Processing Stats

File Path                                    PID    Runtime      # DAGs    # Errors  Last Runtime    Last Run               Last # of DB Queries
-------------------------------------------  -----  ---------  --------  ----------  --------------  -------------------  ----------------------
/opt/airflow/dags/news_pipeline_dag.py                                1           0  0.13s           2026-05-09T16:28:03                      12
/opt/airflow/dags/mediapulse360_pipeline.py                           1           0  0.13s           2026-05-09T16:28:03                      12
================================================================================
[2026-05-09T16:28:42.424+0000] {manager.py:997} INFO - 
================================================================================
DAG File Processing Stats

File Path                                    PID    Runtime      # DAGs    # Errors  Last Runtime    Last Run               Last # of DB Queries
-------------------------------------------  -----  ---------  --------  ----------  --------------  -------------------  ----------------------
/opt/airflow/dags/mediapulse360_pipeline.py                           1           0  0.22s           2026-05-09T16:28:34                      12
/opt/airflow/dags/news_pipeline_dag.py                                1           0  0.20s           2026-05-09T16:28:34                      12
================================================================================
[2026-05-09T16:29:12.945+0000] {manager.py:997} INFO - 
================================================================================
DAG File Processing Stats

File Path                                    PID    Runtime      # DAGs    # Errors  Last Runtime    Last Run               Last # of DB Queries
-------------------------------------------  -----  ---------  --------  ----------  --------------  -------------------  ----------------------
/opt/airflow/dags/mediapulse360_pipeline.py                           1           0  0.24s           2026-05-09T16:29:04                      12
/opt/airflow/dags/news_pipeline_dag.py                                1           0  0.23s           2026-05-09T16:29:04                      12
================================================================================
[2026-05-09T16:29:43.270+0000] {manager.py:997} INFO - 
================================================================================
DAG File Processing Stats

File Path                                    PID    Runtime      # DAGs    # Errors  Last Runtime    Last Run               Last # of DB Queries
-------------------------------------------  -----  ---------  --------  ----------  --------------  -------------------  ----------------------
/opt/airflow/dags/mediapulse360_pipeline.py                           1           0  0.24s           2026-05-09T16:29:35                      12
/opt/airflow/dags/news_pipeline_dag.py                                1           0  0.21s           2026-05-09T16:29:35                      12
================================================================================
[2026-05-09T16:30:13.697+0000] {manager.py:997} INFO - 
================================================================================
DAG File Processing Stats

File Path                                    PID    Runtime      # DAGs    # Errors  Last Runtime    Last Run               Last # of DB Queries
-------------------------------------------  -----  ---------  --------  ----------  --------------  -------------------  ----------------------
/opt/airflow/dags/mediapulse360_pipeline.py                           1           0  0.13s           2026-05-09T16:30:05                      12
/opt/airflow/dags/news_pipeline_dag.py                                1           0  0.13s           2026-05-09T16:30:05                      12
================================================================================
[2026-05-09T16:30:44.181+0000] {manager.py:997} INFO - 
================================================================================
DAG File Processing Stats

File Path                                    PID    Runtime      # DAGs    # Errors  Last Runtime    Last Run               Last # of DB Queries
-------------------------------------------  -----  ---------  --------  ----------  --------------  -------------------  ----------------------
/opt/airflow/dags/mediapulse360_pipeline.py                           1           0  0.13s           2026-05-09T16:30:36                      12
/opt/airflow/dags/news_pipeline_dag.py                                1           0  0.12s           2026-05-09T16:30:36                      12
================================================================================
[2026-05-09T16:31:14.571+0000] {manager.py:997} INFO - 
================================================================================
DAG File Processing Stats

File Path                                    PID    Runtime      # DAGs    # Errors  Last Runtime    Last Run               Last # of DB Queries
-------------------------------------------  -----  ---------  --------  ----------  --------------  -------------------  ----------------------
/opt/airflow/dags/mediapulse360_pipeline.py                           1           0  0.16s           2026-05-09T16:31:06                      12
/opt/airflow/dags/news_pipeline_dag.py                                1           0  0.15s           2026-05-09T16:31:06                      12
================================================================================
[2026-05-09T16:31:44.928+0000] {manager.py:997} INFO - 
================================================================================
DAG File Processing Stats

File Path                                    PID    Runtime      # DAGs    # Errors  Last Runtime    Last Run               Last # of DB Queries
-------------------------------------------  -----  ---------  --------  ----------  --------------  -------------------  ----------------------
/opt/airflow/dags/mediapulse360_pipeline.py                           1           0  0.18s           2026-05-09T16:31:36                      12
/opt/airflow/dags/news_pipeline_dag.py                                1           0  0.15s           2026-05-09T16:31:36                      12
================================================================================
[2026-05-09T16:32:15.411+0000] {manager.py:997} INFO - 
================================================================================
DAG File Processing Stats

File Path                                    PID    Runtime      # DAGs    # Errors  Last Runtime    Last Run               Last # of DB Queries
-------------------------------------------  -----  ---------  --------  ----------  --------------  -------------------  ----------------------
/opt/airflow/dags/mediapulse360_pipeline.py                           1           0  0.19s           2026-05-09T16:32:07                      12
/opt/airflow/dags/news_pipeline_dag.py                                1           0  0.19s           2026-05-09T16:32:07                      12
================================================================================
[2026-05-09T16:32:45.732+0000] {manager.py:997} INFO - 
================================================================================
DAG File Processing Stats

File Path                                    PID    Runtime      # DAGs    # Errors  Last Runtime    Last Run               Last # of DB Queries
-------------------------------------------  -----  ---------  --------  ----------  --------------  -------------------  ----------------------
/opt/airflow/dags/mediapulse360_pipeline.py                           1           0  0.19s           2026-05-09T16:32:37                      12
/opt/airflow/dags/news_pipeline_dag.py                                1           0  0.17s           2026-05-09T16:32:37                      12
================================================================================
[2026-05-09T16:32:52.799+0000] {manager.py:821} INFO - Searching for files in /opt/airflow/dags
[2026-05-09T16:32:52.846+0000] {manager.py:824} INFO - There are 2 files in /opt/airflow/dags
[2026-05-09T16:33:16.274+0000] {manager.py:997} INFO - 
================================================================================
DAG File Processing Stats

File Path                                    PID    Runtime      # DAGs    # Errors  Last Runtime    Last Run               Last # of DB Queries
-------------------------------------------  -----  ---------  --------  ----------  --------------  -------------------  ----------------------
/opt/airflow/dags/mediapulse360_pipeline.py                           1           0  0.17s           2026-05-09T16:33:08                      12
/opt/airflow/dags/news_pipeline_dag.py                                1           0  0.17s           2026-05-09T16:33:08                      12
================================================================================
[2026-05-09T16:33:46.650+0000] {manager.py:997} INFO - 
================================================================================
DAG File Processing Stats

File Path                                    PID    Runtime      # DAGs    # Errors  Last Runtime    Last Run               Last # of DB Queries
-------------------------------------------  -----  ---------  --------  ----------  --------------  -------------------  ----------------------
/opt/airflow/dags/mediapulse360_pipeline.py                           1           0  0.27s           2026-05-09T16:33:38                      12
/opt/airflow/dags/news_pipeline_dag.py                                1           0  0.24s           2026-05-09T16:33:38                      12
================================================================================
[2026-05-09T16:34:17.203+0000] {manager.py:997} INFO - 
================================================================================
DAG File Processing Stats

File Path                                    PID    Runtime      # DAGs    # Errors  Last Runtime    Last Run               Last # of DB Queries
-------------------------------------------  -----  ---------  --------  ----------  --------------  -------------------  ----------------------
/opt/airflow/dags/mediapulse360_pipeline.py                           1           0  0.27s           2026-05-09T16:34:09                      12
/opt/airflow/dags/news_pipeline_dag.py                                1           0  0.25s           2026-05-09T16:34:09                      12
================================================================================
[2026-05-09T16:34:47.646+0000] {manager.py:997} INFO - 
================================================================================
DAG File Processing Stats

File Path                                    PID    Runtime      # DAGs    # Errors  Last Runtime    Last Run               Last # of DB Queries
-------------------------------------------  -----  ---------  --------  ----------  --------------  -------------------  ----------------------
/opt/airflow/dags/mediapulse360_pipeline.py                           1           0  0.15s           2026-05-09T16:34:39                      12
/opt/airflow/dags/news_pipeline_dag.py                                1           0  0.15s           2026-05-09T16:34:39                      12
================================================================================
[2026-05-09T16:35:18.061+0000] {manager.py:997} INFO - 
================================================================================
DAG File Processing Stats

File Path                                    PID    Runtime      # DAGs    # Errors  Last Runtime    Last Run               Last # of DB Queries
-------------------------------------------  -----  ---------  --------  ----------  --------------  -------------------  ----------------------
/opt/airflow/dags/mediapulse360_pipeline.py                           1           0  0.13s           2026-05-09T16:35:09                      12
/opt/airflow/dags/news_pipeline_dag.py                                1           0  0.12s           2026-05-09T16:35:10                      12
================================================================================
[2026-05-09T16:35:48.539+0000] {manager.py:997} INFO - 
================================================================================
DAG File Processing Stats

File Path                                    PID    Runtime      # DAGs    # Errors  Last Runtime    Last Run               Last # of DB Queries
-------------------------------------------  -----  ---------  --------  ----------  --------------  -------------------  ----------------------
/opt/airflow/dags/mediapulse360_pipeline.py                           1           0  0.13s           2026-05-09T16:35:40                      12
/opt/airflow/dags/news_pipeline_dag.py                                1           0  0.12s           2026-05-09T16:35:40                      12
================================================================================
[2026-05-09T16:36:18.883+0000] {manager.py:997} INFO - 
================================================================================
DAG File Processing Stats

File Path                                    PID    Runtime      # DAGs    # Errors  Last Runtime    Last Run               Last # of DB Queries
-------------------------------------------  -----  ---------  --------  ----------  --------------  -------------------  ----------------------
/opt/airflow/dags/mediapulse360_pipeline.py                           1           0  0.14s           2026-05-09T16:36:10                      12
/opt/airflow/dags/news_pipeline_dag.py                                1           0  0.14s           2026-05-09T16:36:10                      12
================================================================================
[2026-05-09T16:36:49.400+0000] {manager.py:997} INFO - 
================================================================================
DAG File Processing Stats

File Path                                    PID    Runtime      # DAGs    # Errors  Last Runtime    Last Run               Last # of DB Queries
-------------------------------------------  -----  ---------  --------  ----------  --------------  -------------------  ----------------------
/opt/airflow/dags/mediapulse360_pipeline.py                           1           0  0.12s           2026-05-09T16:36:41                      12
/opt/airflow/dags/news_pipeline_dag.py                                1           0  0.12s           2026-05-09T16:36:41                      12
================================================================================
[2026-05-09T16:37:19.788+0000] {manager.py:997} INFO - 
================================================================================
DAG File Processing Stats

File Path                                    PID    Runtime      # DAGs    # Errors  Last Runtime    Last Run               Last # of DB Queries
-------------------------------------------  -----  ---------  --------  ----------  --------------  -------------------  ----------------------
/opt/airflow/dags/mediapulse360_pipeline.py                           1           0  0.13s           2026-05-09T16:37:11                      12
/opt/airflow/dags/news_pipeline_dag.py                                1           0  0.12s           2026-05-09T16:37:11                      12
================================================================================
[2026-05-09T16:37:50.358+0000] {manager.py:997} INFO - 
================================================================================
DAG File Processing Stats

File Path                                    PID    Runtime      # DAGs    # Errors  Last Runtime    Last Run               Last # of DB Queries
-------------------------------------------  -----  ---------  --------  ----------  --------------  -------------------  ----------------------
/opt/airflow/dags/news_pipeline_dag.py                                1           0  0.15s           2026-05-09T16:37:42                      12
/opt/airflow/dags/mediapulse360_pipeline.py                           1           0  0.14s           2026-05-09T16:37:42                      12
================================================================================
[2026-05-09T16:37:53.383+0000] {manager.py:821} INFO - Searching for files in /opt/airflow/dags
[2026-05-09T16:37:53.433+0000] {manager.py:824} INFO - There are 2 files in /opt/airflow/dags
[2026-05-09T16:38:20.857+0000] {manager.py:997} INFO - 
================================================================================
DAG File Processing Stats

File Path                                    PID    Runtime      # DAGs    # Errors  Last Runtime    Last Run               Last # of DB Queries
-------------------------------------------  -----  ---------  --------  ----------  --------------  -------------------  ----------------------
/opt/airflow/dags/mediapulse360_pipeline.py                           1           0  0.21s           2026-05-09T16:38:12                      12
/opt/airflow/dags/news_pipeline_dag.py                                1           0  0.18s           2026-05-09T16:38:12                      12
================================================================================
[2026-05-09T16:38:51.287+0000] {manager.py:997} INFO - 
================================================================================
DAG File Processing Stats

File Path                                    PID    Runtime      # DAGs    # Errors  Last Runtime    Last Run               Last # of DB Queries
-------------------------------------------  -----  ---------  --------  ----------  --------------  -------------------  ----------------------
/opt/airflow/dags/news_pipeline_dag.py                                1           0  0.16s           2026-05-09T16:38:43                      12
/opt/airflow/dags/mediapulse360_pipeline.py                           1           0  0.15s           2026-05-09T16:38:43                      12
================================================================================
[2026-05-09T16:39:21.585+0000] {manager.py:997} INFO - 
================================================================================
DAG File Processing Stats

File Path                                    PID    Runtime      # DAGs    # Errors  Last Runtime    Last Run               Last # of DB Queries
-------------------------------------------  -----  ---------  --------  ----------  --------------  -------------------  ----------------------
/opt/airflow/dags/mediapulse360_pipeline.py                           1           0  0.16s           2026-05-09T16:39:13                      12
/opt/airflow/dags/news_pipeline_dag.py                                1           0  0.14s           2026-05-09T16:39:13                      12
================================================================================
[2026-05-09T16:39:52.074+0000] {manager.py:997} INFO - 
================================================================================
DAG File Processing Stats

File Path                                    PID    Runtime      # DAGs    # Errors  Last Runtime    Last Run               Last # of DB Queries
-------------------------------------------  -----  ---------  --------  ----------  --------------  -------------------  ----------------------
/opt/airflow/dags/mediapulse360_pipeline.py                           1           0  0.20s           2026-05-09T16:39:43                      12
/opt/airflow/dags/news_pipeline_dag.py                                1           0  0.17s           2026-05-09T16:39:43                      12
================================================================================
