[2026-05-09T10:40:20.128+0000] {processor.py:161} INFO - Started process (PID=164) to work on /opt/airflow/dags/mediapulse360_pipeline.py
[2026-05-09T10:40:20.132+0000] {processor.py:830} INFO - Processing file /opt/airflow/dags/mediapulse360_pipeline.py for tasks to queue
[2026-05-09T10:40:20.135+0000] {logging_mixin.py:188} INFO - [2026-05-09T10:40:20.134+0000] {dagbag.py:538} INFO - Filling up the DagBag from /opt/airflow/dags/mediapulse360_pipeline.py
[2026-05-09T10:40:20.172+0000] {logging_mixin.py:188} INFO - [2026-05-09T10:40:20.166+0000] {dagbag.py:348} ERROR - Failed to import: /opt/airflow/dags/mediapulse360_pipeline.py
Traceback (most recent call last):
  File "/home/airflow/.local/lib/python3.11/site-packages/airflow/models/dagbag.py", line 344, in parse
    loader.exec_module(new_module)
  File "<frozen importlib._bootstrap_external>", line 940, in exec_module
  File "<frozen importlib._bootstrap>", line 241, in _call_with_frames_removed
  File "/opt/airflow/dags/mediapulse360_pipeline.py", line 13, in <module>
    from airflow.utils.decorators import task
ImportError: cannot import name 'task' from 'airflow.utils.decorators' (/home/airflow/.local/lib/python3.11/site-packages/airflow/utils/decorators.py)
[2026-05-09T10:40:20.174+0000] {processor.py:842} WARNING - No viable dags retrieved from /opt/airflow/dags/mediapulse360_pipeline.py
[2026-05-09T10:40:20.210+0000] {processor.py:183} INFO - Processing /opt/airflow/dags/mediapulse360_pipeline.py took 0.088 seconds
[2026-05-09T10:40:50.742+0000] {processor.py:161} INFO - Started process (PID=174) to work on /opt/airflow/dags/mediapulse360_pipeline.py
[2026-05-09T10:40:50.744+0000] {processor.py:830} INFO - Processing file /opt/airflow/dags/mediapulse360_pipeline.py for tasks to queue
[2026-05-09T10:40:50.747+0000] {logging_mixin.py:188} INFO - [2026-05-09T10:40:50.746+0000] {dagbag.py:538} INFO - Filling up the DagBag from /opt/airflow/dags/mediapulse360_pipeline.py
[2026-05-09T10:40:50.767+0000] {logging_mixin.py:188} INFO - [2026-05-09T10:40:50.762+0000] {dagbag.py:348} ERROR - Failed to import: /opt/airflow/dags/mediapulse360_pipeline.py
Traceback (most recent call last):
  File "/home/airflow/.local/lib/python3.11/site-packages/airflow/models/dagbag.py", line 344, in parse
    loader.exec_module(new_module)
  File "<frozen importlib._bootstrap_external>", line 940, in exec_module
  File "<frozen importlib._bootstrap>", line 241, in _call_with_frames_removed
  File "/opt/airflow/dags/mediapulse360_pipeline.py", line 13, in <module>
    from airflow.utils.decorators import task
ImportError: cannot import name 'task' from 'airflow.utils.decorators' (/home/airflow/.local/lib/python3.11/site-packages/airflow/utils/decorators.py)
[2026-05-09T10:40:50.769+0000] {processor.py:842} WARNING - No viable dags retrieved from /opt/airflow/dags/mediapulse360_pipeline.py
[2026-05-09T10:40:50.806+0000] {processor.py:183} INFO - Processing /opt/airflow/dags/mediapulse360_pipeline.py took 0.070 seconds
[2026-05-09T10:41:21.413+0000] {processor.py:161} INFO - Started process (PID=184) to work on /opt/airflow/dags/mediapulse360_pipeline.py
[2026-05-09T10:41:21.414+0000] {processor.py:830} INFO - Processing file /opt/airflow/dags/mediapulse360_pipeline.py for tasks to queue
[2026-05-09T10:41:21.417+0000] {logging_mixin.py:188} INFO - [2026-05-09T10:41:21.416+0000] {dagbag.py:538} INFO - Filling up the DagBag from /opt/airflow/dags/mediapulse360_pipeline.py
[2026-05-09T10:41:21.434+0000] {logging_mixin.py:188} INFO - [2026-05-09T10:41:21.429+0000] {dagbag.py:348} ERROR - Failed to import: /opt/airflow/dags/mediapulse360_pipeline.py
Traceback (most recent call last):
  File "/home/airflow/.local/lib/python3.11/site-packages/airflow/models/dagbag.py", line 344, in parse
    loader.exec_module(new_module)
  File "<frozen importlib._bootstrap_external>", line 940, in exec_module
  File "<frozen importlib._bootstrap>", line 241, in _call_with_frames_removed
  File "/opt/airflow/dags/mediapulse360_pipeline.py", line 13, in <module>
    from airflow.utils.decorators import task
ImportError: cannot import name 'task' from 'airflow.utils.decorators' (/home/airflow/.local/lib/python3.11/site-packages/airflow/utils/decorators.py)
[2026-05-09T10:41:21.435+0000] {processor.py:842} WARNING - No viable dags retrieved from /opt/airflow/dags/mediapulse360_pipeline.py
[2026-05-09T10:41:21.469+0000] {processor.py:183} INFO - Processing /opt/airflow/dags/mediapulse360_pipeline.py took 0.061 seconds
[2026-05-09T10:41:51.758+0000] {processor.py:161} INFO - Started process (PID=194) to work on /opt/airflow/dags/mediapulse360_pipeline.py
[2026-05-09T10:41:51.784+0000] {processor.py:830} INFO - Processing file /opt/airflow/dags/mediapulse360_pipeline.py for tasks to queue
[2026-05-09T10:41:51.785+0000] {logging_mixin.py:188} INFO - [2026-05-09T10:41:51.785+0000] {dagbag.py:538} INFO - Filling up the DagBag from /opt/airflow/dags/mediapulse360_pipeline.py
[2026-05-09T10:41:51.801+0000] {logging_mixin.py:188} INFO - [2026-05-09T10:41:51.798+0000] {dagbag.py:348} ERROR - Failed to import: /opt/airflow/dags/mediapulse360_pipeline.py
Traceback (most recent call last):
  File "/home/airflow/.local/lib/python3.11/site-packages/airflow/models/dagbag.py", line 344, in parse
    loader.exec_module(new_module)
  File "<frozen importlib._bootstrap_external>", line 940, in exec_module
  File "<frozen importlib._bootstrap>", line 241, in _call_with_frames_removed
  File "/opt/airflow/dags/mediapulse360_pipeline.py", line 13, in <module>
    from airflow.utils.decorators import task
ImportError: cannot import name 'task' from 'airflow.utils.decorators' (/home/airflow/.local/lib/python3.11/site-packages/airflow/utils/decorators.py)
[2026-05-09T10:41:51.803+0000] {processor.py:842} WARNING - No viable dags retrieved from /opt/airflow/dags/mediapulse360_pipeline.py
[2026-05-09T10:41:51.828+0000] {processor.py:183} INFO - Processing /opt/airflow/dags/mediapulse360_pipeline.py took 0.073 seconds
[2026-05-09T10:42:22.272+0000] {processor.py:161} INFO - Started process (PID=204) to work on /opt/airflow/dags/mediapulse360_pipeline.py
[2026-05-09T10:42:22.273+0000] {processor.py:830} INFO - Processing file /opt/airflow/dags/mediapulse360_pipeline.py for tasks to queue
[2026-05-09T10:42:22.274+0000] {logging_mixin.py:188} INFO - [2026-05-09T10:42:22.274+0000] {dagbag.py:538} INFO - Filling up the DagBag from /opt/airflow/dags/mediapulse360_pipeline.py
[2026-05-09T10:42:22.287+0000] {logging_mixin.py:188} INFO - [2026-05-09T10:42:22.283+0000] {dagbag.py:348} ERROR - Failed to import: /opt/airflow/dags/mediapulse360_pipeline.py
Traceback (most recent call last):
  File "/home/airflow/.local/lib/python3.11/site-packages/airflow/models/dagbag.py", line 344, in parse
    loader.exec_module(new_module)
  File "<frozen importlib._bootstrap_external>", line 940, in exec_module
  File "<frozen importlib._bootstrap>", line 241, in _call_with_frames_removed
  File "/opt/airflow/dags/mediapulse360_pipeline.py", line 13, in <module>
    from airflow.utils.decorators import task
ImportError: cannot import name 'task' from 'airflow.utils.decorators' (/home/airflow/.local/lib/python3.11/site-packages/airflow/utils/decorators.py)
[2026-05-09T10:42:22.288+0000] {processor.py:842} WARNING - No viable dags retrieved from /opt/airflow/dags/mediapulse360_pipeline.py
[2026-05-09T10:42:22.315+0000] {processor.py:183} INFO - Processing /opt/airflow/dags/mediapulse360_pipeline.py took 0.046 seconds
[2026-05-09T10:42:43.821+0000] {processor.py:161} INFO - Started process (PID=214) to work on /opt/airflow/dags/mediapulse360_pipeline.py
[2026-05-09T10:42:43.823+0000] {processor.py:830} INFO - Processing file /opt/airflow/dags/mediapulse360_pipeline.py for tasks to queue
[2026-05-09T10:42:43.825+0000] {logging_mixin.py:188} INFO - [2026-05-09T10:42:43.824+0000] {dagbag.py:538} INFO - Filling up the DagBag from /opt/airflow/dags/mediapulse360_pipeline.py
[2026-05-09T10:42:43.885+0000] {processor.py:840} INFO - DAG(s) 'mediapulse360_pipeline' retrieved from /opt/airflow/dags/mediapulse360_pipeline.py
[2026-05-09T10:42:44.389+0000] {logging_mixin.py:188} INFO - [2026-05-09T10:42:44.388+0000] {override.py:1769} INFO - Created Permission View: can edit on DAG:mediapulse360_pipeline
[2026-05-09T10:42:44.412+0000] {logging_mixin.py:188} INFO - [2026-05-09T10:42:44.411+0000] {override.py:1769} INFO - Created Permission View: can read on DAG:mediapulse360_pipeline
[2026-05-09T10:42:44.428+0000] {logging_mixin.py:188} INFO - [2026-05-09T10:42:44.427+0000] {override.py:1769} INFO - Created Permission View: can delete on DAG:mediapulse360_pipeline
[2026-05-09T10:42:44.429+0000] {logging_mixin.py:188} INFO - [2026-05-09T10:42:44.429+0000] {dag.py:3036} INFO - Sync 1 DAGs
[2026-05-09T10:42:44.452+0000] {logging_mixin.py:188} INFO - [2026-05-09T10:42:44.452+0000] {dag.py:3058} INFO - Creating ORM DAG for mediapulse360_pipeline
[2026-05-09T10:42:44.466+0000] {logging_mixin.py:188} INFO - [2026-05-09T10:42:44.466+0000] {dag.py:3823} INFO - Setting next_dagrun for mediapulse360_pipeline to 2026-05-09 09:00:00+00:00, run_after=2026-05-09 10:00:00+00:00
[2026-05-09T10:42:44.527+0000] {processor.py:183} INFO - Processing /opt/airflow/dags/mediapulse360_pipeline.py took 0.713 seconds
[2026-05-09T10:43:14.795+0000] {processor.py:161} INFO - Started process (PID=224) to work on /opt/airflow/dags/mediapulse360_pipeline.py
[2026-05-09T10:43:14.799+0000] {processor.py:830} INFO - Processing file /opt/airflow/dags/mediapulse360_pipeline.py for tasks to queue
[2026-05-09T10:43:14.800+0000] {logging_mixin.py:188} INFO - [2026-05-09T10:43:14.800+0000] {dagbag.py:538} INFO - Filling up the DagBag from /opt/airflow/dags/mediapulse360_pipeline.py
[2026-05-09T10:43:14.858+0000] {processor.py:840} INFO - DAG(s) 'mediapulse360_pipeline' retrieved from /opt/airflow/dags/mediapulse360_pipeline.py
[2026-05-09T10:43:14.917+0000] {logging_mixin.py:188} INFO - [2026-05-09T10:43:14.917+0000] {dag.py:3036} INFO - Sync 1 DAGs
[2026-05-09T10:43:14.943+0000] {logging_mixin.py:188} INFO - [2026-05-09T10:43:14.943+0000] {dag.py:3823} INFO - Setting next_dagrun for mediapulse360_pipeline to 2026-05-09 09:00:00+00:00, run_after=2026-05-09 10:00:00+00:00
[2026-05-09T10:43:14.975+0000] {processor.py:183} INFO - Processing /opt/airflow/dags/mediapulse360_pipeline.py took 0.183 seconds
[2026-05-09T10:43:25.122+0000] {processor.py:161} INFO - Started process (PID=234) to work on /opt/airflow/dags/mediapulse360_pipeline.py
[2026-05-09T10:43:25.124+0000] {processor.py:830} INFO - Processing file /opt/airflow/dags/mediapulse360_pipeline.py for tasks to queue
[2026-05-09T10:43:25.125+0000] {logging_mixin.py:188} INFO - [2026-05-09T10:43:25.124+0000] {dagbag.py:538} INFO - Filling up the DagBag from /opt/airflow/dags/mediapulse360_pipeline.py
[2026-05-09T10:43:25.173+0000] {processor.py:840} INFO - DAG(s) 'mediapulse360_pipeline' retrieved from /opt/airflow/dags/mediapulse360_pipeline.py
[2026-05-09T10:43:25.289+0000] {logging_mixin.py:188} INFO - [2026-05-09T10:43:25.288+0000] {dag.py:3036} INFO - Sync 1 DAGs
[2026-05-09T10:43:25.315+0000] {logging_mixin.py:188} INFO - [2026-05-09T10:43:25.315+0000] {dag.py:3823} INFO - Setting next_dagrun for mediapulse360_pipeline to 2026-05-09 09:00:00+00:00, run_after=2026-05-09 10:00:00+00:00
[2026-05-09T10:43:25.357+0000] {processor.py:183} INFO - Processing /opt/airflow/dags/mediapulse360_pipeline.py took 0.238 seconds
[2026-05-09T10:43:55.583+0000] {processor.py:161} INFO - Started process (PID=244) to work on /opt/airflow/dags/mediapulse360_pipeline.py
[2026-05-09T10:43:55.585+0000] {processor.py:830} INFO - Processing file /opt/airflow/dags/mediapulse360_pipeline.py for tasks to queue
[2026-05-09T10:43:55.586+0000] {logging_mixin.py:188} INFO - [2026-05-09T10:43:55.586+0000] {dagbag.py:538} INFO - Filling up the DagBag from /opt/airflow/dags/mediapulse360_pipeline.py
[2026-05-09T10:43:55.615+0000] {processor.py:840} INFO - DAG(s) 'mediapulse360_pipeline' retrieved from /opt/airflow/dags/mediapulse360_pipeline.py
[2026-05-09T10:43:55.655+0000] {logging_mixin.py:188} INFO - [2026-05-09T10:43:55.655+0000] {dag.py:3036} INFO - Sync 1 DAGs
[2026-05-09T10:43:55.686+0000] {logging_mixin.py:188} INFO - [2026-05-09T10:43:55.686+0000] {dag.py:3823} INFO - Setting next_dagrun for mediapulse360_pipeline to 2026-05-09 09:00:00+00:00, run_after=2026-05-09 10:00:00+00:00
[2026-05-09T10:43:55.715+0000] {processor.py:183} INFO - Processing /opt/airflow/dags/mediapulse360_pipeline.py took 0.136 seconds
[2026-05-09T10:44:26.027+0000] {processor.py:161} INFO - Started process (PID=254) to work on /opt/airflow/dags/mediapulse360_pipeline.py
[2026-05-09T10:44:26.029+0000] {processor.py:830} INFO - Processing file /opt/airflow/dags/mediapulse360_pipeline.py for tasks to queue
[2026-05-09T10:44:26.030+0000] {logging_mixin.py:188} INFO - [2026-05-09T10:44:26.030+0000] {dagbag.py:538} INFO - Filling up the DagBag from /opt/airflow/dags/mediapulse360_pipeline.py
[2026-05-09T10:44:26.073+0000] {processor.py:840} INFO - DAG(s) 'mediapulse360_pipeline' retrieved from /opt/airflow/dags/mediapulse360_pipeline.py
[2026-05-09T10:44:26.112+0000] {logging_mixin.py:188} INFO - [2026-05-09T10:44:26.112+0000] {dag.py:3036} INFO - Sync 1 DAGs
[2026-05-09T10:44:26.141+0000] {logging_mixin.py:188} INFO - [2026-05-09T10:44:26.141+0000] {dag.py:3823} INFO - Setting next_dagrun for mediapulse360_pipeline to 2026-05-09 09:00:00+00:00, run_after=2026-05-09 10:00:00+00:00
[2026-05-09T10:44:26.178+0000] {processor.py:183} INFO - Processing /opt/airflow/dags/mediapulse360_pipeline.py took 0.154 seconds
[2026-05-09T10:44:56.459+0000] {processor.py:161} INFO - Started process (PID=264) to work on /opt/airflow/dags/mediapulse360_pipeline.py
[2026-05-09T10:44:56.462+0000] {processor.py:830} INFO - Processing file /opt/airflow/dags/mediapulse360_pipeline.py for tasks to queue
[2026-05-09T10:44:56.464+0000] {logging_mixin.py:188} INFO - [2026-05-09T10:44:56.463+0000] {dagbag.py:538} INFO - Filling up the DagBag from /opt/airflow/dags/mediapulse360_pipeline.py
[2026-05-09T10:44:56.501+0000] {processor.py:840} INFO - DAG(s) 'mediapulse360_pipeline' retrieved from /opt/airflow/dags/mediapulse360_pipeline.py
[2026-05-09T10:44:56.542+0000] {logging_mixin.py:188} INFO - [2026-05-09T10:44:56.541+0000] {dag.py:3036} INFO - Sync 1 DAGs
[2026-05-09T10:44:56.578+0000] {logging_mixin.py:188} INFO - [2026-05-09T10:44:56.577+0000] {dag.py:3823} INFO - Setting next_dagrun for mediapulse360_pipeline to 2026-05-09 09:00:00+00:00, run_after=2026-05-09 10:00:00+00:00
[2026-05-09T10:44:56.601+0000] {processor.py:183} INFO - Processing /opt/airflow/dags/mediapulse360_pipeline.py took 0.145 seconds
[2026-05-09T10:45:27.237+0000] {processor.py:161} INFO - Started process (PID=318) to work on /opt/airflow/dags/mediapulse360_pipeline.py
[2026-05-09T10:45:27.239+0000] {processor.py:830} INFO - Processing file /opt/airflow/dags/mediapulse360_pipeline.py for tasks to queue
[2026-05-09T10:45:27.240+0000] {logging_mixin.py:188} INFO - [2026-05-09T10:45:27.240+0000] {dagbag.py:538} INFO - Filling up the DagBag from /opt/airflow/dags/mediapulse360_pipeline.py
[2026-05-09T10:45:27.266+0000] {processor.py:840} INFO - DAG(s) 'mediapulse360_pipeline' retrieved from /opt/airflow/dags/mediapulse360_pipeline.py
[2026-05-09T10:45:27.295+0000] {logging_mixin.py:188} INFO - [2026-05-09T10:45:27.295+0000] {dag.py:3036} INFO - Sync 1 DAGs
[2026-05-09T10:45:27.315+0000] {logging_mixin.py:188} INFO - [2026-05-09T10:45:27.314+0000] {dag.py:3823} INFO - Setting next_dagrun for mediapulse360_pipeline to 2026-05-09 10:00:00+00:00, run_after=2026-05-09 11:00:00+00:00
[2026-05-09T10:45:27.336+0000] {processor.py:183} INFO - Processing /opt/airflow/dags/mediapulse360_pipeline.py took 0.102 seconds
[2026-05-09T10:45:57.570+0000] {processor.py:161} INFO - Started process (PID=356) to work on /opt/airflow/dags/mediapulse360_pipeline.py
[2026-05-09T10:45:57.571+0000] {processor.py:830} INFO - Processing file /opt/airflow/dags/mediapulse360_pipeline.py for tasks to queue
[2026-05-09T10:45:57.573+0000] {logging_mixin.py:188} INFO - [2026-05-09T10:45:57.572+0000] {dagbag.py:538} INFO - Filling up the DagBag from /opt/airflow/dags/mediapulse360_pipeline.py
[2026-05-09T10:45:57.598+0000] {processor.py:840} INFO - DAG(s) 'mediapulse360_pipeline' retrieved from /opt/airflow/dags/mediapulse360_pipeline.py
[2026-05-09T10:45:57.628+0000] {logging_mixin.py:188} INFO - [2026-05-09T10:45:57.627+0000] {dag.py:3036} INFO - Sync 1 DAGs
[2026-05-09T10:45:57.648+0000] {logging_mixin.py:188} INFO - [2026-05-09T10:45:57.648+0000] {dag.py:3823} INFO - Setting next_dagrun for mediapulse360_pipeline to 2026-05-09 10:00:00+00:00, run_after=2026-05-09 11:00:00+00:00
[2026-05-09T10:45:57.684+0000] {processor.py:183} INFO - Processing /opt/airflow/dags/mediapulse360_pipeline.py took 0.121 seconds
[2026-05-09T10:46:27.931+0000] {processor.py:161} INFO - Started process (PID=366) to work on /opt/airflow/dags/mediapulse360_pipeline.py
[2026-05-09T10:46:27.932+0000] {processor.py:830} INFO - Processing file /opt/airflow/dags/mediapulse360_pipeline.py for tasks to queue
[2026-05-09T10:46:27.935+0000] {logging_mixin.py:188} INFO - [2026-05-09T10:46:27.934+0000] {dagbag.py:538} INFO - Filling up the DagBag from /opt/airflow/dags/mediapulse360_pipeline.py
[2026-05-09T10:46:27.958+0000] {processor.py:840} INFO - DAG(s) 'mediapulse360_pipeline' retrieved from /opt/airflow/dags/mediapulse360_pipeline.py
[2026-05-09T10:46:27.987+0000] {logging_mixin.py:188} INFO - [2026-05-09T10:46:27.987+0000] {dag.py:3036} INFO - Sync 1 DAGs
[2026-05-09T10:46:28.017+0000] {logging_mixin.py:188} INFO - [2026-05-09T10:46:28.017+0000] {dag.py:3823} INFO - Setting next_dagrun for mediapulse360_pipeline to 2026-05-09 10:00:00+00:00, run_after=2026-05-09 11:00:00+00:00
[2026-05-09T10:46:28.044+0000] {processor.py:183} INFO - Processing /opt/airflow/dags/mediapulse360_pipeline.py took 0.116 seconds
[2026-05-09T10:46:42.186+0000] {processor.py:161} INFO - Started process (PID=371) to work on /opt/airflow/dags/mediapulse360_pipeline.py
[2026-05-09T10:46:42.188+0000] {processor.py:830} INFO - Processing file /opt/airflow/dags/mediapulse360_pipeline.py for tasks to queue
[2026-05-09T10:46:42.189+0000] {logging_mixin.py:188} INFO - [2026-05-09T10:46:42.188+0000] {dagbag.py:538} INFO - Filling up the DagBag from /opt/airflow/dags/mediapulse360_pipeline.py
[2026-05-09T10:46:42.260+0000] {processor.py:840} INFO - DAG(s) 'mediapulse360_pipeline' retrieved from /opt/airflow/dags/mediapulse360_pipeline.py
[2026-05-09T10:46:42.466+0000] {logging_mixin.py:188} INFO - [2026-05-09T10:46:42.466+0000] {dag.py:3036} INFO - Sync 1 DAGs
[2026-05-09T10:46:42.497+0000] {logging_mixin.py:188} INFO - [2026-05-09T10:46:42.497+0000] {dag.py:3823} INFO - Setting next_dagrun for mediapulse360_pipeline to 2026-05-09 10:00:00+00:00, run_after=2026-05-09 11:00:00+00:00
[2026-05-09T10:46:42.533+0000] {processor.py:183} INFO - Processing /opt/airflow/dags/mediapulse360_pipeline.py took 0.349 seconds
[2026-05-09T10:47:20.747+0000] {processor.py:161} INFO - Started process (PID=165) to work on /opt/airflow/dags/mediapulse360_pipeline.py
[2026-05-09T10:47:20.752+0000] {processor.py:830} INFO - Processing file /opt/airflow/dags/mediapulse360_pipeline.py for tasks to queue
[2026-05-09T10:47:20.755+0000] {logging_mixin.py:188} INFO - [2026-05-09T10:47:20.754+0000] {dagbag.py:538} INFO - Filling up the DagBag from /opt/airflow/dags/mediapulse360_pipeline.py
[2026-05-09T10:47:20.818+0000] {processor.py:840} INFO - DAG(s) 'mediapulse360_pipeline' retrieved from /opt/airflow/dags/mediapulse360_pipeline.py
[2026-05-09T10:47:21.102+0000] {logging_mixin.py:188} INFO - [2026-05-09T10:47:21.102+0000] {dag.py:3036} INFO - Sync 1 DAGs
[2026-05-09T10:47:21.192+0000] {logging_mixin.py:188} INFO - [2026-05-09T10:47:21.192+0000] {dag.py:3823} INFO - Setting next_dagrun for mediapulse360_pipeline to 2026-05-09 10:00:00+00:00, run_after=2026-05-09 11:00:00+00:00
[2026-05-09T10:47:21.350+0000] {processor.py:183} INFO - Processing /opt/airflow/dags/mediapulse360_pipeline.py took 0.618 seconds
[2026-05-09T10:47:40.690+0000] {processor.py:161} INFO - Started process (PID=194) to work on /opt/airflow/dags/mediapulse360_pipeline.py
[2026-05-09T10:47:40.692+0000] {processor.py:830} INFO - Processing file /opt/airflow/dags/mediapulse360_pipeline.py for tasks to queue
[2026-05-09T10:47:40.695+0000] {logging_mixin.py:188} INFO - [2026-05-09T10:47:40.694+0000] {dagbag.py:538} INFO - Filling up the DagBag from /opt/airflow/dags/mediapulse360_pipeline.py
[2026-05-09T10:47:40.738+0000] {processor.py:840} INFO - DAG(s) 'mediapulse360_pipeline' retrieved from /opt/airflow/dags/mediapulse360_pipeline.py
[2026-05-09T10:47:40.755+0000] {logging_mixin.py:188} INFO - [2026-05-09T10:47:40.755+0000] {dag.py:3036} INFO - Sync 1 DAGs
[2026-05-09T10:47:40.793+0000] {logging_mixin.py:188} INFO - [2026-05-09T10:47:40.792+0000] {dag.py:3823} INFO - Setting next_dagrun for mediapulse360_pipeline to 2026-05-09 10:00:00+00:00, run_after=2026-05-09 11:00:00+00:00
[2026-05-09T10:47:40.822+0000] {processor.py:183} INFO - Processing /opt/airflow/dags/mediapulse360_pipeline.py took 0.141 seconds
[2026-05-09T10:48:10.937+0000] {processor.py:161} INFO - Started process (PID=232) to work on /opt/airflow/dags/mediapulse360_pipeline.py
[2026-05-09T10:48:10.940+0000] {processor.py:830} INFO - Processing file /opt/airflow/dags/mediapulse360_pipeline.py for tasks to queue
[2026-05-09T10:48:10.941+0000] {logging_mixin.py:188} INFO - [2026-05-09T10:48:10.941+0000] {dagbag.py:538} INFO - Filling up the DagBag from /opt/airflow/dags/mediapulse360_pipeline.py
[2026-05-09T10:48:10.988+0000] {processor.py:840} INFO - DAG(s) 'mediapulse360_pipeline' retrieved from /opt/airflow/dags/mediapulse360_pipeline.py
[2026-05-09T10:48:11.134+0000] {logging_mixin.py:188} INFO - [2026-05-09T10:48:11.134+0000] {dag.py:3036} INFO - Sync 1 DAGs
[2026-05-09T10:48:11.158+0000] {logging_mixin.py:188} INFO - [2026-05-09T10:48:11.158+0000] {dag.py:3823} INFO - Setting next_dagrun for mediapulse360_pipeline to 2026-05-09 10:00:00+00:00, run_after=2026-05-09 11:00:00+00:00
[2026-05-09T10:48:11.184+0000] {processor.py:183} INFO - Processing /opt/airflow/dags/mediapulse360_pipeline.py took 0.251 seconds
[2026-05-09T10:48:41.336+0000] {processor.py:161} INFO - Started process (PID=242) to work on /opt/airflow/dags/mediapulse360_pipeline.py
[2026-05-09T10:48:41.338+0000] {processor.py:830} INFO - Processing file /opt/airflow/dags/mediapulse360_pipeline.py for tasks to queue
[2026-05-09T10:48:41.340+0000] {logging_mixin.py:188} INFO - [2026-05-09T10:48:41.339+0000] {dagbag.py:538} INFO - Filling up the DagBag from /opt/airflow/dags/mediapulse360_pipeline.py
[2026-05-09T10:48:41.373+0000] {processor.py:840} INFO - DAG(s) 'mediapulse360_pipeline' retrieved from /opt/airflow/dags/mediapulse360_pipeline.py
[2026-05-09T10:48:41.414+0000] {logging_mixin.py:188} INFO - [2026-05-09T10:48:41.414+0000] {dag.py:3036} INFO - Sync 1 DAGs
[2026-05-09T10:48:41.442+0000] {logging_mixin.py:188} INFO - [2026-05-09T10:48:41.441+0000] {dag.py:3823} INFO - Setting next_dagrun for mediapulse360_pipeline to 2026-05-09 10:00:00+00:00, run_after=2026-05-09 11:00:00+00:00
[2026-05-09T10:48:41.466+0000] {processor.py:183} INFO - Processing /opt/airflow/dags/mediapulse360_pipeline.py took 0.134 seconds
[2026-05-09T10:49:11.750+0000] {processor.py:161} INFO - Started process (PID=252) to work on /opt/airflow/dags/mediapulse360_pipeline.py
[2026-05-09T10:49:11.752+0000] {processor.py:830} INFO - Processing file /opt/airflow/dags/mediapulse360_pipeline.py for tasks to queue
[2026-05-09T10:49:11.755+0000] {logging_mixin.py:188} INFO - [2026-05-09T10:49:11.754+0000] {dagbag.py:538} INFO - Filling up the DagBag from /opt/airflow/dags/mediapulse360_pipeline.py
[2026-05-09T10:49:11.782+0000] {processor.py:840} INFO - DAG(s) 'mediapulse360_pipeline' retrieved from /opt/airflow/dags/mediapulse360_pipeline.py
[2026-05-09T10:49:11.816+0000] {logging_mixin.py:188} INFO - [2026-05-09T10:49:11.816+0000] {dag.py:3036} INFO - Sync 1 DAGs
[2026-05-09T10:49:11.847+0000] {logging_mixin.py:188} INFO - [2026-05-09T10:49:11.847+0000] {dag.py:3823} INFO - Setting next_dagrun for mediapulse360_pipeline to 2026-05-09 10:00:00+00:00, run_after=2026-05-09 11:00:00+00:00
[2026-05-09T10:49:11.896+0000] {processor.py:183} INFO - Processing /opt/airflow/dags/mediapulse360_pipeline.py took 0.150 seconds
[2026-05-09T10:49:42.182+0000] {processor.py:161} INFO - Started process (PID=282) to work on /opt/airflow/dags/mediapulse360_pipeline.py
[2026-05-09T10:49:42.184+0000] {processor.py:830} INFO - Processing file /opt/airflow/dags/mediapulse360_pipeline.py for tasks to queue
[2026-05-09T10:49:42.185+0000] {logging_mixin.py:188} INFO - [2026-05-09T10:49:42.184+0000] {dagbag.py:538} INFO - Filling up the DagBag from /opt/airflow/dags/mediapulse360_pipeline.py
[2026-05-09T10:49:42.210+0000] {processor.py:840} INFO - DAG(s) 'mediapulse360_pipeline' retrieved from /opt/airflow/dags/mediapulse360_pipeline.py
[2026-05-09T10:49:42.237+0000] {logging_mixin.py:188} INFO - [2026-05-09T10:49:42.236+0000] {dag.py:3036} INFO - Sync 1 DAGs
[2026-05-09T10:49:42.263+0000] {logging_mixin.py:188} INFO - [2026-05-09T10:49:42.263+0000] {dag.py:3823} INFO - Setting next_dagrun for mediapulse360_pipeline to 2026-05-09 10:00:00+00:00, run_after=2026-05-09 11:00:00+00:00
[2026-05-09T10:49:42.290+0000] {processor.py:183} INFO - Processing /opt/airflow/dags/mediapulse360_pipeline.py took 0.112 seconds
[2026-05-09T10:50:12.535+0000] {processor.py:161} INFO - Started process (PID=312) to work on /opt/airflow/dags/mediapulse360_pipeline.py
[2026-05-09T10:50:12.536+0000] {processor.py:830} INFO - Processing file /opt/airflow/dags/mediapulse360_pipeline.py for tasks to queue
[2026-05-09T10:50:12.537+0000] {logging_mixin.py:188} INFO - [2026-05-09T10:50:12.537+0000] {dagbag.py:538} INFO - Filling up the DagBag from /opt/airflow/dags/mediapulse360_pipeline.py
[2026-05-09T10:50:12.561+0000] {processor.py:840} INFO - DAG(s) 'mediapulse360_pipeline' retrieved from /opt/airflow/dags/mediapulse360_pipeline.py
[2026-05-09T10:50:12.591+0000] {logging_mixin.py:188} INFO - [2026-05-09T10:50:12.589+0000] {dag.py:3036} INFO - Sync 1 DAGs
[2026-05-09T10:50:12.615+0000] {logging_mixin.py:188} INFO - [2026-05-09T10:50:12.615+0000] {dag.py:3823} INFO - Setting next_dagrun for mediapulse360_pipeline to 2026-05-09 10:00:00+00:00, run_after=2026-05-09 11:00:00+00:00
[2026-05-09T10:50:12.638+0000] {processor.py:183} INFO - Processing /opt/airflow/dags/mediapulse360_pipeline.py took 0.107 seconds
[2026-05-09T10:50:42.900+0000] {processor.py:161} INFO - Started process (PID=365) to work on /opt/airflow/dags/mediapulse360_pipeline.py
[2026-05-09T10:50:42.903+0000] {processor.py:830} INFO - Processing file /opt/airflow/dags/mediapulse360_pipeline.py for tasks to queue
[2026-05-09T10:50:42.905+0000] {logging_mixin.py:188} INFO - [2026-05-09T10:50:42.904+0000] {dagbag.py:538} INFO - Filling up the DagBag from /opt/airflow/dags/mediapulse360_pipeline.py
[2026-05-09T10:50:42.941+0000] {processor.py:840} INFO - DAG(s) 'mediapulse360_pipeline' retrieved from /opt/airflow/dags/mediapulse360_pipeline.py
[2026-05-09T10:50:42.982+0000] {logging_mixin.py:188} INFO - [2026-05-09T10:50:42.982+0000] {dag.py:3036} INFO - Sync 1 DAGs
[2026-05-09T10:50:43.020+0000] {logging_mixin.py:188} INFO - [2026-05-09T10:50:43.019+0000] {dag.py:3823} INFO - Setting next_dagrun for mediapulse360_pipeline to 2026-05-09 10:00:00+00:00, run_after=2026-05-09 11:00:00+00:00
[2026-05-09T10:50:43.047+0000] {processor.py:183} INFO - Processing /opt/airflow/dags/mediapulse360_pipeline.py took 0.154 seconds
[2026-05-09T10:51:13.298+0000] {processor.py:161} INFO - Started process (PID=392) to work on /opt/airflow/dags/mediapulse360_pipeline.py
[2026-05-09T10:51:13.318+0000] {processor.py:830} INFO - Processing file /opt/airflow/dags/mediapulse360_pipeline.py for tasks to queue
[2026-05-09T10:51:13.320+0000] {logging_mixin.py:188} INFO - [2026-05-09T10:51:13.319+0000] {dagbag.py:538} INFO - Filling up the DagBag from /opt/airflow/dags/mediapulse360_pipeline.py
[2026-05-09T10:51:13.373+0000] {processor.py:840} INFO - DAG(s) 'mediapulse360_pipeline' retrieved from /opt/airflow/dags/mediapulse360_pipeline.py
[2026-05-09T10:51:13.406+0000] {logging_mixin.py:188} INFO - [2026-05-09T10:51:13.406+0000] {dag.py:3036} INFO - Sync 1 DAGs
[2026-05-09T10:51:13.427+0000] {logging_mixin.py:188} INFO - [2026-05-09T10:51:13.427+0000] {dag.py:3823} INFO - Setting next_dagrun for mediapulse360_pipeline to 2026-05-09 10:00:00+00:00, run_after=2026-05-09 11:00:00+00:00
[2026-05-09T10:51:13.456+0000] {processor.py:183} INFO - Processing /opt/airflow/dags/mediapulse360_pipeline.py took 0.163 seconds
[2026-05-09T10:51:43.696+0000] {processor.py:161} INFO - Started process (PID=402) to work on /opt/airflow/dags/mediapulse360_pipeline.py
[2026-05-09T10:51:43.697+0000] {processor.py:830} INFO - Processing file /opt/airflow/dags/mediapulse360_pipeline.py for tasks to queue
[2026-05-09T10:51:43.698+0000] {logging_mixin.py:188} INFO - [2026-05-09T10:51:43.698+0000] {dagbag.py:538} INFO - Filling up the DagBag from /opt/airflow/dags/mediapulse360_pipeline.py
[2026-05-09T10:51:43.730+0000] {processor.py:840} INFO - DAG(s) 'mediapulse360_pipeline' retrieved from /opt/airflow/dags/mediapulse360_pipeline.py
[2026-05-09T10:51:43.767+0000] {logging_mixin.py:188} INFO - [2026-05-09T10:51:43.767+0000] {dag.py:3036} INFO - Sync 1 DAGs
[2026-05-09T10:51:43.800+0000] {logging_mixin.py:188} INFO - [2026-05-09T10:51:43.800+0000] {dag.py:3823} INFO - Setting next_dagrun for mediapulse360_pipeline to 2026-05-09 10:00:00+00:00, run_after=2026-05-09 11:00:00+00:00
[2026-05-09T10:51:43.822+0000] {processor.py:183} INFO - Processing /opt/airflow/dags/mediapulse360_pipeline.py took 0.131 seconds
[2026-05-09T10:52:14.064+0000] {processor.py:161} INFO - Started process (PID=452) to work on /opt/airflow/dags/mediapulse360_pipeline.py
[2026-05-09T10:52:14.065+0000] {processor.py:830} INFO - Processing file /opt/airflow/dags/mediapulse360_pipeline.py for tasks to queue
[2026-05-09T10:52:14.066+0000] {logging_mixin.py:188} INFO - [2026-05-09T10:52:14.066+0000] {dagbag.py:538} INFO - Filling up the DagBag from /opt/airflow/dags/mediapulse360_pipeline.py
[2026-05-09T10:52:14.110+0000] {processor.py:840} INFO - DAG(s) 'mediapulse360_pipeline' retrieved from /opt/airflow/dags/mediapulse360_pipeline.py
[2026-05-09T10:52:14.166+0000] {logging_mixin.py:188} INFO - [2026-05-09T10:52:14.165+0000] {dag.py:3036} INFO - Sync 1 DAGs
[2026-05-09T10:52:14.215+0000] {logging_mixin.py:188} INFO - [2026-05-09T10:52:14.215+0000] {dag.py:3823} INFO - Setting next_dagrun for mediapulse360_pipeline to 2026-05-09 10:00:00+00:00, run_after=2026-05-09 11:00:00+00:00
[2026-05-09T10:52:14.247+0000] {processor.py:183} INFO - Processing /opt/airflow/dags/mediapulse360_pipeline.py took 0.187 seconds
[2026-05-09T10:52:44.504+0000] {processor.py:161} INFO - Started process (PID=470) to work on /opt/airflow/dags/mediapulse360_pipeline.py
[2026-05-09T10:52:44.505+0000] {processor.py:830} INFO - Processing file /opt/airflow/dags/mediapulse360_pipeline.py for tasks to queue
[2026-05-09T10:52:44.507+0000] {logging_mixin.py:188} INFO - [2026-05-09T10:52:44.506+0000] {dagbag.py:538} INFO - Filling up the DagBag from /opt/airflow/dags/mediapulse360_pipeline.py
[2026-05-09T10:52:44.540+0000] {processor.py:840} INFO - DAG(s) 'mediapulse360_pipeline' retrieved from /opt/airflow/dags/mediapulse360_pipeline.py
[2026-05-09T10:52:44.579+0000] {logging_mixin.py:188} INFO - [2026-05-09T10:52:44.579+0000] {dag.py:3036} INFO - Sync 1 DAGs
[2026-05-09T10:52:44.616+0000] {logging_mixin.py:188} INFO - [2026-05-09T10:52:44.615+0000] {dag.py:3823} INFO - Setting next_dagrun for mediapulse360_pipeline to 2026-05-09 10:00:00+00:00, run_after=2026-05-09 11:00:00+00:00
[2026-05-09T10:52:44.642+0000] {processor.py:183} INFO - Processing /opt/airflow/dags/mediapulse360_pipeline.py took 0.143 seconds
[2026-05-09T10:53:14.883+0000] {processor.py:161} INFO - Started process (PID=508) to work on /opt/airflow/dags/mediapulse360_pipeline.py
[2026-05-09T10:53:14.885+0000] {processor.py:830} INFO - Processing file /opt/airflow/dags/mediapulse360_pipeline.py for tasks to queue
[2026-05-09T10:53:14.886+0000] {logging_mixin.py:188} INFO - [2026-05-09T10:53:14.885+0000] {dagbag.py:538} INFO - Filling up the DagBag from /opt/airflow/dags/mediapulse360_pipeline.py
[2026-05-09T10:53:14.906+0000] {processor.py:840} INFO - DAG(s) 'mediapulse360_pipeline' retrieved from /opt/airflow/dags/mediapulse360_pipeline.py
[2026-05-09T10:53:14.935+0000] {logging_mixin.py:188} INFO - [2026-05-09T10:53:14.935+0000] {dag.py:3036} INFO - Sync 1 DAGs
[2026-05-09T10:53:14.959+0000] {logging_mixin.py:188} INFO - [2026-05-09T10:53:14.959+0000] {dag.py:3823} INFO - Setting next_dagrun for mediapulse360_pipeline to 2026-05-09 10:00:00+00:00, run_after=2026-05-09 11:00:00+00:00
[2026-05-09T10:53:14.984+0000] {processor.py:183} INFO - Processing /opt/airflow/dags/mediapulse360_pipeline.py took 0.103 seconds
[2026-05-09T10:53:45.261+0000] {processor.py:161} INFO - Started process (PID=518) to work on /opt/airflow/dags/mediapulse360_pipeline.py
[2026-05-09T10:53:45.263+0000] {processor.py:830} INFO - Processing file /opt/airflow/dags/mediapulse360_pipeline.py for tasks to queue
[2026-05-09T10:53:45.265+0000] {logging_mixin.py:188} INFO - [2026-05-09T10:53:45.264+0000] {dagbag.py:538} INFO - Filling up the DagBag from /opt/airflow/dags/mediapulse360_pipeline.py
[2026-05-09T10:53:45.296+0000] {processor.py:840} INFO - DAG(s) 'mediapulse360_pipeline' retrieved from /opt/airflow/dags/mediapulse360_pipeline.py
[2026-05-09T10:53:45.333+0000] {logging_mixin.py:188} INFO - [2026-05-09T10:53:45.333+0000] {dag.py:3036} INFO - Sync 1 DAGs
[2026-05-09T10:53:45.363+0000] {logging_mixin.py:188} INFO - [2026-05-09T10:53:45.363+0000] {dag.py:3823} INFO - Setting next_dagrun for mediapulse360_pipeline to 2026-05-09 10:00:00+00:00, run_after=2026-05-09 11:00:00+00:00
[2026-05-09T10:53:45.391+0000] {processor.py:183} INFO - Processing /opt/airflow/dags/mediapulse360_pipeline.py took 0.134 seconds
[2026-05-09T10:54:15.643+0000] {processor.py:161} INFO - Started process (PID=548) to work on /opt/airflow/dags/mediapulse360_pipeline.py
[2026-05-09T10:54:15.644+0000] {processor.py:830} INFO - Processing file /opt/airflow/dags/mediapulse360_pipeline.py for tasks to queue
[2026-05-09T10:54:15.645+0000] {logging_mixin.py:188} INFO - [2026-05-09T10:54:15.645+0000] {dagbag.py:538} INFO - Filling up the DagBag from /opt/airflow/dags/mediapulse360_pipeline.py
[2026-05-09T10:54:15.675+0000] {processor.py:840} INFO - DAG(s) 'mediapulse360_pipeline' retrieved from /opt/airflow/dags/mediapulse360_pipeline.py
[2026-05-09T10:54:15.712+0000] {logging_mixin.py:188} INFO - [2026-05-09T10:54:15.712+0000] {dag.py:3036} INFO - Sync 1 DAGs
[2026-05-09T10:54:15.742+0000] {logging_mixin.py:188} INFO - [2026-05-09T10:54:15.741+0000] {dag.py:3823} INFO - Setting next_dagrun for mediapulse360_pipeline to 2026-05-09 10:00:00+00:00, run_after=2026-05-09 11:00:00+00:00
[2026-05-09T10:54:15.768+0000] {processor.py:183} INFO - Processing /opt/airflow/dags/mediapulse360_pipeline.py took 0.129 seconds
[2026-05-09T10:54:46.041+0000] {processor.py:161} INFO - Started process (PID=586) to work on /opt/airflow/dags/mediapulse360_pipeline.py
[2026-05-09T10:54:46.044+0000] {processor.py:830} INFO - Processing file /opt/airflow/dags/mediapulse360_pipeline.py for tasks to queue
[2026-05-09T10:54:46.046+0000] {logging_mixin.py:188} INFO - [2026-05-09T10:54:46.046+0000] {dagbag.py:538} INFO - Filling up the DagBag from /opt/airflow/dags/mediapulse360_pipeline.py
[2026-05-09T10:54:46.072+0000] {processor.py:840} INFO - DAG(s) 'mediapulse360_pipeline' retrieved from /opt/airflow/dags/mediapulse360_pipeline.py
[2026-05-09T10:54:46.103+0000] {logging_mixin.py:188} INFO - [2026-05-09T10:54:46.102+0000] {dag.py:3036} INFO - Sync 1 DAGs
[2026-05-09T10:54:46.126+0000] {logging_mixin.py:188} INFO - [2026-05-09T10:54:46.125+0000] {dag.py:3823} INFO - Setting next_dagrun for mediapulse360_pipeline to 2026-05-09 10:00:00+00:00, run_after=2026-05-09 11:00:00+00:00
[2026-05-09T10:54:46.150+0000] {processor.py:183} INFO - Processing /opt/airflow/dags/mediapulse360_pipeline.py took 0.112 seconds
[2026-05-09T10:55:16.444+0000] {processor.py:161} INFO - Started process (PID=624) to work on /opt/airflow/dags/mediapulse360_pipeline.py
[2026-05-09T10:55:16.446+0000] {processor.py:830} INFO - Processing file /opt/airflow/dags/mediapulse360_pipeline.py for tasks to queue
[2026-05-09T10:55:16.448+0000] {logging_mixin.py:188} INFO - [2026-05-09T10:55:16.447+0000] {dagbag.py:538} INFO - Filling up the DagBag from /opt/airflow/dags/mediapulse360_pipeline.py
[2026-05-09T10:55:16.488+0000] {processor.py:840} INFO - DAG(s) 'mediapulse360_pipeline' retrieved from /opt/airflow/dags/mediapulse360_pipeline.py
[2026-05-09T10:55:16.533+0000] {logging_mixin.py:188} INFO - [2026-05-09T10:55:16.533+0000] {dag.py:3036} INFO - Sync 1 DAGs
[2026-05-09T10:55:16.570+0000] {logging_mixin.py:188} INFO - [2026-05-09T10:55:16.570+0000] {dag.py:3823} INFO - Setting next_dagrun for mediapulse360_pipeline to 2026-05-09 10:00:00+00:00, run_after=2026-05-09 11:00:00+00:00
[2026-05-09T10:55:16.597+0000] {processor.py:183} INFO - Processing /opt/airflow/dags/mediapulse360_pipeline.py took 0.162 seconds
[2026-05-09T10:55:46.910+0000] {processor.py:161} INFO - Started process (PID=638) to work on /opt/airflow/dags/mediapulse360_pipeline.py
[2026-05-09T10:55:46.912+0000] {processor.py:830} INFO - Processing file /opt/airflow/dags/mediapulse360_pipeline.py for tasks to queue
[2026-05-09T10:55:46.914+0000] {logging_mixin.py:188} INFO - [2026-05-09T10:55:46.913+0000] {dagbag.py:538} INFO - Filling up the DagBag from /opt/airflow/dags/mediapulse360_pipeline.py
[2026-05-09T10:55:46.956+0000] {processor.py:840} INFO - DAG(s) 'mediapulse360_pipeline' retrieved from /opt/airflow/dags/mediapulse360_pipeline.py
[2026-05-09T10:55:46.996+0000] {logging_mixin.py:188} INFO - [2026-05-09T10:55:46.996+0000] {dag.py:3036} INFO - Sync 1 DAGs
[2026-05-09T10:55:47.033+0000] {logging_mixin.py:188} INFO - [2026-05-09T10:55:47.033+0000] {dag.py:3823} INFO - Setting next_dagrun for mediapulse360_pipeline to 2026-05-09 10:00:00+00:00, run_after=2026-05-09 11:00:00+00:00
[2026-05-09T10:55:47.059+0000] {processor.py:183} INFO - Processing /opt/airflow/dags/mediapulse360_pipeline.py took 0.155 seconds
[2026-05-09T10:56:17.319+0000] {processor.py:161} INFO - Started process (PID=700) to work on /opt/airflow/dags/mediapulse360_pipeline.py
[2026-05-09T10:56:17.320+0000] {processor.py:830} INFO - Processing file /opt/airflow/dags/mediapulse360_pipeline.py for tasks to queue
[2026-05-09T10:56:17.321+0000] {logging_mixin.py:188} INFO - [2026-05-09T10:56:17.321+0000] {dagbag.py:538} INFO - Filling up the DagBag from /opt/airflow/dags/mediapulse360_pipeline.py
[2026-05-09T10:56:17.359+0000] {processor.py:840} INFO - DAG(s) 'mediapulse360_pipeline' retrieved from /opt/airflow/dags/mediapulse360_pipeline.py
[2026-05-09T10:56:17.388+0000] {logging_mixin.py:188} INFO - [2026-05-09T10:56:17.388+0000] {dag.py:3036} INFO - Sync 1 DAGs
[2026-05-09T10:56:17.411+0000] {logging_mixin.py:188} INFO - [2026-05-09T10:56:17.411+0000] {dag.py:3823} INFO - Setting next_dagrun for mediapulse360_pipeline to 2026-05-09 10:00:00+00:00, run_after=2026-05-09 11:00:00+00:00
[2026-05-09T10:56:17.442+0000] {processor.py:183} INFO - Processing /opt/airflow/dags/mediapulse360_pipeline.py took 0.125 seconds
[2026-05-09T10:56:47.721+0000] {processor.py:161} INFO - Started process (PID=750) to work on /opt/airflow/dags/mediapulse360_pipeline.py
[2026-05-09T10:56:47.724+0000] {processor.py:830} INFO - Processing file /opt/airflow/dags/mediapulse360_pipeline.py for tasks to queue
[2026-05-09T10:56:47.726+0000] {logging_mixin.py:188} INFO - [2026-05-09T10:56:47.726+0000] {dagbag.py:538} INFO - Filling up the DagBag from /opt/airflow/dags/mediapulse360_pipeline.py
[2026-05-09T10:56:47.763+0000] {processor.py:840} INFO - DAG(s) 'mediapulse360_pipeline' retrieved from /opt/airflow/dags/mediapulse360_pipeline.py
[2026-05-09T10:56:47.801+0000] {logging_mixin.py:188} INFO - [2026-05-09T10:56:47.801+0000] {dag.py:3036} INFO - Sync 1 DAGs
[2026-05-09T10:56:47.831+0000] {logging_mixin.py:188} INFO - [2026-05-09T10:56:47.830+0000] {dag.py:3823} INFO - Setting next_dagrun for mediapulse360_pipeline to 2026-05-09 10:00:00+00:00, run_after=2026-05-09 11:00:00+00:00
[2026-05-09T10:56:47.859+0000] {processor.py:183} INFO - Processing /opt/airflow/dags/mediapulse360_pipeline.py took 0.144 seconds
[2026-05-09T10:57:18.137+0000] {processor.py:161} INFO - Started process (PID=768) to work on /opt/airflow/dags/mediapulse360_pipeline.py
[2026-05-09T10:57:18.139+0000] {processor.py:830} INFO - Processing file /opt/airflow/dags/mediapulse360_pipeline.py for tasks to queue
[2026-05-09T10:57:18.140+0000] {logging_mixin.py:188} INFO - [2026-05-09T10:57:18.139+0000] {dagbag.py:538} INFO - Filling up the DagBag from /opt/airflow/dags/mediapulse360_pipeline.py
[2026-05-09T10:57:18.165+0000] {processor.py:840} INFO - DAG(s) 'mediapulse360_pipeline' retrieved from /opt/airflow/dags/mediapulse360_pipeline.py
[2026-05-09T10:57:18.199+0000] {logging_mixin.py:188} INFO - [2026-05-09T10:57:18.199+0000] {dag.py:3036} INFO - Sync 1 DAGs
[2026-05-09T10:57:18.230+0000] {logging_mixin.py:188} INFO - [2026-05-09T10:57:18.230+0000] {dag.py:3823} INFO - Setting next_dagrun for mediapulse360_pipeline to 2026-05-09 10:00:00+00:00, run_after=2026-05-09 11:00:00+00:00
[2026-05-09T10:57:18.282+0000] {processor.py:183} INFO - Processing /opt/airflow/dags/mediapulse360_pipeline.py took 0.150 seconds
[2026-05-09T10:57:48.713+0000] {processor.py:161} INFO - Started process (PID=826) to work on /opt/airflow/dags/mediapulse360_pipeline.py
[2026-05-09T10:57:48.716+0000] {processor.py:830} INFO - Processing file /opt/airflow/dags/mediapulse360_pipeline.py for tasks to queue
[2026-05-09T10:57:48.718+0000] {logging_mixin.py:188} INFO - [2026-05-09T10:57:48.717+0000] {dagbag.py:538} INFO - Filling up the DagBag from /opt/airflow/dags/mediapulse360_pipeline.py
[2026-05-09T10:57:48.754+0000] {processor.py:840} INFO - DAG(s) 'mediapulse360_pipeline' retrieved from /opt/airflow/dags/mediapulse360_pipeline.py
[2026-05-09T10:57:48.786+0000] {logging_mixin.py:188} INFO - [2026-05-09T10:57:48.785+0000] {dag.py:3036} INFO - Sync 1 DAGs
[2026-05-09T10:57:48.808+0000] {logging_mixin.py:188} INFO - [2026-05-09T10:57:48.808+0000] {dag.py:3823} INFO - Setting next_dagrun for mediapulse360_pipeline to 2026-05-09 10:00:00+00:00, run_after=2026-05-09 11:00:00+00:00
[2026-05-09T10:57:48.834+0000] {processor.py:183} INFO - Processing /opt/airflow/dags/mediapulse360_pipeline.py took 0.126 seconds
[2026-05-09T10:58:19.083+0000] {processor.py:161} INFO - Started process (PID=892) to work on /opt/airflow/dags/mediapulse360_pipeline.py
[2026-05-09T10:58:19.084+0000] {processor.py:830} INFO - Processing file /opt/airflow/dags/mediapulse360_pipeline.py for tasks to queue
[2026-05-09T10:58:19.085+0000] {logging_mixin.py:188} INFO - [2026-05-09T10:58:19.085+0000] {dagbag.py:538} INFO - Filling up the DagBag from /opt/airflow/dags/mediapulse360_pipeline.py
[2026-05-09T10:58:19.114+0000] {processor.py:840} INFO - DAG(s) 'mediapulse360_pipeline' retrieved from /opt/airflow/dags/mediapulse360_pipeline.py
[2026-05-09T10:58:19.152+0000] {logging_mixin.py:188} INFO - [2026-05-09T10:58:19.151+0000] {dag.py:3036} INFO - Sync 1 DAGs
[2026-05-09T10:58:19.183+0000] {logging_mixin.py:188} INFO - [2026-05-09T10:58:19.183+0000] {dag.py:3823} INFO - Setting next_dagrun for mediapulse360_pipeline to 2026-05-09 10:00:00+00:00, run_after=2026-05-09 11:00:00+00:00
[2026-05-09T10:58:19.215+0000] {processor.py:183} INFO - Processing /opt/airflow/dags/mediapulse360_pipeline.py took 0.136 seconds
[2026-05-09T10:58:49.557+0000] {processor.py:161} INFO - Started process (PID=902) to work on /opt/airflow/dags/mediapulse360_pipeline.py
[2026-05-09T10:58:49.558+0000] {processor.py:830} INFO - Processing file /opt/airflow/dags/mediapulse360_pipeline.py for tasks to queue
[2026-05-09T10:58:49.560+0000] {logging_mixin.py:188} INFO - [2026-05-09T10:58:49.559+0000] {dagbag.py:538} INFO - Filling up the DagBag from /opt/airflow/dags/mediapulse360_pipeline.py
[2026-05-09T10:58:49.582+0000] {processor.py:840} INFO - DAG(s) 'mediapulse360_pipeline' retrieved from /opt/airflow/dags/mediapulse360_pipeline.py
[2026-05-09T10:58:49.611+0000] {logging_mixin.py:188} INFO - [2026-05-09T10:58:49.611+0000] {dag.py:3036} INFO - Sync 1 DAGs
[2026-05-09T10:58:49.633+0000] {logging_mixin.py:188} INFO - [2026-05-09T10:58:49.633+0000] {dag.py:3823} INFO - Setting next_dagrun for mediapulse360_pipeline to 2026-05-09 10:00:00+00:00, run_after=2026-05-09 11:00:00+00:00
[2026-05-09T10:58:49.658+0000] {processor.py:183} INFO - Processing /opt/airflow/dags/mediapulse360_pipeline.py took 0.105 seconds
[2026-05-09T10:59:19.932+0000] {processor.py:161} INFO - Started process (PID=912) to work on /opt/airflow/dags/mediapulse360_pipeline.py
[2026-05-09T10:59:19.934+0000] {processor.py:830} INFO - Processing file /opt/airflow/dags/mediapulse360_pipeline.py for tasks to queue
[2026-05-09T10:59:19.935+0000] {logging_mixin.py:188} INFO - [2026-05-09T10:59:19.935+0000] {dagbag.py:538} INFO - Filling up the DagBag from /opt/airflow/dags/mediapulse360_pipeline.py
[2026-05-09T10:59:19.958+0000] {processor.py:840} INFO - DAG(s) 'mediapulse360_pipeline' retrieved from /opt/airflow/dags/mediapulse360_pipeline.py
[2026-05-09T10:59:19.989+0000] {logging_mixin.py:188} INFO - [2026-05-09T10:59:19.989+0000] {dag.py:3036} INFO - Sync 1 DAGs
[2026-05-09T10:59:20.016+0000] {logging_mixin.py:188} INFO - [2026-05-09T10:59:20.016+0000] {dag.py:3823} INFO - Setting next_dagrun for mediapulse360_pipeline to 2026-05-09 10:00:00+00:00, run_after=2026-05-09 11:00:00+00:00
[2026-05-09T10:59:20.038+0000] {processor.py:183} INFO - Processing /opt/airflow/dags/mediapulse360_pipeline.py took 0.111 seconds
[2026-05-09T10:59:50.317+0000] {processor.py:161} INFO - Started process (PID=990) to work on /opt/airflow/dags/mediapulse360_pipeline.py
[2026-05-09T10:59:50.319+0000] {processor.py:830} INFO - Processing file /opt/airflow/dags/mediapulse360_pipeline.py for tasks to queue
[2026-05-09T10:59:50.320+0000] {logging_mixin.py:188} INFO - [2026-05-09T10:59:50.319+0000] {dagbag.py:538} INFO - Filling up the DagBag from /opt/airflow/dags/mediapulse360_pipeline.py
[2026-05-09T10:59:50.352+0000] {processor.py:840} INFO - DAG(s) 'mediapulse360_pipeline' retrieved from /opt/airflow/dags/mediapulse360_pipeline.py
[2026-05-09T10:59:50.388+0000] {logging_mixin.py:188} INFO - [2026-05-09T10:59:50.387+0000] {dag.py:3036} INFO - Sync 1 DAGs
[2026-05-09T10:59:50.437+0000] {logging_mixin.py:188} INFO - [2026-05-09T10:59:50.437+0000] {dag.py:3823} INFO - Setting next_dagrun for mediapulse360_pipeline to 2026-05-09 10:00:00+00:00, run_after=2026-05-09 11:00:00+00:00
[2026-05-09T10:59:50.483+0000] {processor.py:183} INFO - Processing /opt/airflow/dags/mediapulse360_pipeline.py took 0.172 seconds
[2026-05-09T11:00:20.991+0000] {processor.py:161} INFO - Started process (PID=1068) to work on /opt/airflow/dags/mediapulse360_pipeline.py
[2026-05-09T11:00:20.994+0000] {processor.py:830} INFO - Processing file /opt/airflow/dags/mediapulse360_pipeline.py for tasks to queue
[2026-05-09T11:00:20.996+0000] {logging_mixin.py:188} INFO - [2026-05-09T11:00:20.995+0000] {dagbag.py:538} INFO - Filling up the DagBag from /opt/airflow/dags/mediapulse360_pipeline.py
[2026-05-09T11:00:21.081+0000] {processor.py:840} INFO - DAG(s) 'mediapulse360_pipeline' retrieved from /opt/airflow/dags/mediapulse360_pipeline.py
[2026-05-09T11:00:21.163+0000] {logging_mixin.py:188} INFO - [2026-05-09T11:00:21.163+0000] {dag.py:3036} INFO - Sync 1 DAGs
[2026-05-09T11:00:21.307+0000] {logging_mixin.py:188} INFO - [2026-05-09T11:00:21.307+0000] {dag.py:3823} INFO - Setting next_dagrun for mediapulse360_pipeline to 2026-05-09 11:00:00+00:00, run_after=2026-05-09 12:00:00+00:00
[2026-05-09T11:00:21.571+0000] {processor.py:183} INFO - Processing /opt/airflow/dags/mediapulse360_pipeline.py took 0.548 seconds
[2026-05-09T11:00:52.482+0000] {processor.py:161} INFO - Started process (PID=1198) to work on /opt/airflow/dags/mediapulse360_pipeline.py
[2026-05-09T11:00:52.484+0000] {processor.py:830} INFO - Processing file /opt/airflow/dags/mediapulse360_pipeline.py for tasks to queue
[2026-05-09T11:00:52.485+0000] {logging_mixin.py:188} INFO - [2026-05-09T11:00:52.485+0000] {dagbag.py:538} INFO - Filling up the DagBag from /opt/airflow/dags/mediapulse360_pipeline.py
[2026-05-09T11:00:52.517+0000] {processor.py:840} INFO - DAG(s) 'mediapulse360_pipeline' retrieved from /opt/airflow/dags/mediapulse360_pipeline.py
[2026-05-09T11:00:52.544+0000] {logging_mixin.py:188} INFO - [2026-05-09T11:00:52.544+0000] {dag.py:3036} INFO - Sync 1 DAGs
[2026-05-09T11:00:52.571+0000] {logging_mixin.py:188} INFO - [2026-05-09T11:00:52.571+0000] {dag.py:3823} INFO - Setting next_dagrun for mediapulse360_pipeline to 2026-05-09 11:00:00+00:00, run_after=2026-05-09 12:00:00+00:00
[2026-05-09T11:00:52.595+0000] {processor.py:183} INFO - Processing /opt/airflow/dags/mediapulse360_pipeline.py took 0.117 seconds
[2026-05-09T11:01:22.970+0000] {processor.py:161} INFO - Started process (PID=1272) to work on /opt/airflow/dags/mediapulse360_pipeline.py
[2026-05-09T11:01:22.972+0000] {processor.py:830} INFO - Processing file /opt/airflow/dags/mediapulse360_pipeline.py for tasks to queue
[2026-05-09T11:01:22.974+0000] {logging_mixin.py:188} INFO - [2026-05-09T11:01:22.972+0000] {dagbag.py:538} INFO - Filling up the DagBag from /opt/airflow/dags/mediapulse360_pipeline.py
[2026-05-09T11:01:23.000+0000] {processor.py:840} INFO - DAG(s) 'mediapulse360_pipeline' retrieved from /opt/airflow/dags/mediapulse360_pipeline.py
[2026-05-09T11:01:23.033+0000] {logging_mixin.py:188} INFO - [2026-05-09T11:01:23.032+0000] {dag.py:3036} INFO - Sync 1 DAGs
[2026-05-09T11:01:23.055+0000] {logging_mixin.py:188} INFO - [2026-05-09T11:01:23.055+0000] {dag.py:3823} INFO - Setting next_dagrun for mediapulse360_pipeline to 2026-05-09 11:00:00+00:00, run_after=2026-05-09 12:00:00+00:00
[2026-05-09T11:01:23.081+0000] {processor.py:183} INFO - Processing /opt/airflow/dags/mediapulse360_pipeline.py took 0.114 seconds
[2026-05-09T11:01:53.388+0000] {processor.py:161} INFO - Started process (PID=1282) to work on /opt/airflow/dags/mediapulse360_pipeline.py
[2026-05-09T11:01:53.389+0000] {processor.py:830} INFO - Processing file /opt/airflow/dags/mediapulse360_pipeline.py for tasks to queue
[2026-05-09T11:01:53.390+0000] {logging_mixin.py:188} INFO - [2026-05-09T11:01:53.390+0000] {dagbag.py:538} INFO - Filling up the DagBag from /opt/airflow/dags/mediapulse360_pipeline.py
[2026-05-09T11:01:53.415+0000] {processor.py:840} INFO - DAG(s) 'mediapulse360_pipeline' retrieved from /opt/airflow/dags/mediapulse360_pipeline.py
[2026-05-09T11:01:53.447+0000] {logging_mixin.py:188} INFO - [2026-05-09T11:01:53.446+0000] {dag.py:3036} INFO - Sync 1 DAGs
[2026-05-09T11:01:53.476+0000] {logging_mixin.py:188} INFO - [2026-05-09T11:01:53.476+0000] {dag.py:3823} INFO - Setting next_dagrun for mediapulse360_pipeline to 2026-05-09 11:00:00+00:00, run_after=2026-05-09 12:00:00+00:00
[2026-05-09T11:01:53.502+0000] {processor.py:183} INFO - Processing /opt/airflow/dags/mediapulse360_pipeline.py took 0.122 seconds
[2026-05-09T11:02:23.853+0000] {processor.py:161} INFO - Started process (PID=1399) to work on /opt/airflow/dags/mediapulse360_pipeline.py
[2026-05-09T11:02:23.854+0000] {processor.py:830} INFO - Processing file /opt/airflow/dags/mediapulse360_pipeline.py for tasks to queue
[2026-05-09T11:02:23.855+0000] {logging_mixin.py:188} INFO - [2026-05-09T11:02:23.854+0000] {dagbag.py:538} INFO - Filling up the DagBag from /opt/airflow/dags/mediapulse360_pipeline.py
[2026-05-09T11:02:23.887+0000] {processor.py:840} INFO - DAG(s) 'mediapulse360_pipeline' retrieved from /opt/airflow/dags/mediapulse360_pipeline.py
[2026-05-09T11:02:23.927+0000] {logging_mixin.py:188} INFO - [2026-05-09T11:02:23.927+0000] {dag.py:3036} INFO - Sync 1 DAGs
[2026-05-09T11:02:23.956+0000] {logging_mixin.py:188} INFO - [2026-05-09T11:02:23.956+0000] {dag.py:3823} INFO - Setting next_dagrun for mediapulse360_pipeline to 2026-05-09 11:00:00+00:00, run_after=2026-05-09 12:00:00+00:00
[2026-05-09T11:02:23.980+0000] {processor.py:183} INFO - Processing /opt/airflow/dags/mediapulse360_pipeline.py took 0.130 seconds
[2026-05-09T11:02:54.242+0000] {processor.py:161} INFO - Started process (PID=1536) to work on /opt/airflow/dags/mediapulse360_pipeline.py
[2026-05-09T11:02:54.243+0000] {processor.py:830} INFO - Processing file /opt/airflow/dags/mediapulse360_pipeline.py for tasks to queue
[2026-05-09T11:02:54.244+0000] {logging_mixin.py:188} INFO - [2026-05-09T11:02:54.244+0000] {dagbag.py:538} INFO - Filling up the DagBag from /opt/airflow/dags/mediapulse360_pipeline.py
[2026-05-09T11:02:54.269+0000] {processor.py:840} INFO - DAG(s) 'mediapulse360_pipeline' retrieved from /opt/airflow/dags/mediapulse360_pipeline.py
[2026-05-09T11:02:54.299+0000] {logging_mixin.py:188} INFO - [2026-05-09T11:02:54.299+0000] {dag.py:3036} INFO - Sync 1 DAGs
[2026-05-09T11:02:54.326+0000] {logging_mixin.py:188} INFO - [2026-05-09T11:02:54.326+0000] {dag.py:3823} INFO - Setting next_dagrun for mediapulse360_pipeline to 2026-05-09 11:00:00+00:00, run_after=2026-05-09 12:00:00+00:00
[2026-05-09T11:02:54.347+0000] {processor.py:183} INFO - Processing /opt/airflow/dags/mediapulse360_pipeline.py took 0.107 seconds
[2026-05-09T11:03:24.639+0000] {processor.py:161} INFO - Started process (PID=1641) to work on /opt/airflow/dags/mediapulse360_pipeline.py
[2026-05-09T11:03:24.642+0000] {processor.py:830} INFO - Processing file /opt/airflow/dags/mediapulse360_pipeline.py for tasks to queue
[2026-05-09T11:03:24.644+0000] {logging_mixin.py:188} INFO - [2026-05-09T11:03:24.643+0000] {dagbag.py:538} INFO - Filling up the DagBag from /opt/airflow/dags/mediapulse360_pipeline.py
[2026-05-09T11:03:24.683+0000] {processor.py:840} INFO - DAG(s) 'mediapulse360_pipeline' retrieved from /opt/airflow/dags/mediapulse360_pipeline.py
[2026-05-09T11:03:24.731+0000] {logging_mixin.py:188} INFO - [2026-05-09T11:03:24.730+0000] {dag.py:3036} INFO - Sync 1 DAGs
[2026-05-09T11:03:24.812+0000] {logging_mixin.py:188} INFO - [2026-05-09T11:03:24.812+0000] {dag.py:3823} INFO - Setting next_dagrun for mediapulse360_pipeline to 2026-05-09 11:00:00+00:00, run_after=2026-05-09 12:00:00+00:00
[2026-05-09T11:03:24.849+0000] {processor.py:183} INFO - Processing /opt/airflow/dags/mediapulse360_pipeline.py took 0.214 seconds
[2026-05-09T11:03:55.114+0000] {processor.py:161} INFO - Started process (PID=1690) to work on /opt/airflow/dags/mediapulse360_pipeline.py
[2026-05-09T11:03:55.117+0000] {processor.py:830} INFO - Processing file /opt/airflow/dags/mediapulse360_pipeline.py for tasks to queue
[2026-05-09T11:03:55.119+0000] {logging_mixin.py:188} INFO - [2026-05-09T11:03:55.118+0000] {dagbag.py:538} INFO - Filling up the DagBag from /opt/airflow/dags/mediapulse360_pipeline.py
[2026-05-09T11:03:55.141+0000] {processor.py:840} INFO - DAG(s) 'mediapulse360_pipeline' retrieved from /opt/airflow/dags/mediapulse360_pipeline.py
[2026-05-09T11:03:55.172+0000] {logging_mixin.py:188} INFO - [2026-05-09T11:03:55.171+0000] {dag.py:3036} INFO - Sync 1 DAGs
[2026-05-09T11:03:55.197+0000] {logging_mixin.py:188} INFO - [2026-05-09T11:03:55.197+0000] {dag.py:3823} INFO - Setting next_dagrun for mediapulse360_pipeline to 2026-05-09 11:00:00+00:00, run_after=2026-05-09 12:00:00+00:00
[2026-05-09T11:03:55.225+0000] {processor.py:183} INFO - Processing /opt/airflow/dags/mediapulse360_pipeline.py took 0.116 seconds
[2026-05-09T11:04:25.506+0000] {processor.py:161} INFO - Started process (PID=1700) to work on /opt/airflow/dags/mediapulse360_pipeline.py
[2026-05-09T11:04:25.507+0000] {processor.py:830} INFO - Processing file /opt/airflow/dags/mediapulse360_pipeline.py for tasks to queue
[2026-05-09T11:04:25.507+0000] {logging_mixin.py:188} INFO - [2026-05-09T11:04:25.507+0000] {dagbag.py:538} INFO - Filling up the DagBag from /opt/airflow/dags/mediapulse360_pipeline.py
[2026-05-09T11:04:25.528+0000] {processor.py:840} INFO - DAG(s) 'mediapulse360_pipeline' retrieved from /opt/airflow/dags/mediapulse360_pipeline.py
[2026-05-09T11:04:25.553+0000] {logging_mixin.py:188} INFO - [2026-05-09T11:04:25.553+0000] {dag.py:3036} INFO - Sync 1 DAGs
[2026-05-09T11:04:25.574+0000] {logging_mixin.py:188} INFO - [2026-05-09T11:04:25.574+0000] {dag.py:3823} INFO - Setting next_dagrun for mediapulse360_pipeline to 2026-05-09 11:00:00+00:00, run_after=2026-05-09 12:00:00+00:00
[2026-05-09T11:04:25.601+0000] {processor.py:183} INFO - Processing /opt/airflow/dags/mediapulse360_pipeline.py took 0.098 seconds
[2026-05-09T11:04:55.905+0000] {processor.py:161} INFO - Started process (PID=1710) to work on /opt/airflow/dags/mediapulse360_pipeline.py
[2026-05-09T11:04:55.908+0000] {processor.py:830} INFO - Processing file /opt/airflow/dags/mediapulse360_pipeline.py for tasks to queue
[2026-05-09T11:04:55.910+0000] {logging_mixin.py:188} INFO - [2026-05-09T11:04:55.909+0000] {dagbag.py:538} INFO - Filling up the DagBag from /opt/airflow/dags/mediapulse360_pipeline.py
[2026-05-09T11:04:55.930+0000] {processor.py:840} INFO - DAG(s) 'mediapulse360_pipeline' retrieved from /opt/airflow/dags/mediapulse360_pipeline.py
[2026-05-09T11:04:55.957+0000] {logging_mixin.py:188} INFO - [2026-05-09T11:04:55.957+0000] {dag.py:3036} INFO - Sync 1 DAGs
[2026-05-09T11:04:55.979+0000] {logging_mixin.py:188} INFO - [2026-05-09T11:04:55.979+0000] {dag.py:3823} INFO - Setting next_dagrun for mediapulse360_pipeline to 2026-05-09 11:00:00+00:00, run_after=2026-05-09 12:00:00+00:00
[2026-05-09T11:04:56.007+0000] {processor.py:183} INFO - Processing /opt/airflow/dags/mediapulse360_pipeline.py took 0.107 seconds
[2026-05-09T11:05:26.310+0000] {processor.py:161} INFO - Started process (PID=1779) to work on /opt/airflow/dags/mediapulse360_pipeline.py
[2026-05-09T11:05:26.312+0000] {processor.py:830} INFO - Processing file /opt/airflow/dags/mediapulse360_pipeline.py for tasks to queue
[2026-05-09T11:05:26.313+0000] {logging_mixin.py:188} INFO - [2026-05-09T11:05:26.312+0000] {dagbag.py:538} INFO - Filling up the DagBag from /opt/airflow/dags/mediapulse360_pipeline.py
[2026-05-09T11:05:26.341+0000] {processor.py:840} INFO - DAG(s) 'mediapulse360_pipeline' retrieved from /opt/airflow/dags/mediapulse360_pipeline.py
[2026-05-09T11:05:26.376+0000] {logging_mixin.py:188} INFO - [2026-05-09T11:05:26.376+0000] {dag.py:3036} INFO - Sync 1 DAGs
[2026-05-09T11:05:26.402+0000] {logging_mixin.py:188} INFO - [2026-05-09T11:05:26.401+0000] {dag.py:3823} INFO - Setting next_dagrun for mediapulse360_pipeline to 2026-05-09 11:00:00+00:00, run_after=2026-05-09 12:00:00+00:00
[2026-05-09T11:05:26.424+0000] {processor.py:183} INFO - Processing /opt/airflow/dags/mediapulse360_pipeline.py took 0.118 seconds
[2026-05-09T11:05:56.823+0000] {processor.py:161} INFO - Started process (PID=1891) to work on /opt/airflow/dags/mediapulse360_pipeline.py
[2026-05-09T11:05:56.830+0000] {processor.py:830} INFO - Processing file /opt/airflow/dags/mediapulse360_pipeline.py for tasks to queue
[2026-05-09T11:05:56.833+0000] {logging_mixin.py:188} INFO - [2026-05-09T11:05:56.832+0000] {dagbag.py:538} INFO - Filling up the DagBag from /opt/airflow/dags/mediapulse360_pipeline.py
[2026-05-09T11:05:56.899+0000] {processor.py:840} INFO - DAG(s) 'mediapulse360_pipeline' retrieved from /opt/airflow/dags/mediapulse360_pipeline.py
[2026-05-09T11:05:56.975+0000] {logging_mixin.py:188} INFO - [2026-05-09T11:05:56.974+0000] {dag.py:3036} INFO - Sync 1 DAGs
[2026-05-09T11:05:57.038+0000] {logging_mixin.py:188} INFO - [2026-05-09T11:05:57.038+0000] {dag.py:3823} INFO - Setting next_dagrun for mediapulse360_pipeline to 2026-05-09 11:00:00+00:00, run_after=2026-05-09 12:00:00+00:00
[2026-05-09T11:05:57.098+0000] {processor.py:183} INFO - Processing /opt/airflow/dags/mediapulse360_pipeline.py took 0.279 seconds
[2026-05-09T11:33:35.680+0000] {processor.py:186} INFO - Started process (PID=163) to work on /opt/airflow/dags/mediapulse360_pipeline.py
[2026-05-09T11:33:35.689+0000] {processor.py:914} INFO - Processing file /opt/airflow/dags/mediapulse360_pipeline.py for tasks to queue
[2026-05-09T11:33:35.718+0000] {logging_mixin.py:190} INFO - [2026-05-09T11:33:35.715+0000] {dagbag.py:588} INFO - Filling up the DagBag from /opt/airflow/dags/mediapulse360_pipeline.py
[2026-05-09T11:33:35.853+0000] {processor.py:925} INFO - DAG(s) 'mediapulse360_pipeline' retrieved from /opt/airflow/dags/mediapulse360_pipeline.py
[2026-05-09T11:33:36.029+0000] {logging_mixin.py:190} INFO - [2026-05-09T11:33:36.028+0000] {dag.py:3239} INFO - Sync 1 DAGs
[2026-05-09T11:33:36.202+0000] {logging_mixin.py:190} INFO - [2026-05-09T11:33:36.202+0000] {dag.py:4180} INFO - Setting next_dagrun for mediapulse360_pipeline to 2026-05-09 11:00:00+00:00, run_after=2026-05-09 12:00:00+00:00
[2026-05-09T11:33:36.342+0000] {processor.py:208} INFO - Processing /opt/airflow/dags/mediapulse360_pipeline.py took 0.774 seconds
[2026-05-09T11:34:07.500+0000] {processor.py:186} INFO - Started process (PID=250) to work on /opt/airflow/dags/mediapulse360_pipeline.py
[2026-05-09T11:34:07.527+0000] {processor.py:914} INFO - Processing file /opt/airflow/dags/mediapulse360_pipeline.py for tasks to queue
[2026-05-09T11:34:07.593+0000] {logging_mixin.py:190} INFO - [2026-05-09T11:34:07.590+0000] {dagbag.py:588} INFO - Filling up the DagBag from /opt/airflow/dags/mediapulse360_pipeline.py
[2026-05-09T11:34:08.265+0000] {processor.py:925} INFO - DAG(s) 'mediapulse360_pipeline' retrieved from /opt/airflow/dags/mediapulse360_pipeline.py
[2026-05-09T11:34:12.016+0000] {logging_mixin.py:190} INFO - [2026-05-09T11:34:12.015+0000] {dag.py:3239} INFO - Sync 1 DAGs
[2026-05-09T11:34:12.065+0000] {logging_mixin.py:190} INFO - [2026-05-09T11:34:12.065+0000] {dag.py:4180} INFO - Setting next_dagrun for mediapulse360_pipeline to 2026-05-09 11:00:00+00:00, run_after=2026-05-09 12:00:00+00:00
[2026-05-09T11:34:12.112+0000] {processor.py:208} INFO - Processing /opt/airflow/dags/mediapulse360_pipeline.py took 4.938 seconds
[2026-05-09T11:34:42.297+0000] {processor.py:186} INFO - Started process (PID=389) to work on /opt/airflow/dags/mediapulse360_pipeline.py
[2026-05-09T11:34:42.299+0000] {processor.py:914} INFO - Processing file /opt/airflow/dags/mediapulse360_pipeline.py for tasks to queue
[2026-05-09T11:34:42.302+0000] {logging_mixin.py:190} INFO - [2026-05-09T11:34:42.302+0000] {dagbag.py:588} INFO - Filling up the DagBag from /opt/airflow/dags/mediapulse360_pipeline.py
[2026-05-09T11:34:42.358+0000] {processor.py:925} INFO - DAG(s) 'mediapulse360_pipeline' retrieved from /opt/airflow/dags/mediapulse360_pipeline.py
[2026-05-09T11:34:42.402+0000] {logging_mixin.py:190} INFO - [2026-05-09T11:34:42.401+0000] {dag.py:3239} INFO - Sync 1 DAGs
[2026-05-09T11:34:42.463+0000] {logging_mixin.py:190} INFO - [2026-05-09T11:34:42.463+0000] {dag.py:4180} INFO - Setting next_dagrun for mediapulse360_pipeline to 2026-05-09 11:00:00+00:00, run_after=2026-05-09 12:00:00+00:00
[2026-05-09T11:34:42.490+0000] {processor.py:208} INFO - Processing /opt/airflow/dags/mediapulse360_pipeline.py took 0.201 seconds
[2026-05-09T11:35:14.048+0000] {processor.py:186} INFO - Started process (PID=428) to work on /opt/airflow/dags/mediapulse360_pipeline.py
[2026-05-09T11:35:14.049+0000] {processor.py:914} INFO - Processing file /opt/airflow/dags/mediapulse360_pipeline.py for tasks to queue
[2026-05-09T11:35:14.052+0000] {logging_mixin.py:190} INFO - [2026-05-09T11:35:14.052+0000] {dagbag.py:588} INFO - Filling up the DagBag from /opt/airflow/dags/mediapulse360_pipeline.py
[2026-05-09T11:35:14.571+0000] {processor.py:925} INFO - DAG(s) 'mediapulse360_pipeline' retrieved from /opt/airflow/dags/mediapulse360_pipeline.py
[2026-05-09T11:35:24.572+0000] {logging_mixin.py:190} INFO - [2026-05-09T11:35:24.572+0000] {dag.py:3239} INFO - Sync 1 DAGs
[2026-05-09T11:35:24.825+0000] {logging_mixin.py:190} INFO - [2026-05-09T11:35:24.825+0000] {dag.py:4180} INFO - Setting next_dagrun for mediapulse360_pipeline to 2026-05-09 11:00:00+00:00, run_after=2026-05-09 12:00:00+00:00
[2026-05-09T11:35:24.870+0000] {processor.py:208} INFO - Processing /opt/airflow/dags/mediapulse360_pipeline.py took 11.814 seconds
[2026-05-09T11:35:55.570+0000] {processor.py:186} INFO - Started process (PID=500) to work on /opt/airflow/dags/mediapulse360_pipeline.py
[2026-05-09T11:35:55.572+0000] {processor.py:914} INFO - Processing file /opt/airflow/dags/mediapulse360_pipeline.py for tasks to queue
[2026-05-09T11:35:55.575+0000] {logging_mixin.py:190} INFO - [2026-05-09T11:35:55.575+0000] {dagbag.py:588} INFO - Filling up the DagBag from /opt/airflow/dags/mediapulse360_pipeline.py
[2026-05-09T11:35:55.612+0000] {processor.py:925} INFO - DAG(s) 'mediapulse360_pipeline' retrieved from /opt/airflow/dags/mediapulse360_pipeline.py
[2026-05-09T11:35:55.658+0000] {logging_mixin.py:190} INFO - [2026-05-09T11:35:55.658+0000] {dag.py:3239} INFO - Sync 1 DAGs
[2026-05-09T11:35:55.685+0000] {logging_mixin.py:190} INFO - [2026-05-09T11:35:55.684+0000] {dag.py:4180} INFO - Setting next_dagrun for mediapulse360_pipeline to 2026-05-09 11:00:00+00:00, run_after=2026-05-09 12:00:00+00:00
[2026-05-09T11:35:55.719+0000] {processor.py:208} INFO - Processing /opt/airflow/dags/mediapulse360_pipeline.py took 0.157 seconds
[2026-05-09T11:36:26.240+0000] {processor.py:186} INFO - Started process (PID=510) to work on /opt/airflow/dags/mediapulse360_pipeline.py
[2026-05-09T11:36:26.299+0000] {processor.py:914} INFO - Processing file /opt/airflow/dags/mediapulse360_pipeline.py for tasks to queue
[2026-05-09T11:36:26.303+0000] {logging_mixin.py:190} INFO - [2026-05-09T11:36:26.302+0000] {dagbag.py:588} INFO - Filling up the DagBag from /opt/airflow/dags/mediapulse360_pipeline.py
[2026-05-09T11:36:39.073+0000] {processor.py:925} INFO - DAG(s) 'mediapulse360_pipeline' retrieved from /opt/airflow/dags/mediapulse360_pipeline.py
[2026-05-09T11:36:39.221+0000] {logging_mixin.py:190} INFO - [2026-05-09T11:36:39.221+0000] {dag.py:3239} INFO - Sync 1 DAGs
[2026-05-09T11:36:39.293+0000] {logging_mixin.py:190} INFO - [2026-05-09T11:36:39.293+0000] {dag.py:4180} INFO - Setting next_dagrun for mediapulse360_pipeline to 2026-05-09 11:00:00+00:00, run_after=2026-05-09 12:00:00+00:00
[2026-05-09T11:36:39.397+0000] {processor.py:208} INFO - Processing /opt/airflow/dags/mediapulse360_pipeline.py took 13.162 seconds
[2026-05-09T11:37:09.970+0000] {processor.py:186} INFO - Started process (PID=520) to work on /opt/airflow/dags/mediapulse360_pipeline.py
[2026-05-09T11:37:09.973+0000] {processor.py:914} INFO - Processing file /opt/airflow/dags/mediapulse360_pipeline.py for tasks to queue
[2026-05-09T11:37:09.979+0000] {logging_mixin.py:190} INFO - [2026-05-09T11:37:09.978+0000] {dagbag.py:588} INFO - Filling up the DagBag from /opt/airflow/dags/mediapulse360_pipeline.py
[2026-05-09T11:37:10.031+0000] {processor.py:925} INFO - DAG(s) 'mediapulse360_pipeline' retrieved from /opt/airflow/dags/mediapulse360_pipeline.py
[2026-05-09T11:37:10.184+0000] {logging_mixin.py:190} INFO - [2026-05-09T11:37:10.182+0000] {dag.py:3239} INFO - Sync 1 DAGs
[2026-05-09T11:37:10.232+0000] {logging_mixin.py:190} INFO - [2026-05-09T11:37:10.231+0000] {dag.py:4180} INFO - Setting next_dagrun for mediapulse360_pipeline to 2026-05-09 11:00:00+00:00, run_after=2026-05-09 12:00:00+00:00
[2026-05-09T11:37:10.272+0000] {processor.py:208} INFO - Processing /opt/airflow/dags/mediapulse360_pipeline.py took 0.332 seconds
[2026-05-09T11:37:40.352+0000] {processor.py:186} INFO - Started process (PID=530) to work on /opt/airflow/dags/mediapulse360_pipeline.py
[2026-05-09T11:37:40.354+0000] {processor.py:914} INFO - Processing file /opt/airflow/dags/mediapulse360_pipeline.py for tasks to queue
[2026-05-09T11:37:40.357+0000] {logging_mixin.py:190} INFO - [2026-05-09T11:37:40.357+0000] {dagbag.py:588} INFO - Filling up the DagBag from /opt/airflow/dags/mediapulse360_pipeline.py
[2026-05-09T11:37:40.389+0000] {processor.py:925} INFO - DAG(s) 'mediapulse360_pipeline' retrieved from /opt/airflow/dags/mediapulse360_pipeline.py
[2026-05-09T11:37:40.433+0000] {logging_mixin.py:190} INFO - [2026-05-09T11:37:40.433+0000] {dag.py:3239} INFO - Sync 1 DAGs
[2026-05-09T11:37:40.471+0000] {logging_mixin.py:190} INFO - [2026-05-09T11:37:40.471+0000] {dag.py:4180} INFO - Setting next_dagrun for mediapulse360_pipeline to 2026-05-09 11:00:00+00:00, run_after=2026-05-09 12:00:00+00:00
[2026-05-09T11:37:40.527+0000] {processor.py:208} INFO - Processing /opt/airflow/dags/mediapulse360_pipeline.py took 0.185 seconds
[2026-05-09T11:38:12.446+0000] {processor.py:186} INFO - Started process (PID=540) to work on /opt/airflow/dags/mediapulse360_pipeline.py
[2026-05-09T11:38:12.497+0000] {processor.py:914} INFO - Processing file /opt/airflow/dags/mediapulse360_pipeline.py for tasks to queue
[2026-05-09T11:38:12.541+0000] {logging_mixin.py:190} INFO - [2026-05-09T11:38:12.540+0000] {dagbag.py:588} INFO - Filling up the DagBag from /opt/airflow/dags/mediapulse360_pipeline.py
[2026-05-09T11:38:12.745+0000] {processor.py:925} INFO - DAG(s) 'mediapulse360_pipeline' retrieved from /opt/airflow/dags/mediapulse360_pipeline.py
[2026-05-09T11:38:12.834+0000] {logging_mixin.py:190} INFO - [2026-05-09T11:38:12.833+0000] {dag.py:3239} INFO - Sync 1 DAGs
[2026-05-09T11:38:12.908+0000] {logging_mixin.py:190} INFO - [2026-05-09T11:38:12.908+0000] {dag.py:4180} INFO - Setting next_dagrun for mediapulse360_pipeline to 2026-05-09 11:00:00+00:00, run_after=2026-05-09 12:00:00+00:00
[2026-05-09T11:38:12.984+0000] {processor.py:208} INFO - Processing /opt/airflow/dags/mediapulse360_pipeline.py took 0.546 seconds
[2026-05-09T11:38:43.128+0000] {processor.py:186} INFO - Started process (PID=550) to work on /opt/airflow/dags/mediapulse360_pipeline.py
[2026-05-09T11:38:43.130+0000] {processor.py:914} INFO - Processing file /opt/airflow/dags/mediapulse360_pipeline.py for tasks to queue
[2026-05-09T11:38:43.133+0000] {logging_mixin.py:190} INFO - [2026-05-09T11:38:43.132+0000] {dagbag.py:588} INFO - Filling up the DagBag from /opt/airflow/dags/mediapulse360_pipeline.py
[2026-05-09T11:38:43.185+0000] {processor.py:925} INFO - DAG(s) 'mediapulse360_pipeline' retrieved from /opt/airflow/dags/mediapulse360_pipeline.py
[2026-05-09T11:38:43.234+0000] {logging_mixin.py:190} INFO - [2026-05-09T11:38:43.234+0000] {dag.py:3239} INFO - Sync 1 DAGs
[2026-05-09T11:38:43.267+0000] {logging_mixin.py:190} INFO - [2026-05-09T11:38:43.266+0000] {dag.py:4180} INFO - Setting next_dagrun for mediapulse360_pipeline to 2026-05-09 11:00:00+00:00, run_after=2026-05-09 12:00:00+00:00
[2026-05-09T11:38:43.294+0000] {processor.py:208} INFO - Processing /opt/airflow/dags/mediapulse360_pipeline.py took 0.175 seconds
[2026-05-09T11:39:13.543+0000] {processor.py:186} INFO - Started process (PID=560) to work on /opt/airflow/dags/mediapulse360_pipeline.py
[2026-05-09T11:39:13.545+0000] {processor.py:914} INFO - Processing file /opt/airflow/dags/mediapulse360_pipeline.py for tasks to queue
[2026-05-09T11:39:13.550+0000] {logging_mixin.py:190} INFO - [2026-05-09T11:39:13.550+0000] {dagbag.py:588} INFO - Filling up the DagBag from /opt/airflow/dags/mediapulse360_pipeline.py
[2026-05-09T11:39:13.573+0000] {processor.py:925} INFO - DAG(s) 'mediapulse360_pipeline' retrieved from /opt/airflow/dags/mediapulse360_pipeline.py
[2026-05-09T11:39:13.604+0000] {logging_mixin.py:190} INFO - [2026-05-09T11:39:13.604+0000] {dag.py:3239} INFO - Sync 1 DAGs
[2026-05-09T11:39:13.630+0000] {logging_mixin.py:190} INFO - [2026-05-09T11:39:13.629+0000] {dag.py:4180} INFO - Setting next_dagrun for mediapulse360_pipeline to 2026-05-09 11:00:00+00:00, run_after=2026-05-09 12:00:00+00:00
[2026-05-09T11:39:13.655+0000] {processor.py:208} INFO - Processing /opt/airflow/dags/mediapulse360_pipeline.py took 0.118 seconds
[2026-05-09T11:39:44.056+0000] {processor.py:186} INFO - Started process (PID=570) to work on /opt/airflow/dags/mediapulse360_pipeline.py
[2026-05-09T11:39:44.058+0000] {processor.py:914} INFO - Processing file /opt/airflow/dags/mediapulse360_pipeline.py for tasks to queue
[2026-05-09T11:39:44.063+0000] {logging_mixin.py:190} INFO - [2026-05-09T11:39:44.063+0000] {dagbag.py:588} INFO - Filling up the DagBag from /opt/airflow/dags/mediapulse360_pipeline.py
[2026-05-09T11:39:44.096+0000] {processor.py:925} INFO - DAG(s) 'mediapulse360_pipeline' retrieved from /opt/airflow/dags/mediapulse360_pipeline.py
[2026-05-09T11:39:44.136+0000] {logging_mixin.py:190} INFO - [2026-05-09T11:39:44.136+0000] {dag.py:3239} INFO - Sync 1 DAGs
[2026-05-09T11:39:44.167+0000] {logging_mixin.py:190} INFO - [2026-05-09T11:39:44.166+0000] {dag.py:4180} INFO - Setting next_dagrun for mediapulse360_pipeline to 2026-05-09 11:00:00+00:00, run_after=2026-05-09 12:00:00+00:00
[2026-05-09T11:39:44.195+0000] {processor.py:208} INFO - Processing /opt/airflow/dags/mediapulse360_pipeline.py took 0.145 seconds
[2026-05-09T11:40:14.674+0000] {processor.py:186} INFO - Started process (PID=580) to work on /opt/airflow/dags/mediapulse360_pipeline.py
[2026-05-09T11:40:14.676+0000] {processor.py:914} INFO - Processing file /opt/airflow/dags/mediapulse360_pipeline.py for tasks to queue
[2026-05-09T11:40:14.678+0000] {logging_mixin.py:190} INFO - [2026-05-09T11:40:14.678+0000] {dagbag.py:588} INFO - Filling up the DagBag from /opt/airflow/dags/mediapulse360_pipeline.py
[2026-05-09T11:40:14.712+0000] {processor.py:925} INFO - DAG(s) 'mediapulse360_pipeline' retrieved from /opt/airflow/dags/mediapulse360_pipeline.py
[2026-05-09T11:40:14.756+0000] {logging_mixin.py:190} INFO - [2026-05-09T11:40:14.756+0000] {dag.py:3239} INFO - Sync 1 DAGs
[2026-05-09T11:40:14.796+0000] {logging_mixin.py:190} INFO - [2026-05-09T11:40:14.796+0000] {dag.py:4180} INFO - Setting next_dagrun for mediapulse360_pipeline to 2026-05-09 11:00:00+00:00, run_after=2026-05-09 12:00:00+00:00
[2026-05-09T11:40:14.821+0000] {processor.py:208} INFO - Processing /opt/airflow/dags/mediapulse360_pipeline.py took 0.156 seconds
[2026-05-09T11:40:45.005+0000] {processor.py:186} INFO - Started process (PID=590) to work on /opt/airflow/dags/mediapulse360_pipeline.py
[2026-05-09T11:40:45.006+0000] {processor.py:914} INFO - Processing file /opt/airflow/dags/mediapulse360_pipeline.py for tasks to queue
[2026-05-09T11:40:45.009+0000] {logging_mixin.py:190} INFO - [2026-05-09T11:40:45.008+0000] {dagbag.py:588} INFO - Filling up the DagBag from /opt/airflow/dags/mediapulse360_pipeline.py
[2026-05-09T11:40:45.039+0000] {processor.py:925} INFO - DAG(s) 'mediapulse360_pipeline' retrieved from /opt/airflow/dags/mediapulse360_pipeline.py
[2026-05-09T11:40:45.073+0000] {logging_mixin.py:190} INFO - [2026-05-09T11:40:45.073+0000] {dag.py:3239} INFO - Sync 1 DAGs
[2026-05-09T11:40:45.108+0000] {logging_mixin.py:190} INFO - [2026-05-09T11:40:45.107+0000] {dag.py:4180} INFO - Setting next_dagrun for mediapulse360_pipeline to 2026-05-09 11:00:00+00:00, run_after=2026-05-09 12:00:00+00:00
[2026-05-09T11:40:45.139+0000] {processor.py:208} INFO - Processing /opt/airflow/dags/mediapulse360_pipeline.py took 0.144 seconds
[2026-05-09T11:41:15.450+0000] {processor.py:186} INFO - Started process (PID=600) to work on /opt/airflow/dags/mediapulse360_pipeline.py
[2026-05-09T11:41:15.451+0000] {processor.py:914} INFO - Processing file /opt/airflow/dags/mediapulse360_pipeline.py for tasks to queue
[2026-05-09T11:41:15.453+0000] {logging_mixin.py:190} INFO - [2026-05-09T11:41:15.453+0000] {dagbag.py:588} INFO - Filling up the DagBag from /opt/airflow/dags/mediapulse360_pipeline.py
[2026-05-09T11:41:15.476+0000] {processor.py:925} INFO - DAG(s) 'mediapulse360_pipeline' retrieved from /opt/airflow/dags/mediapulse360_pipeline.py
[2026-05-09T11:41:15.504+0000] {logging_mixin.py:190} INFO - [2026-05-09T11:41:15.504+0000] {dag.py:3239} INFO - Sync 1 DAGs
[2026-05-09T11:41:15.537+0000] {logging_mixin.py:190} INFO - [2026-05-09T11:41:15.536+0000] {dag.py:4180} INFO - Setting next_dagrun for mediapulse360_pipeline to 2026-05-09 11:00:00+00:00, run_after=2026-05-09 12:00:00+00:00
[2026-05-09T11:41:15.564+0000] {processor.py:208} INFO - Processing /opt/airflow/dags/mediapulse360_pipeline.py took 0.122 seconds
[2026-05-09T11:41:46.174+0000] {processor.py:186} INFO - Started process (PID=610) to work on /opt/airflow/dags/mediapulse360_pipeline.py
[2026-05-09T11:41:46.184+0000] {processor.py:914} INFO - Processing file /opt/airflow/dags/mediapulse360_pipeline.py for tasks to queue
[2026-05-09T11:41:46.205+0000] {logging_mixin.py:190} INFO - [2026-05-09T11:41:46.198+0000] {dagbag.py:588} INFO - Filling up the DagBag from /opt/airflow/dags/mediapulse360_pipeline.py
[2026-05-09T11:41:46.324+0000] {processor.py:925} INFO - DAG(s) 'mediapulse360_pipeline' retrieved from /opt/airflow/dags/mediapulse360_pipeline.py
[2026-05-09T11:41:46.463+0000] {logging_mixin.py:190} INFO - [2026-05-09T11:41:46.462+0000] {dag.py:3239} INFO - Sync 1 DAGs
[2026-05-09T11:41:46.644+0000] {logging_mixin.py:190} INFO - [2026-05-09T11:41:46.644+0000] {dag.py:4180} INFO - Setting next_dagrun for mediapulse360_pipeline to 2026-05-09 11:00:00+00:00, run_after=2026-05-09 12:00:00+00:00
[2026-05-09T11:41:46.719+0000] {processor.py:208} INFO - Processing /opt/airflow/dags/mediapulse360_pipeline.py took 0.559 seconds
[2026-05-09T11:42:17.263+0000] {processor.py:186} INFO - Started process (PID=620) to work on /opt/airflow/dags/mediapulse360_pipeline.py
[2026-05-09T11:42:17.266+0000] {processor.py:914} INFO - Processing file /opt/airflow/dags/mediapulse360_pipeline.py for tasks to queue
[2026-05-09T11:42:17.269+0000] {logging_mixin.py:190} INFO - [2026-05-09T11:42:17.269+0000] {dagbag.py:588} INFO - Filling up the DagBag from /opt/airflow/dags/mediapulse360_pipeline.py
[2026-05-09T11:42:17.291+0000] {processor.py:925} INFO - DAG(s) 'mediapulse360_pipeline' retrieved from /opt/airflow/dags/mediapulse360_pipeline.py
[2026-05-09T11:42:17.320+0000] {logging_mixin.py:190} INFO - [2026-05-09T11:42:17.319+0000] {dag.py:3239} INFO - Sync 1 DAGs
[2026-05-09T11:42:17.345+0000] {logging_mixin.py:190} INFO - [2026-05-09T11:42:17.345+0000] {dag.py:4180} INFO - Setting next_dagrun for mediapulse360_pipeline to 2026-05-09 11:00:00+00:00, run_after=2026-05-09 12:00:00+00:00
[2026-05-09T11:42:17.372+0000] {processor.py:208} INFO - Processing /opt/airflow/dags/mediapulse360_pipeline.py took 0.119 seconds
[2026-05-09T11:42:47.717+0000] {processor.py:186} INFO - Started process (PID=630) to work on /opt/airflow/dags/mediapulse360_pipeline.py
[2026-05-09T11:42:47.719+0000] {processor.py:914} INFO - Processing file /opt/airflow/dags/mediapulse360_pipeline.py for tasks to queue
[2026-05-09T11:42:47.722+0000] {logging_mixin.py:190} INFO - [2026-05-09T11:42:47.722+0000] {dagbag.py:588} INFO - Filling up the DagBag from /opt/airflow/dags/mediapulse360_pipeline.py
[2026-05-09T11:42:47.748+0000] {processor.py:925} INFO - DAG(s) 'mediapulse360_pipeline' retrieved from /opt/airflow/dags/mediapulse360_pipeline.py
[2026-05-09T11:42:47.803+0000] {logging_mixin.py:190} INFO - [2026-05-09T11:42:47.802+0000] {dag.py:3239} INFO - Sync 1 DAGs
[2026-05-09T11:42:47.862+0000] {logging_mixin.py:190} INFO - [2026-05-09T11:42:47.862+0000] {dag.py:4180} INFO - Setting next_dagrun for mediapulse360_pipeline to 2026-05-09 11:00:00+00:00, run_after=2026-05-09 12:00:00+00:00
[2026-05-09T11:42:47.902+0000] {processor.py:208} INFO - Processing /opt/airflow/dags/mediapulse360_pipeline.py took 0.203 seconds
[2026-05-09T11:43:18.297+0000] {processor.py:186} INFO - Started process (PID=640) to work on /opt/airflow/dags/mediapulse360_pipeline.py
[2026-05-09T11:43:18.300+0000] {processor.py:914} INFO - Processing file /opt/airflow/dags/mediapulse360_pipeline.py for tasks to queue
[2026-05-09T11:43:18.304+0000] {logging_mixin.py:190} INFO - [2026-05-09T11:43:18.303+0000] {dagbag.py:588} INFO - Filling up the DagBag from /opt/airflow/dags/mediapulse360_pipeline.py
[2026-05-09T11:43:18.329+0000] {processor.py:925} INFO - DAG(s) 'mediapulse360_pipeline' retrieved from /opt/airflow/dags/mediapulse360_pipeline.py
[2026-05-09T11:43:18.357+0000] {logging_mixin.py:190} INFO - [2026-05-09T11:43:18.357+0000] {dag.py:3239} INFO - Sync 1 DAGs
[2026-05-09T11:43:18.390+0000] {logging_mixin.py:190} INFO - [2026-05-09T11:43:18.389+0000] {dag.py:4180} INFO - Setting next_dagrun for mediapulse360_pipeline to 2026-05-09 11:00:00+00:00, run_after=2026-05-09 12:00:00+00:00
[2026-05-09T11:43:18.414+0000] {processor.py:208} INFO - Processing /opt/airflow/dags/mediapulse360_pipeline.py took 0.127 seconds
[2026-05-09T11:43:48.625+0000] {processor.py:186} INFO - Started process (PID=650) to work on /opt/airflow/dags/mediapulse360_pipeline.py
[2026-05-09T11:43:48.626+0000] {processor.py:914} INFO - Processing file /opt/airflow/dags/mediapulse360_pipeline.py for tasks to queue
[2026-05-09T11:43:48.630+0000] {logging_mixin.py:190} INFO - [2026-05-09T11:43:48.630+0000] {dagbag.py:588} INFO - Filling up the DagBag from /opt/airflow/dags/mediapulse360_pipeline.py
[2026-05-09T11:43:48.686+0000] {processor.py:925} INFO - DAG(s) 'mediapulse360_pipeline' retrieved from /opt/airflow/dags/mediapulse360_pipeline.py
[2026-05-09T11:43:48.769+0000] {logging_mixin.py:190} INFO - [2026-05-09T11:43:48.768+0000] {dag.py:3239} INFO - Sync 1 DAGs
[2026-05-09T11:43:48.919+0000] {logging_mixin.py:190} INFO - [2026-05-09T11:43:48.919+0000] {dag.py:4180} INFO - Setting next_dagrun for mediapulse360_pipeline to 2026-05-09 11:00:00+00:00, run_after=2026-05-09 12:00:00+00:00
[2026-05-09T11:43:48.983+0000] {processor.py:208} INFO - Processing /opt/airflow/dags/mediapulse360_pipeline.py took 0.367 seconds
[2026-05-09T11:44:19.355+0000] {processor.py:186} INFO - Started process (PID=660) to work on /opt/airflow/dags/mediapulse360_pipeline.py
[2026-05-09T11:44:19.356+0000] {processor.py:914} INFO - Processing file /opt/airflow/dags/mediapulse360_pipeline.py for tasks to queue
[2026-05-09T11:44:19.359+0000] {logging_mixin.py:190} INFO - [2026-05-09T11:44:19.359+0000] {dagbag.py:588} INFO - Filling up the DagBag from /opt/airflow/dags/mediapulse360_pipeline.py
[2026-05-09T11:44:19.386+0000] {processor.py:925} INFO - DAG(s) 'mediapulse360_pipeline' retrieved from /opt/airflow/dags/mediapulse360_pipeline.py
[2026-05-09T11:44:19.419+0000] {logging_mixin.py:190} INFO - [2026-05-09T11:44:19.419+0000] {dag.py:3239} INFO - Sync 1 DAGs
[2026-05-09T11:44:19.442+0000] {logging_mixin.py:190} INFO - [2026-05-09T11:44:19.442+0000] {dag.py:4180} INFO - Setting next_dagrun for mediapulse360_pipeline to 2026-05-09 11:00:00+00:00, run_after=2026-05-09 12:00:00+00:00
[2026-05-09T11:44:19.484+0000] {processor.py:208} INFO - Processing /opt/airflow/dags/mediapulse360_pipeline.py took 0.136 seconds
[2026-05-09T11:44:49.792+0000] {processor.py:186} INFO - Started process (PID=670) to work on /opt/airflow/dags/mediapulse360_pipeline.py
[2026-05-09T11:44:49.793+0000] {processor.py:914} INFO - Processing file /opt/airflow/dags/mediapulse360_pipeline.py for tasks to queue
[2026-05-09T11:44:49.800+0000] {logging_mixin.py:190} INFO - [2026-05-09T11:44:49.799+0000] {dagbag.py:588} INFO - Filling up the DagBag from /opt/airflow/dags/mediapulse360_pipeline.py
[2026-05-09T11:44:49.821+0000] {processor.py:925} INFO - DAG(s) 'mediapulse360_pipeline' retrieved from /opt/airflow/dags/mediapulse360_pipeline.py
[2026-05-09T11:44:49.859+0000] {logging_mixin.py:190} INFO - [2026-05-09T11:44:49.859+0000] {dag.py:3239} INFO - Sync 1 DAGs
[2026-05-09T11:44:49.887+0000] {logging_mixin.py:190} INFO - [2026-05-09T11:44:49.886+0000] {dag.py:4180} INFO - Setting next_dagrun for mediapulse360_pipeline to 2026-05-09 11:00:00+00:00, run_after=2026-05-09 12:00:00+00:00
[2026-05-09T11:44:49.911+0000] {processor.py:208} INFO - Processing /opt/airflow/dags/mediapulse360_pipeline.py took 0.125 seconds
[2026-05-09T11:45:20.167+0000] {processor.py:186} INFO - Started process (PID=680) to work on /opt/airflow/dags/mediapulse360_pipeline.py
[2026-05-09T11:45:20.169+0000] {processor.py:914} INFO - Processing file /opt/airflow/dags/mediapulse360_pipeline.py for tasks to queue
[2026-05-09T11:45:20.173+0000] {logging_mixin.py:190} INFO - [2026-05-09T11:45:20.173+0000] {dagbag.py:588} INFO - Filling up the DagBag from /opt/airflow/dags/mediapulse360_pipeline.py
[2026-05-09T11:45:20.200+0000] {processor.py:925} INFO - DAG(s) 'mediapulse360_pipeline' retrieved from /opt/airflow/dags/mediapulse360_pipeline.py
[2026-05-09T11:45:20.233+0000] {logging_mixin.py:190} INFO - [2026-05-09T11:45:20.233+0000] {dag.py:3239} INFO - Sync 1 DAGs
[2026-05-09T11:45:20.269+0000] {logging_mixin.py:190} INFO - [2026-05-09T11:45:20.268+0000] {dag.py:4180} INFO - Setting next_dagrun for mediapulse360_pipeline to 2026-05-09 11:00:00+00:00, run_after=2026-05-09 12:00:00+00:00
[2026-05-09T11:45:20.295+0000] {processor.py:208} INFO - Processing /opt/airflow/dags/mediapulse360_pipeline.py took 0.134 seconds
[2026-05-09T11:45:50.680+0000] {processor.py:186} INFO - Started process (PID=690) to work on /opt/airflow/dags/mediapulse360_pipeline.py
[2026-05-09T11:45:50.681+0000] {processor.py:914} INFO - Processing file /opt/airflow/dags/mediapulse360_pipeline.py for tasks to queue
[2026-05-09T11:45:50.685+0000] {logging_mixin.py:190} INFO - [2026-05-09T11:45:50.684+0000] {dagbag.py:588} INFO - Filling up the DagBag from /opt/airflow/dags/mediapulse360_pipeline.py
[2026-05-09T11:45:50.708+0000] {processor.py:925} INFO - DAG(s) 'mediapulse360_pipeline' retrieved from /opt/airflow/dags/mediapulse360_pipeline.py
[2026-05-09T11:45:50.742+0000] {logging_mixin.py:190} INFO - [2026-05-09T11:45:50.741+0000] {dag.py:3239} INFO - Sync 1 DAGs
[2026-05-09T11:45:50.770+0000] {logging_mixin.py:190} INFO - [2026-05-09T11:45:50.770+0000] {dag.py:4180} INFO - Setting next_dagrun for mediapulse360_pipeline to 2026-05-09 11:00:00+00:00, run_after=2026-05-09 12:00:00+00:00
[2026-05-09T11:45:50.795+0000] {processor.py:208} INFO - Processing /opt/airflow/dags/mediapulse360_pipeline.py took 0.122 seconds
[2026-05-09T11:46:21.015+0000] {processor.py:186} INFO - Started process (PID=700) to work on /opt/airflow/dags/mediapulse360_pipeline.py
[2026-05-09T11:46:21.016+0000] {processor.py:914} INFO - Processing file /opt/airflow/dags/mediapulse360_pipeline.py for tasks to queue
[2026-05-09T11:46:21.019+0000] {logging_mixin.py:190} INFO - [2026-05-09T11:46:21.019+0000] {dagbag.py:588} INFO - Filling up the DagBag from /opt/airflow/dags/mediapulse360_pipeline.py
[2026-05-09T11:46:21.040+0000] {processor.py:925} INFO - DAG(s) 'mediapulse360_pipeline' retrieved from /opt/airflow/dags/mediapulse360_pipeline.py
[2026-05-09T11:46:21.076+0000] {logging_mixin.py:190} INFO - [2026-05-09T11:46:21.075+0000] {dag.py:3239} INFO - Sync 1 DAGs
[2026-05-09T11:46:21.101+0000] {logging_mixin.py:190} INFO - [2026-05-09T11:46:21.100+0000] {dag.py:4180} INFO - Setting next_dagrun for mediapulse360_pipeline to 2026-05-09 11:00:00+00:00, run_after=2026-05-09 12:00:00+00:00
[2026-05-09T11:46:21.133+0000] {processor.py:208} INFO - Processing /opt/airflow/dags/mediapulse360_pipeline.py took 0.124 seconds
[2026-05-09T11:46:51.531+0000] {processor.py:186} INFO - Started process (PID=710) to work on /opt/airflow/dags/mediapulse360_pipeline.py
[2026-05-09T11:46:51.532+0000] {processor.py:914} INFO - Processing file /opt/airflow/dags/mediapulse360_pipeline.py for tasks to queue
[2026-05-09T11:46:51.535+0000] {logging_mixin.py:190} INFO - [2026-05-09T11:46:51.534+0000] {dagbag.py:588} INFO - Filling up the DagBag from /opt/airflow/dags/mediapulse360_pipeline.py
[2026-05-09T11:46:51.554+0000] {processor.py:925} INFO - DAG(s) 'mediapulse360_pipeline' retrieved from /opt/airflow/dags/mediapulse360_pipeline.py
[2026-05-09T11:46:51.580+0000] {logging_mixin.py:190} INFO - [2026-05-09T11:46:51.580+0000] {dag.py:3239} INFO - Sync 1 DAGs
[2026-05-09T11:46:51.603+0000] {logging_mixin.py:190} INFO - [2026-05-09T11:46:51.603+0000] {dag.py:4180} INFO - Setting next_dagrun for mediapulse360_pipeline to 2026-05-09 11:00:00+00:00, run_after=2026-05-09 12:00:00+00:00
[2026-05-09T11:46:51.628+0000] {processor.py:208} INFO - Processing /opt/airflow/dags/mediapulse360_pipeline.py took 0.103 seconds
[2026-05-09T11:47:21.860+0000] {processor.py:186} INFO - Started process (PID=720) to work on /opt/airflow/dags/mediapulse360_pipeline.py
[2026-05-09T11:47:21.861+0000] {processor.py:914} INFO - Processing file /opt/airflow/dags/mediapulse360_pipeline.py for tasks to queue
[2026-05-09T11:47:21.865+0000] {logging_mixin.py:190} INFO - [2026-05-09T11:47:21.864+0000] {dagbag.py:588} INFO - Filling up the DagBag from /opt/airflow/dags/mediapulse360_pipeline.py
[2026-05-09T11:47:21.893+0000] {processor.py:925} INFO - DAG(s) 'mediapulse360_pipeline' retrieved from /opt/airflow/dags/mediapulse360_pipeline.py
[2026-05-09T11:47:21.927+0000] {logging_mixin.py:190} INFO - [2026-05-09T11:47:21.927+0000] {dag.py:3239} INFO - Sync 1 DAGs
[2026-05-09T11:47:21.950+0000] {logging_mixin.py:190} INFO - [2026-05-09T11:47:21.950+0000] {dag.py:4180} INFO - Setting next_dagrun for mediapulse360_pipeline to 2026-05-09 11:00:00+00:00, run_after=2026-05-09 12:00:00+00:00
[2026-05-09T11:47:21.969+0000] {processor.py:208} INFO - Processing /opt/airflow/dags/mediapulse360_pipeline.py took 0.118 seconds
[2026-05-09T11:47:52.311+0000] {processor.py:186} INFO - Started process (PID=730) to work on /opt/airflow/dags/mediapulse360_pipeline.py
[2026-05-09T11:47:52.312+0000] {processor.py:914} INFO - Processing file /opt/airflow/dags/mediapulse360_pipeline.py for tasks to queue
[2026-05-09T11:47:52.315+0000] {logging_mixin.py:190} INFO - [2026-05-09T11:47:52.315+0000] {dagbag.py:588} INFO - Filling up the DagBag from /opt/airflow/dags/mediapulse360_pipeline.py
[2026-05-09T11:47:52.335+0000] {processor.py:925} INFO - DAG(s) 'mediapulse360_pipeline' retrieved from /opt/airflow/dags/mediapulse360_pipeline.py
[2026-05-09T11:47:52.361+0000] {logging_mixin.py:190} INFO - [2026-05-09T11:47:52.360+0000] {dag.py:3239} INFO - Sync 1 DAGs
[2026-05-09T11:47:52.383+0000] {logging_mixin.py:190} INFO - [2026-05-09T11:47:52.383+0000] {dag.py:4180} INFO - Setting next_dagrun for mediapulse360_pipeline to 2026-05-09 11:00:00+00:00, run_after=2026-05-09 12:00:00+00:00
[2026-05-09T11:47:52.405+0000] {processor.py:208} INFO - Processing /opt/airflow/dags/mediapulse360_pipeline.py took 0.101 seconds
[2026-05-09T11:48:22.794+0000] {processor.py:186} INFO - Started process (PID=740) to work on /opt/airflow/dags/mediapulse360_pipeline.py
[2026-05-09T11:48:22.796+0000] {processor.py:914} INFO - Processing file /opt/airflow/dags/mediapulse360_pipeline.py for tasks to queue
[2026-05-09T11:48:22.800+0000] {logging_mixin.py:190} INFO - [2026-05-09T11:48:22.799+0000] {dagbag.py:588} INFO - Filling up the DagBag from /opt/airflow/dags/mediapulse360_pipeline.py
[2026-05-09T11:48:22.832+0000] {processor.py:925} INFO - DAG(s) 'mediapulse360_pipeline' retrieved from /opt/airflow/dags/mediapulse360_pipeline.py
[2026-05-09T11:48:22.862+0000] {logging_mixin.py:190} INFO - [2026-05-09T11:48:22.861+0000] {dag.py:3239} INFO - Sync 1 DAGs
[2026-05-09T11:48:22.885+0000] {logging_mixin.py:190} INFO - [2026-05-09T11:48:22.885+0000] {dag.py:4180} INFO - Setting next_dagrun for mediapulse360_pipeline to 2026-05-09 11:00:00+00:00, run_after=2026-05-09 12:00:00+00:00
[2026-05-09T11:48:22.908+0000] {processor.py:208} INFO - Processing /opt/airflow/dags/mediapulse360_pipeline.py took 0.124 seconds
[2026-05-09T11:48:53.206+0000] {processor.py:186} INFO - Started process (PID=750) to work on /opt/airflow/dags/mediapulse360_pipeline.py
[2026-05-09T11:48:53.208+0000] {processor.py:914} INFO - Processing file /opt/airflow/dags/mediapulse360_pipeline.py for tasks to queue
[2026-05-09T11:48:53.212+0000] {logging_mixin.py:190} INFO - [2026-05-09T11:48:53.211+0000] {dagbag.py:588} INFO - Filling up the DagBag from /opt/airflow/dags/mediapulse360_pipeline.py
[2026-05-09T11:48:53.254+0000] {processor.py:925} INFO - DAG(s) 'mediapulse360_pipeline' retrieved from /opt/airflow/dags/mediapulse360_pipeline.py
[2026-05-09T11:48:53.290+0000] {logging_mixin.py:190} INFO - [2026-05-09T11:48:53.289+0000] {dag.py:3239} INFO - Sync 1 DAGs
[2026-05-09T11:48:53.317+0000] {logging_mixin.py:190} INFO - [2026-05-09T11:48:53.317+0000] {dag.py:4180} INFO - Setting next_dagrun for mediapulse360_pipeline to 2026-05-09 11:00:00+00:00, run_after=2026-05-09 12:00:00+00:00
[2026-05-09T11:48:53.408+0000] {processor.py:208} INFO - Processing /opt/airflow/dags/mediapulse360_pipeline.py took 0.212 seconds
[2026-05-09T11:49:23.717+0000] {processor.py:186} INFO - Started process (PID=760) to work on /opt/airflow/dags/mediapulse360_pipeline.py
[2026-05-09T11:49:23.718+0000] {processor.py:914} INFO - Processing file /opt/airflow/dags/mediapulse360_pipeline.py for tasks to queue
[2026-05-09T11:49:23.721+0000] {logging_mixin.py:190} INFO - [2026-05-09T11:49:23.720+0000] {dagbag.py:588} INFO - Filling up the DagBag from /opt/airflow/dags/mediapulse360_pipeline.py
[2026-05-09T11:49:23.752+0000] {processor.py:925} INFO - DAG(s) 'mediapulse360_pipeline' retrieved from /opt/airflow/dags/mediapulse360_pipeline.py
[2026-05-09T11:49:23.797+0000] {logging_mixin.py:190} INFO - [2026-05-09T11:49:23.796+0000] {dag.py:3239} INFO - Sync 1 DAGs
[2026-05-09T11:49:23.830+0000] {logging_mixin.py:190} INFO - [2026-05-09T11:49:23.830+0000] {dag.py:4180} INFO - Setting next_dagrun for mediapulse360_pipeline to 2026-05-09 11:00:00+00:00, run_after=2026-05-09 12:00:00+00:00
[2026-05-09T11:49:23.851+0000] {processor.py:208} INFO - Processing /opt/airflow/dags/mediapulse360_pipeline.py took 0.141 seconds
[2026-05-09T11:49:54.219+0000] {processor.py:186} INFO - Started process (PID=770) to work on /opt/airflow/dags/mediapulse360_pipeline.py
[2026-05-09T11:49:54.221+0000] {processor.py:914} INFO - Processing file /opt/airflow/dags/mediapulse360_pipeline.py for tasks to queue
[2026-05-09T11:49:54.224+0000] {logging_mixin.py:190} INFO - [2026-05-09T11:49:54.224+0000] {dagbag.py:588} INFO - Filling up the DagBag from /opt/airflow/dags/mediapulse360_pipeline.py
[2026-05-09T11:49:54.254+0000] {processor.py:925} INFO - DAG(s) 'mediapulse360_pipeline' retrieved from /opt/airflow/dags/mediapulse360_pipeline.py
[2026-05-09T11:49:54.281+0000] {logging_mixin.py:190} INFO - [2026-05-09T11:49:54.281+0000] {dag.py:3239} INFO - Sync 1 DAGs
[2026-05-09T11:49:54.304+0000] {logging_mixin.py:190} INFO - [2026-05-09T11:49:54.304+0000] {dag.py:4180} INFO - Setting next_dagrun for mediapulse360_pipeline to 2026-05-09 11:00:00+00:00, run_after=2026-05-09 12:00:00+00:00
[2026-05-09T11:49:54.324+0000] {processor.py:208} INFO - Processing /opt/airflow/dags/mediapulse360_pipeline.py took 0.114 seconds
[2026-05-09T11:50:24.616+0000] {processor.py:186} INFO - Started process (PID=780) to work on /opt/airflow/dags/mediapulse360_pipeline.py
[2026-05-09T11:50:24.618+0000] {processor.py:914} INFO - Processing file /opt/airflow/dags/mediapulse360_pipeline.py for tasks to queue
[2026-05-09T11:50:24.623+0000] {logging_mixin.py:190} INFO - [2026-05-09T11:50:24.622+0000] {dagbag.py:588} INFO - Filling up the DagBag from /opt/airflow/dags/mediapulse360_pipeline.py
[2026-05-09T11:50:24.673+0000] {processor.py:925} INFO - DAG(s) 'mediapulse360_pipeline' retrieved from /opt/airflow/dags/mediapulse360_pipeline.py
[2026-05-09T11:50:24.720+0000] {logging_mixin.py:190} INFO - [2026-05-09T11:50:24.719+0000] {dag.py:3239} INFO - Sync 1 DAGs
[2026-05-09T11:50:24.752+0000] {logging_mixin.py:190} INFO - [2026-05-09T11:50:24.752+0000] {dag.py:4180} INFO - Setting next_dagrun for mediapulse360_pipeline to 2026-05-09 11:00:00+00:00, run_after=2026-05-09 12:00:00+00:00
[2026-05-09T11:50:24.781+0000] {processor.py:208} INFO - Processing /opt/airflow/dags/mediapulse360_pipeline.py took 0.182 seconds
[2026-05-09T11:50:54.917+0000] {processor.py:186} INFO - Started process (PID=790) to work on /opt/airflow/dags/mediapulse360_pipeline.py
[2026-05-09T11:50:54.919+0000] {processor.py:914} INFO - Processing file /opt/airflow/dags/mediapulse360_pipeline.py for tasks to queue
[2026-05-09T11:50:54.923+0000] {logging_mixin.py:190} INFO - [2026-05-09T11:50:54.923+0000] {dagbag.py:588} INFO - Filling up the DagBag from /opt/airflow/dags/mediapulse360_pipeline.py
[2026-05-09T11:50:54.952+0000] {processor.py:925} INFO - DAG(s) 'mediapulse360_pipeline' retrieved from /opt/airflow/dags/mediapulse360_pipeline.py
[2026-05-09T11:50:54.983+0000] {logging_mixin.py:190} INFO - [2026-05-09T11:50:54.982+0000] {dag.py:3239} INFO - Sync 1 DAGs
[2026-05-09T11:50:55.013+0000] {logging_mixin.py:190} INFO - [2026-05-09T11:50:55.012+0000] {dag.py:4180} INFO - Setting next_dagrun for mediapulse360_pipeline to 2026-05-09 11:00:00+00:00, run_after=2026-05-09 12:00:00+00:00
[2026-05-09T11:50:55.039+0000] {processor.py:208} INFO - Processing /opt/airflow/dags/mediapulse360_pipeline.py took 0.132 seconds
[2026-05-09T11:51:25.365+0000] {processor.py:186} INFO - Started process (PID=800) to work on /opt/airflow/dags/mediapulse360_pipeline.py
[2026-05-09T11:51:25.366+0000] {processor.py:914} INFO - Processing file /opt/airflow/dags/mediapulse360_pipeline.py for tasks to queue
[2026-05-09T11:51:25.369+0000] {logging_mixin.py:190} INFO - [2026-05-09T11:51:25.369+0000] {dagbag.py:588} INFO - Filling up the DagBag from /opt/airflow/dags/mediapulse360_pipeline.py
[2026-05-09T11:51:25.392+0000] {processor.py:925} INFO - DAG(s) 'mediapulse360_pipeline' retrieved from /opt/airflow/dags/mediapulse360_pipeline.py
[2026-05-09T11:51:25.418+0000] {logging_mixin.py:190} INFO - [2026-05-09T11:51:25.418+0000] {dag.py:3239} INFO - Sync 1 DAGs
[2026-05-09T11:51:25.447+0000] {logging_mixin.py:190} INFO - [2026-05-09T11:51:25.447+0000] {dag.py:4180} INFO - Setting next_dagrun for mediapulse360_pipeline to 2026-05-09 11:00:00+00:00, run_after=2026-05-09 12:00:00+00:00
[2026-05-09T11:51:25.466+0000] {processor.py:208} INFO - Processing /opt/airflow/dags/mediapulse360_pipeline.py took 0.109 seconds
[2026-05-09T11:51:55.695+0000] {processor.py:186} INFO - Started process (PID=810) to work on /opt/airflow/dags/mediapulse360_pipeline.py
[2026-05-09T11:51:55.696+0000] {processor.py:914} INFO - Processing file /opt/airflow/dags/mediapulse360_pipeline.py for tasks to queue
[2026-05-09T11:51:55.700+0000] {logging_mixin.py:190} INFO - [2026-05-09T11:51:55.700+0000] {dagbag.py:588} INFO - Filling up the DagBag from /opt/airflow/dags/mediapulse360_pipeline.py
[2026-05-09T11:51:55.731+0000] {processor.py:925} INFO - DAG(s) 'mediapulse360_pipeline' retrieved from /opt/airflow/dags/mediapulse360_pipeline.py
[2026-05-09T11:51:55.769+0000] {logging_mixin.py:190} INFO - [2026-05-09T11:51:55.769+0000] {dag.py:3239} INFO - Sync 1 DAGs
[2026-05-09T11:51:55.801+0000] {logging_mixin.py:190} INFO - [2026-05-09T11:51:55.801+0000] {dag.py:4180} INFO - Setting next_dagrun for mediapulse360_pipeline to 2026-05-09 11:00:00+00:00, run_after=2026-05-09 12:00:00+00:00
[2026-05-09T11:51:55.828+0000] {processor.py:208} INFO - Processing /opt/airflow/dags/mediapulse360_pipeline.py took 0.142 seconds
[2026-05-09T13:38:56.267+0000] {processor.py:186} INFO - Started process (PID=820) to work on /opt/airflow/dags/mediapulse360_pipeline.py
[2026-05-09T13:38:56.321+0000] {processor.py:914} INFO - Processing file /opt/airflow/dags/mediapulse360_pipeline.py for tasks to queue
[2026-05-09T13:38:56.392+0000] {logging_mixin.py:190} INFO - [2026-05-09T13:38:56.391+0000] {dagbag.py:588} INFO - Filling up the DagBag from /opt/airflow/dags/mediapulse360_pipeline.py
[2026-05-09T13:38:56.506+0000] {processor.py:925} INFO - DAG(s) 'mediapulse360_pipeline' retrieved from /opt/airflow/dags/mediapulse360_pipeline.py
[2026-05-09T13:38:56.727+0000] {logging_mixin.py:190} INFO - [2026-05-09T13:38:56.726+0000] {dag.py:3239} INFO - Sync 1 DAGs
[2026-05-09T13:39:03.213+0000] {logging_mixin.py:190} INFO - [2026-05-09T13:39:03.212+0000] {dag.py:4180} INFO - Setting next_dagrun for mediapulse360_pipeline to 2026-05-09 12:00:00+00:00, run_after=2026-05-09 13:00:00+00:00
[2026-05-09T13:39:03.267+0000] {processor.py:208} INFO - Processing /opt/airflow/dags/mediapulse360_pipeline.py took 7.028 seconds
[2026-05-09T13:39:33.894+0000] {processor.py:186} INFO - Started process (PID=877) to work on /opt/airflow/dags/mediapulse360_pipeline.py
[2026-05-09T13:39:33.896+0000] {processor.py:914} INFO - Processing file /opt/airflow/dags/mediapulse360_pipeline.py for tasks to queue
[2026-05-09T13:39:33.921+0000] {logging_mixin.py:190} INFO - [2026-05-09T13:39:33.920+0000] {dagbag.py:588} INFO - Filling up the DagBag from /opt/airflow/dags/mediapulse360_pipeline.py
[2026-05-09T13:39:33.984+0000] {processor.py:925} INFO - DAG(s) 'mediapulse360_pipeline' retrieved from /opt/airflow/dags/mediapulse360_pipeline.py
[2026-05-09T13:39:34.209+0000] {logging_mixin.py:190} INFO - [2026-05-09T13:39:34.209+0000] {dag.py:3239} INFO - Sync 1 DAGs
[2026-05-09T13:39:34.263+0000] {logging_mixin.py:190} INFO - [2026-05-09T13:39:34.263+0000] {dag.py:4180} INFO - Setting next_dagrun for mediapulse360_pipeline to 2026-05-09 13:00:00+00:00, run_after=2026-05-09 14:00:00+00:00
[2026-05-09T13:39:34.306+0000] {processor.py:208} INFO - Processing /opt/airflow/dags/mediapulse360_pipeline.py took 0.430 seconds
[2026-05-09T13:50:16.523+0000] {processor.py:186} INFO - Started process (PID=182) to work on /opt/airflow/dags/mediapulse360_pipeline.py
[2026-05-09T13:50:16.528+0000] {processor.py:914} INFO - Processing file /opt/airflow/dags/mediapulse360_pipeline.py for tasks to queue
[2026-05-09T13:50:16.530+0000] {logging_mixin.py:190} INFO - [2026-05-09T13:50:16.529+0000] {dagbag.py:588} INFO - Filling up the DagBag from /opt/airflow/dags/mediapulse360_pipeline.py
[2026-05-09T13:50:16.564+0000] {processor.py:925} INFO - DAG(s) 'mediapulse360_pipeline' retrieved from /opt/airflow/dags/mediapulse360_pipeline.py
[2026-05-09T13:50:16.716+0000] {logging_mixin.py:190} INFO - [2026-05-09T13:50:16.716+0000] {dag.py:3239} INFO - Sync 1 DAGs
[2026-05-09T13:50:16.786+0000] {logging_mixin.py:190} INFO - [2026-05-09T13:50:16.785+0000] {dag.py:4180} INFO - Setting next_dagrun for mediapulse360_pipeline to 2026-05-09 13:00:00+00:00, run_after=2026-05-09 14:00:00+00:00
[2026-05-09T13:50:16.816+0000] {processor.py:208} INFO - Processing /opt/airflow/dags/mediapulse360_pipeline.py took 0.303 seconds
[2026-05-09T13:50:47.523+0000] {processor.py:186} INFO - Started process (PID=270) to work on /opt/airflow/dags/mediapulse360_pipeline.py
[2026-05-09T13:50:47.524+0000] {processor.py:914} INFO - Processing file /opt/airflow/dags/mediapulse360_pipeline.py for tasks to queue
[2026-05-09T13:50:47.525+0000] {logging_mixin.py:190} INFO - [2026-05-09T13:50:47.525+0000] {dagbag.py:588} INFO - Filling up the DagBag from /opt/airflow/dags/mediapulse360_pipeline.py
[2026-05-09T13:50:48.641+0000] {processor.py:925} INFO - DAG(s) 'mediapulse360_pipeline' retrieved from /opt/airflow/dags/mediapulse360_pipeline.py
[2026-05-09T13:50:48.710+0000] {logging_mixin.py:190} INFO - [2026-05-09T13:50:48.710+0000] {dag.py:3239} INFO - Sync 1 DAGs
[2026-05-09T13:50:48.762+0000] {logging_mixin.py:190} INFO - [2026-05-09T13:50:48.762+0000] {dag.py:4180} INFO - Setting next_dagrun for mediapulse360_pipeline to 2026-05-09 13:00:00+00:00, run_after=2026-05-09 14:00:00+00:00
[2026-05-09T13:50:48.838+0000] {processor.py:208} INFO - Processing /opt/airflow/dags/mediapulse360_pipeline.py took 1.321 seconds
[2026-05-09T13:51:30.930+0000] {processor.py:186} INFO - Started process (PID=282) to work on /opt/airflow/dags/mediapulse360_pipeline.py
[2026-05-09T13:51:30.959+0000] {processor.py:914} INFO - Processing file /opt/airflow/dags/mediapulse360_pipeline.py for tasks to queue
[2026-05-09T13:51:30.963+0000] {logging_mixin.py:190} INFO - [2026-05-09T13:51:30.961+0000] {dagbag.py:588} INFO - Filling up the DagBag from /opt/airflow/dags/mediapulse360_pipeline.py
[2026-05-09T13:51:31.762+0000] {processor.py:925} INFO - DAG(s) 'mediapulse360_pipeline' retrieved from /opt/airflow/dags/mediapulse360_pipeline.py
[2026-05-09T13:51:32.804+0000] {logging_mixin.py:190} INFO - [2026-05-09T13:51:32.804+0000] {dag.py:3239} INFO - Sync 1 DAGs
[2026-05-09T13:51:33.241+0000] {logging_mixin.py:190} INFO - [2026-05-09T13:51:33.240+0000] {dag.py:4180} INFO - Setting next_dagrun for mediapulse360_pipeline to 2026-05-09 13:00:00+00:00, run_after=2026-05-09 14:00:00+00:00
[2026-05-09T13:51:33.328+0000] {processor.py:208} INFO - Processing /opt/airflow/dags/mediapulse360_pipeline.py took 2.974 seconds
[2026-05-09T13:52:04.066+0000] {processor.py:186} INFO - Started process (PID=371) to work on /opt/airflow/dags/mediapulse360_pipeline.py
[2026-05-09T13:52:04.105+0000] {processor.py:914} INFO - Processing file /opt/airflow/dags/mediapulse360_pipeline.py for tasks to queue
[2026-05-09T13:52:04.106+0000] {logging_mixin.py:190} INFO - [2026-05-09T13:52:04.106+0000] {dagbag.py:588} INFO - Filling up the DagBag from /opt/airflow/dags/mediapulse360_pipeline.py
[2026-05-09T13:52:04.123+0000] {processor.py:925} INFO - DAG(s) 'mediapulse360_pipeline' retrieved from /opt/airflow/dags/mediapulse360_pipeline.py
[2026-05-09T13:52:04.235+0000] {logging_mixin.py:190} INFO - [2026-05-09T13:52:04.234+0000] {dag.py:3239} INFO - Sync 1 DAGs
[2026-05-09T13:52:05.373+0000] {logging_mixin.py:190} INFO - [2026-05-09T13:52:05.372+0000] {dag.py:4180} INFO - Setting next_dagrun for mediapulse360_pipeline to 2026-05-09 13:00:00+00:00, run_after=2026-05-09 14:00:00+00:00
[2026-05-09T13:52:05.427+0000] {processor.py:208} INFO - Processing /opt/airflow/dags/mediapulse360_pipeline.py took 1.369 seconds
[2026-05-09T13:52:42.494+0000] {processor.py:186} INFO - Started process (PID=422) to work on /opt/airflow/dags/mediapulse360_pipeline.py
[2026-05-09T13:52:42.737+0000] {processor.py:914} INFO - Processing file /opt/airflow/dags/mediapulse360_pipeline.py for tasks to queue
[2026-05-09T13:52:42.740+0000] {logging_mixin.py:190} INFO - [2026-05-09T13:52:42.740+0000] {dagbag.py:588} INFO - Filling up the DagBag from /opt/airflow/dags/mediapulse360_pipeline.py
[2026-05-09T13:52:43.787+0000] {processor.py:925} INFO - DAG(s) 'mediapulse360_pipeline' retrieved from /opt/airflow/dags/mediapulse360_pipeline.py
[2026-05-09T13:52:44.205+0000] {logging_mixin.py:190} INFO - [2026-05-09T13:52:44.205+0000] {dag.py:3239} INFO - Sync 1 DAGs
[2026-05-09T13:52:44.225+0000] {logging_mixin.py:190} INFO - [2026-05-09T13:52:44.225+0000] {dag.py:4180} INFO - Setting next_dagrun for mediapulse360_pipeline to 2026-05-09 13:00:00+00:00, run_after=2026-05-09 14:00:00+00:00
[2026-05-09T13:52:56.566+0000] {processor.py:208} INFO - Processing /opt/airflow/dags/mediapulse360_pipeline.py took 14.079 seconds
[2026-05-09T13:53:26.921+0000] {processor.py:186} INFO - Started process (PID=432) to work on /opt/airflow/dags/mediapulse360_pipeline.py
[2026-05-09T13:53:26.922+0000] {processor.py:914} INFO - Processing file /opt/airflow/dags/mediapulse360_pipeline.py for tasks to queue
[2026-05-09T13:53:26.925+0000] {logging_mixin.py:190} INFO - [2026-05-09T13:53:26.924+0000] {dagbag.py:588} INFO - Filling up the DagBag from /opt/airflow/dags/mediapulse360_pipeline.py
[2026-05-09T13:53:26.945+0000] {processor.py:925} INFO - DAG(s) 'mediapulse360_pipeline' retrieved from /opt/airflow/dags/mediapulse360_pipeline.py
[2026-05-09T13:53:26.985+0000] {logging_mixin.py:190} INFO - [2026-05-09T13:53:26.985+0000] {dag.py:3239} INFO - Sync 1 DAGs
[2026-05-09T13:53:27.012+0000] {logging_mixin.py:190} INFO - [2026-05-09T13:53:27.012+0000] {dag.py:4180} INFO - Setting next_dagrun for mediapulse360_pipeline to 2026-05-09 13:00:00+00:00, run_after=2026-05-09 14:00:00+00:00
[2026-05-09T13:53:27.089+0000] {processor.py:208} INFO - Processing /opt/airflow/dags/mediapulse360_pipeline.py took 0.177 seconds
[2026-05-09T13:53:57.746+0000] {processor.py:186} INFO - Started process (PID=442) to work on /opt/airflow/dags/mediapulse360_pipeline.py
[2026-05-09T13:53:57.805+0000] {processor.py:914} INFO - Processing file /opt/airflow/dags/mediapulse360_pipeline.py for tasks to queue
[2026-05-09T13:53:57.807+0000] {logging_mixin.py:190} INFO - [2026-05-09T13:53:57.806+0000] {dagbag.py:588} INFO - Filling up the DagBag from /opt/airflow/dags/mediapulse360_pipeline.py
[2026-05-09T13:53:57.856+0000] {processor.py:925} INFO - DAG(s) 'mediapulse360_pipeline' retrieved from /opt/airflow/dags/mediapulse360_pipeline.py
[2026-05-09T13:53:57.911+0000] {logging_mixin.py:190} INFO - [2026-05-09T13:53:57.911+0000] {dag.py:3239} INFO - Sync 1 DAGs
[2026-05-09T13:53:57.939+0000] {logging_mixin.py:190} INFO - [2026-05-09T13:53:57.939+0000] {dag.py:4180} INFO - Setting next_dagrun for mediapulse360_pipeline to 2026-05-09 13:00:00+00:00, run_after=2026-05-09 14:00:00+00:00
[2026-05-09T13:53:58.170+0000] {processor.py:208} INFO - Processing /opt/airflow/dags/mediapulse360_pipeline.py took 0.431 seconds
[2026-05-09T13:54:30.537+0000] {processor.py:186} INFO - Started process (PID=452) to work on /opt/airflow/dags/mediapulse360_pipeline.py
[2026-05-09T13:54:32.172+0000] {processor.py:914} INFO - Processing file /opt/airflow/dags/mediapulse360_pipeline.py for tasks to queue
[2026-05-09T13:54:32.175+0000] {logging_mixin.py:190} INFO - [2026-05-09T13:54:32.174+0000] {dagbag.py:588} INFO - Filling up the DagBag from /opt/airflow/dags/mediapulse360_pipeline.py
[2026-05-09T13:54:32.191+0000] {processor.py:925} INFO - DAG(s) 'mediapulse360_pipeline' retrieved from /opt/airflow/dags/mediapulse360_pipeline.py
[2026-05-09T13:54:32.217+0000] {logging_mixin.py:190} INFO - [2026-05-09T13:54:32.217+0000] {dag.py:3239} INFO - Sync 1 DAGs
[2026-05-09T13:54:32.927+0000] {logging_mixin.py:190} INFO - [2026-05-09T13:54:32.927+0000] {dag.py:4180} INFO - Setting next_dagrun for mediapulse360_pipeline to 2026-05-09 13:00:00+00:00, run_after=2026-05-09 14:00:00+00:00
[2026-05-09T13:54:43.696+0000] {processor.py:208} INFO - Processing /opt/airflow/dags/mediapulse360_pipeline.py took 13.164 seconds
[2026-05-09T13:55:14.774+0000] {processor.py:186} INFO - Started process (PID=462) to work on /opt/airflow/dags/mediapulse360_pipeline.py
[2026-05-09T13:55:14.775+0000] {processor.py:914} INFO - Processing file /opt/airflow/dags/mediapulse360_pipeline.py for tasks to queue
[2026-05-09T13:55:14.777+0000] {logging_mixin.py:190} INFO - [2026-05-09T13:55:14.776+0000] {dagbag.py:588} INFO - Filling up the DagBag from /opt/airflow/dags/mediapulse360_pipeline.py
[2026-05-09T13:55:14.792+0000] {processor.py:925} INFO - DAG(s) 'mediapulse360_pipeline' retrieved from /opt/airflow/dags/mediapulse360_pipeline.py
[2026-05-09T13:55:14.819+0000] {logging_mixin.py:190} INFO - [2026-05-09T13:55:14.819+0000] {dag.py:3239} INFO - Sync 1 DAGs
[2026-05-09T13:55:14.840+0000] {logging_mixin.py:190} INFO - [2026-05-09T13:55:14.840+0000] {dag.py:4180} INFO - Setting next_dagrun for mediapulse360_pipeline to 2026-05-09 13:00:00+00:00, run_after=2026-05-09 14:00:00+00:00
[2026-05-09T13:55:14.860+0000] {processor.py:208} INFO - Processing /opt/airflow/dags/mediapulse360_pipeline.py took 0.092 seconds
[2026-05-09T13:55:45.282+0000] {processor.py:186} INFO - Started process (PID=472) to work on /opt/airflow/dags/mediapulse360_pipeline.py
[2026-05-09T13:55:45.284+0000] {processor.py:914} INFO - Processing file /opt/airflow/dags/mediapulse360_pipeline.py for tasks to queue
[2026-05-09T13:55:45.285+0000] {logging_mixin.py:190} INFO - [2026-05-09T13:55:45.285+0000] {dagbag.py:588} INFO - Filling up the DagBag from /opt/airflow/dags/mediapulse360_pipeline.py
[2026-05-09T13:55:45.300+0000] {processor.py:925} INFO - DAG(s) 'mediapulse360_pipeline' retrieved from /opt/airflow/dags/mediapulse360_pipeline.py
[2026-05-09T13:55:45.329+0000] {logging_mixin.py:190} INFO - [2026-05-09T13:55:45.328+0000] {dag.py:3239} INFO - Sync 1 DAGs
[2026-05-09T13:55:45.352+0000] {logging_mixin.py:190} INFO - [2026-05-09T13:55:45.352+0000] {dag.py:4180} INFO - Setting next_dagrun for mediapulse360_pipeline to 2026-05-09 13:00:00+00:00, run_after=2026-05-09 14:00:00+00:00
[2026-05-09T13:55:45.373+0000] {processor.py:208} INFO - Processing /opt/airflow/dags/mediapulse360_pipeline.py took 0.097 seconds
[2026-05-09T13:56:15.603+0000] {processor.py:186} INFO - Started process (PID=482) to work on /opt/airflow/dags/mediapulse360_pipeline.py
[2026-05-09T13:56:15.604+0000] {processor.py:914} INFO - Processing file /opt/airflow/dags/mediapulse360_pipeline.py for tasks to queue
[2026-05-09T13:56:15.606+0000] {logging_mixin.py:190} INFO - [2026-05-09T13:56:15.606+0000] {dagbag.py:588} INFO - Filling up the DagBag from /opt/airflow/dags/mediapulse360_pipeline.py
[2026-05-09T13:56:15.627+0000] {processor.py:925} INFO - DAG(s) 'mediapulse360_pipeline' retrieved from /opt/airflow/dags/mediapulse360_pipeline.py
[2026-05-09T13:56:15.662+0000] {logging_mixin.py:190} INFO - [2026-05-09T13:56:15.661+0000] {dag.py:3239} INFO - Sync 1 DAGs
[2026-05-09T13:56:15.688+0000] {logging_mixin.py:190} INFO - [2026-05-09T13:56:15.687+0000] {dag.py:4180} INFO - Setting next_dagrun for mediapulse360_pipeline to 2026-05-09 13:00:00+00:00, run_after=2026-05-09 14:00:00+00:00
[2026-05-09T13:56:15.710+0000] {processor.py:208} INFO - Processing /opt/airflow/dags/mediapulse360_pipeline.py took 0.114 seconds
[2026-05-09T13:56:46.767+0000] {processor.py:186} INFO - Started process (PID=492) to work on /opt/airflow/dags/mediapulse360_pipeline.py
[2026-05-09T13:56:46.769+0000] {processor.py:914} INFO - Processing file /opt/airflow/dags/mediapulse360_pipeline.py for tasks to queue
[2026-05-09T13:56:46.771+0000] {logging_mixin.py:190} INFO - [2026-05-09T13:56:46.771+0000] {dagbag.py:588} INFO - Filling up the DagBag from /opt/airflow/dags/mediapulse360_pipeline.py
[2026-05-09T13:56:46.788+0000] {processor.py:925} INFO - DAG(s) 'mediapulse360_pipeline' retrieved from /opt/airflow/dags/mediapulse360_pipeline.py
[2026-05-09T13:56:48.345+0000] {logging_mixin.py:190} INFO - [2026-05-09T13:56:48.345+0000] {dag.py:3239} INFO - Sync 1 DAGs
[2026-05-09T13:56:48.364+0000] {logging_mixin.py:190} INFO - [2026-05-09T13:56:48.364+0000] {dag.py:4180} INFO - Setting next_dagrun for mediapulse360_pipeline to 2026-05-09 13:00:00+00:00, run_after=2026-05-09 14:00:00+00:00
[2026-05-09T13:56:48.896+0000] {processor.py:208} INFO - Processing /opt/airflow/dags/mediapulse360_pipeline.py took 2.138 seconds
[2026-05-09T13:57:19.349+0000] {processor.py:186} INFO - Started process (PID=531) to work on /opt/airflow/dags/mediapulse360_pipeline.py
[2026-05-09T13:57:19.351+0000] {processor.py:914} INFO - Processing file /opt/airflow/dags/mediapulse360_pipeline.py for tasks to queue
[2026-05-09T13:57:19.353+0000] {logging_mixin.py:190} INFO - [2026-05-09T13:57:19.352+0000] {dagbag.py:588} INFO - Filling up the DagBag from /opt/airflow/dags/mediapulse360_pipeline.py
[2026-05-09T13:57:19.380+0000] {processor.py:925} INFO - DAG(s) 'mediapulse360_pipeline' retrieved from /opt/airflow/dags/mediapulse360_pipeline.py
[2026-05-09T13:57:19.422+0000] {logging_mixin.py:190} INFO - [2026-05-09T13:57:19.422+0000] {dag.py:3239} INFO - Sync 1 DAGs
[2026-05-09T13:57:19.516+0000] {logging_mixin.py:190} INFO - [2026-05-09T13:57:19.516+0000] {dag.py:4180} INFO - Setting next_dagrun for mediapulse360_pipeline to 2026-05-09 13:00:00+00:00, run_after=2026-05-09 14:00:00+00:00
[2026-05-09T13:57:19.580+0000] {processor.py:208} INFO - Processing /opt/airflow/dags/mediapulse360_pipeline.py took 0.240 seconds
[2026-05-09T13:57:52.673+0000] {processor.py:186} INFO - Started process (PID=562) to work on /opt/airflow/dags/mediapulse360_pipeline.py
[2026-05-09T13:57:53.577+0000] {processor.py:914} INFO - Processing file /opt/airflow/dags/mediapulse360_pipeline.py for tasks to queue
[2026-05-09T13:57:53.582+0000] {logging_mixin.py:190} INFO - [2026-05-09T13:57:53.581+0000] {dagbag.py:588} INFO - Filling up the DagBag from /opt/airflow/dags/mediapulse360_pipeline.py
[2026-05-09T13:57:54.485+0000] {processor.py:925} INFO - DAG(s) 'mediapulse360_pipeline' retrieved from /opt/airflow/dags/mediapulse360_pipeline.py
[2026-05-09T13:57:56.029+0000] {logging_mixin.py:190} INFO - [2026-05-09T13:57:56.029+0000] {dag.py:3239} INFO - Sync 1 DAGs
[2026-05-09T13:57:56.310+0000] {logging_mixin.py:190} INFO - [2026-05-09T13:57:56.310+0000] {dag.py:4180} INFO - Setting next_dagrun for mediapulse360_pipeline to 2026-05-09 13:00:00+00:00, run_after=2026-05-09 14:00:00+00:00
[2026-05-09T13:58:01.000+0000] {processor.py:208} INFO - Processing /opt/airflow/dags/mediapulse360_pipeline.py took 8.335 seconds
[2026-05-09T13:58:31.422+0000] {processor.py:186} INFO - Started process (PID=618) to work on /opt/airflow/dags/mediapulse360_pipeline.py
[2026-05-09T13:58:31.424+0000] {processor.py:914} INFO - Processing file /opt/airflow/dags/mediapulse360_pipeline.py for tasks to queue
[2026-05-09T13:58:31.426+0000] {logging_mixin.py:190} INFO - [2026-05-09T13:58:31.425+0000] {dagbag.py:588} INFO - Filling up the DagBag from /opt/airflow/dags/mediapulse360_pipeline.py
[2026-05-09T13:58:31.444+0000] {processor.py:925} INFO - DAG(s) 'mediapulse360_pipeline' retrieved from /opt/airflow/dags/mediapulse360_pipeline.py
[2026-05-09T13:58:31.480+0000] {logging_mixin.py:190} INFO - [2026-05-09T13:58:31.480+0000] {dag.py:3239} INFO - Sync 1 DAGs
[2026-05-09T13:58:31.505+0000] {logging_mixin.py:190} INFO - [2026-05-09T13:58:31.505+0000] {dag.py:4180} INFO - Setting next_dagrun for mediapulse360_pipeline to 2026-05-09 13:00:00+00:00, run_after=2026-05-09 14:00:00+00:00
[2026-05-09T13:58:31.525+0000] {processor.py:208} INFO - Processing /opt/airflow/dags/mediapulse360_pipeline.py took 0.110 seconds
[2026-05-09T13:59:01.869+0000] {processor.py:186} INFO - Started process (PID=628) to work on /opt/airflow/dags/mediapulse360_pipeline.py
[2026-05-09T13:59:01.871+0000] {processor.py:914} INFO - Processing file /opt/airflow/dags/mediapulse360_pipeline.py for tasks to queue
[2026-05-09T13:59:01.873+0000] {logging_mixin.py:190} INFO - [2026-05-09T13:59:01.873+0000] {dagbag.py:588} INFO - Filling up the DagBag from /opt/airflow/dags/mediapulse360_pipeline.py
[2026-05-09T13:59:01.902+0000] {processor.py:925} INFO - DAG(s) 'mediapulse360_pipeline' retrieved from /opt/airflow/dags/mediapulse360_pipeline.py
[2026-05-09T13:59:01.927+0000] {logging_mixin.py:190} INFO - [2026-05-09T13:59:01.927+0000] {dag.py:3239} INFO - Sync 1 DAGs
[2026-05-09T13:59:01.945+0000] {logging_mixin.py:190} INFO - [2026-05-09T13:59:01.945+0000] {dag.py:4180} INFO - Setting next_dagrun for mediapulse360_pipeline to 2026-05-09 13:00:00+00:00, run_after=2026-05-09 14:00:00+00:00
[2026-05-09T13:59:01.974+0000] {processor.py:208} INFO - Processing /opt/airflow/dags/mediapulse360_pipeline.py took 0.110 seconds
[2026-05-09T13:59:32.260+0000] {processor.py:186} INFO - Started process (PID=638) to work on /opt/airflow/dags/mediapulse360_pipeline.py
[2026-05-09T13:59:32.262+0000] {processor.py:914} INFO - Processing file /opt/airflow/dags/mediapulse360_pipeline.py for tasks to queue
[2026-05-09T13:59:32.264+0000] {logging_mixin.py:190} INFO - [2026-05-09T13:59:32.263+0000] {dagbag.py:588} INFO - Filling up the DagBag from /opt/airflow/dags/mediapulse360_pipeline.py
[2026-05-09T13:59:32.285+0000] {processor.py:925} INFO - DAG(s) 'mediapulse360_pipeline' retrieved from /opt/airflow/dags/mediapulse360_pipeline.py
[2026-05-09T13:59:32.317+0000] {logging_mixin.py:190} INFO - [2026-05-09T13:59:32.317+0000] {dag.py:3239} INFO - Sync 1 DAGs
[2026-05-09T13:59:32.343+0000] {logging_mixin.py:190} INFO - [2026-05-09T13:59:32.342+0000] {dag.py:4180} INFO - Setting next_dagrun for mediapulse360_pipeline to 2026-05-09 13:00:00+00:00, run_after=2026-05-09 14:00:00+00:00
[2026-05-09T13:59:32.365+0000] {processor.py:208} INFO - Processing /opt/airflow/dags/mediapulse360_pipeline.py took 0.111 seconds
[2026-05-09T14:00:02.735+0000] {processor.py:186} INFO - Started process (PID=690) to work on /opt/airflow/dags/mediapulse360_pipeline.py
[2026-05-09T14:00:02.736+0000] {processor.py:914} INFO - Processing file /opt/airflow/dags/mediapulse360_pipeline.py for tasks to queue
[2026-05-09T14:00:02.737+0000] {logging_mixin.py:190} INFO - [2026-05-09T14:00:02.737+0000] {dagbag.py:588} INFO - Filling up the DagBag from /opt/airflow/dags/mediapulse360_pipeline.py
[2026-05-09T14:00:02.751+0000] {processor.py:925} INFO - DAG(s) 'mediapulse360_pipeline' retrieved from /opt/airflow/dags/mediapulse360_pipeline.py
[2026-05-09T14:00:02.778+0000] {logging_mixin.py:190} INFO - [2026-05-09T14:00:02.778+0000] {dag.py:3239} INFO - Sync 1 DAGs
[2026-05-09T14:00:02.796+0000] {logging_mixin.py:190} INFO - [2026-05-09T14:00:02.796+0000] {dag.py:4180} INFO - Setting next_dagrun for mediapulse360_pipeline to 2026-05-09 14:00:00+00:00, run_after=2026-05-09 15:00:00+00:00
[2026-05-09T14:00:02.814+0000] {processor.py:208} INFO - Processing /opt/airflow/dags/mediapulse360_pipeline.py took 0.089 seconds
[2026-05-09T14:00:44.555+0000] {processor.py:186} INFO - Started process (PID=719) to work on /opt/airflow/dags/mediapulse360_pipeline.py
[2026-05-09T14:00:44.556+0000] {processor.py:914} INFO - Processing file /opt/airflow/dags/mediapulse360_pipeline.py for tasks to queue
[2026-05-09T14:00:44.652+0000] {logging_mixin.py:190} INFO - [2026-05-09T14:00:44.557+0000] {dagbag.py:588} INFO - Filling up the DagBag from /opt/airflow/dags/mediapulse360_pipeline.py
[2026-05-09T14:00:44.751+0000] {processor.py:925} INFO - DAG(s) 'mediapulse360_pipeline' retrieved from /opt/airflow/dags/mediapulse360_pipeline.py
[2026-05-09T14:00:44.837+0000] {logging_mixin.py:190} INFO - [2026-05-09T14:00:44.837+0000] {dag.py:3239} INFO - Sync 1 DAGs
[2026-05-09T14:00:44.862+0000] {logging_mixin.py:190} INFO - [2026-05-09T14:00:44.862+0000] {dag.py:4180} INFO - Setting next_dagrun for mediapulse360_pipeline to 2026-05-09 14:00:00+00:00, run_after=2026-05-09 15:00:00+00:00
[2026-05-09T14:00:45.001+0000] {processor.py:208} INFO - Processing /opt/airflow/dags/mediapulse360_pipeline.py took 0.454 seconds
[2026-05-09T14:01:15.116+0000] {processor.py:186} INFO - Started process (PID=887) to work on /opt/airflow/dags/mediapulse360_pipeline.py
[2026-05-09T14:01:15.157+0000] {processor.py:914} INFO - Processing file /opt/airflow/dags/mediapulse360_pipeline.py for tasks to queue
[2026-05-09T14:01:15.159+0000] {logging_mixin.py:190} INFO - [2026-05-09T14:01:15.159+0000] {dagbag.py:588} INFO - Filling up the DagBag from /opt/airflow/dags/mediapulse360_pipeline.py
[2026-05-09T14:01:15.188+0000] {processor.py:925} INFO - DAG(s) 'mediapulse360_pipeline' retrieved from /opt/airflow/dags/mediapulse360_pipeline.py
[2026-05-09T14:01:15.342+0000] {logging_mixin.py:190} INFO - [2026-05-09T14:01:15.342+0000] {dag.py:3239} INFO - Sync 1 DAGs
[2026-05-09T14:01:15.365+0000] {logging_mixin.py:190} INFO - [2026-05-09T14:01:15.365+0000] {dag.py:4180} INFO - Setting next_dagrun for mediapulse360_pipeline to 2026-05-09 14:00:00+00:00, run_after=2026-05-09 15:00:00+00:00
[2026-05-09T14:01:15.946+0000] {processor.py:208} INFO - Processing /opt/airflow/dags/mediapulse360_pipeline.py took 0.836 seconds
[2026-05-09T14:01:46.120+0000] {processor.py:186} INFO - Started process (PID=897) to work on /opt/airflow/dags/mediapulse360_pipeline.py
[2026-05-09T14:01:46.122+0000] {processor.py:914} INFO - Processing file /opt/airflow/dags/mediapulse360_pipeline.py for tasks to queue
[2026-05-09T14:01:46.124+0000] {logging_mixin.py:190} INFO - [2026-05-09T14:01:46.123+0000] {dagbag.py:588} INFO - Filling up the DagBag from /opt/airflow/dags/mediapulse360_pipeline.py
[2026-05-09T14:01:46.144+0000] {processor.py:925} INFO - DAG(s) 'mediapulse360_pipeline' retrieved from /opt/airflow/dags/mediapulse360_pipeline.py
[2026-05-09T14:01:46.184+0000] {logging_mixin.py:190} INFO - [2026-05-09T14:01:46.184+0000] {dag.py:3239} INFO - Sync 1 DAGs
[2026-05-09T14:01:46.211+0000] {logging_mixin.py:190} INFO - [2026-05-09T14:01:46.211+0000] {dag.py:4180} INFO - Setting next_dagrun for mediapulse360_pipeline to 2026-05-09 14:00:00+00:00, run_after=2026-05-09 15:00:00+00:00
[2026-05-09T14:01:46.234+0000] {processor.py:208} INFO - Processing /opt/airflow/dags/mediapulse360_pipeline.py took 0.123 seconds
[2026-05-09T14:02:16.555+0000] {processor.py:186} INFO - Started process (PID=907) to work on /opt/airflow/dags/mediapulse360_pipeline.py
[2026-05-09T14:02:16.557+0000] {processor.py:914} INFO - Processing file /opt/airflow/dags/mediapulse360_pipeline.py for tasks to queue
[2026-05-09T14:02:16.558+0000] {logging_mixin.py:190} INFO - [2026-05-09T14:02:16.558+0000] {dagbag.py:588} INFO - Filling up the DagBag from /opt/airflow/dags/mediapulse360_pipeline.py
[2026-05-09T14:02:16.576+0000] {processor.py:925} INFO - DAG(s) 'mediapulse360_pipeline' retrieved from /opt/airflow/dags/mediapulse360_pipeline.py
[2026-05-09T14:02:16.607+0000] {logging_mixin.py:190} INFO - [2026-05-09T14:02:16.607+0000] {dag.py:3239} INFO - Sync 1 DAGs
[2026-05-09T14:02:16.635+0000] {logging_mixin.py:190} INFO - [2026-05-09T14:02:16.635+0000] {dag.py:4180} INFO - Setting next_dagrun for mediapulse360_pipeline to 2026-05-09 14:00:00+00:00, run_after=2026-05-09 15:00:00+00:00
[2026-05-09T14:02:16.661+0000] {processor.py:208} INFO - Processing /opt/airflow/dags/mediapulse360_pipeline.py took 0.114 seconds
[2026-05-09T14:02:46.928+0000] {processor.py:186} INFO - Started process (PID=917) to work on /opt/airflow/dags/mediapulse360_pipeline.py
[2026-05-09T14:02:46.929+0000] {processor.py:914} INFO - Processing file /opt/airflow/dags/mediapulse360_pipeline.py for tasks to queue
[2026-05-09T14:02:46.931+0000] {logging_mixin.py:190} INFO - [2026-05-09T14:02:46.931+0000] {dagbag.py:588} INFO - Filling up the DagBag from /opt/airflow/dags/mediapulse360_pipeline.py
[2026-05-09T14:02:46.954+0000] {processor.py:925} INFO - DAG(s) 'mediapulse360_pipeline' retrieved from /opt/airflow/dags/mediapulse360_pipeline.py
[2026-05-09T14:02:46.982+0000] {logging_mixin.py:190} INFO - [2026-05-09T14:02:46.981+0000] {dag.py:3239} INFO - Sync 1 DAGs
[2026-05-09T14:02:47.006+0000] {logging_mixin.py:190} INFO - [2026-05-09T14:02:47.006+0000] {dag.py:4180} INFO - Setting next_dagrun for mediapulse360_pipeline to 2026-05-09 14:00:00+00:00, run_after=2026-05-09 15:00:00+00:00
[2026-05-09T14:02:47.037+0000] {processor.py:208} INFO - Processing /opt/airflow/dags/mediapulse360_pipeline.py took 0.114 seconds
[2026-05-09T14:03:17.282+0000] {processor.py:186} INFO - Started process (PID=927) to work on /opt/airflow/dags/mediapulse360_pipeline.py
[2026-05-09T14:03:17.284+0000] {processor.py:914} INFO - Processing file /opt/airflow/dags/mediapulse360_pipeline.py for tasks to queue
[2026-05-09T14:03:17.285+0000] {logging_mixin.py:190} INFO - [2026-05-09T14:03:17.285+0000] {dagbag.py:588} INFO - Filling up the DagBag from /opt/airflow/dags/mediapulse360_pipeline.py
[2026-05-09T14:03:17.302+0000] {processor.py:925} INFO - DAG(s) 'mediapulse360_pipeline' retrieved from /opt/airflow/dags/mediapulse360_pipeline.py
[2026-05-09T14:03:17.331+0000] {logging_mixin.py:190} INFO - [2026-05-09T14:03:17.331+0000] {dag.py:3239} INFO - Sync 1 DAGs
[2026-05-09T14:03:17.357+0000] {logging_mixin.py:190} INFO - [2026-05-09T14:03:17.357+0000] {dag.py:4180} INFO - Setting next_dagrun for mediapulse360_pipeline to 2026-05-09 14:00:00+00:00, run_after=2026-05-09 15:00:00+00:00
[2026-05-09T14:03:17.376+0000] {processor.py:208} INFO - Processing /opt/airflow/dags/mediapulse360_pipeline.py took 0.102 seconds
[2026-05-09T14:03:47.746+0000] {processor.py:186} INFO - Started process (PID=937) to work on /opt/airflow/dags/mediapulse360_pipeline.py
[2026-05-09T14:03:47.747+0000] {processor.py:914} INFO - Processing file /opt/airflow/dags/mediapulse360_pipeline.py for tasks to queue
[2026-05-09T14:03:47.749+0000] {logging_mixin.py:190} INFO - [2026-05-09T14:03:47.748+0000] {dagbag.py:588} INFO - Filling up the DagBag from /opt/airflow/dags/mediapulse360_pipeline.py
[2026-05-09T14:03:47.766+0000] {processor.py:925} INFO - DAG(s) 'mediapulse360_pipeline' retrieved from /opt/airflow/dags/mediapulse360_pipeline.py
[2026-05-09T14:03:47.795+0000] {logging_mixin.py:190} INFO - [2026-05-09T14:03:47.795+0000] {dag.py:3239} INFO - Sync 1 DAGs
[2026-05-09T14:03:47.817+0000] {logging_mixin.py:190} INFO - [2026-05-09T14:03:47.817+0000] {dag.py:4180} INFO - Setting next_dagrun for mediapulse360_pipeline to 2026-05-09 14:00:00+00:00, run_after=2026-05-09 15:00:00+00:00
[2026-05-09T14:03:47.840+0000] {processor.py:208} INFO - Processing /opt/airflow/dags/mediapulse360_pipeline.py took 0.103 seconds
[2026-05-09T14:04:18.071+0000] {processor.py:186} INFO - Started process (PID=947) to work on /opt/airflow/dags/mediapulse360_pipeline.py
[2026-05-09T14:04:18.073+0000] {processor.py:914} INFO - Processing file /opt/airflow/dags/mediapulse360_pipeline.py for tasks to queue
[2026-05-09T14:04:18.075+0000] {logging_mixin.py:190} INFO - [2026-05-09T14:04:18.074+0000] {dagbag.py:588} INFO - Filling up the DagBag from /opt/airflow/dags/mediapulse360_pipeline.py
[2026-05-09T14:04:18.095+0000] {processor.py:925} INFO - DAG(s) 'mediapulse360_pipeline' retrieved from /opt/airflow/dags/mediapulse360_pipeline.py
[2026-05-09T14:04:18.127+0000] {logging_mixin.py:190} INFO - [2026-05-09T14:04:18.127+0000] {dag.py:3239} INFO - Sync 1 DAGs
[2026-05-09T14:04:18.149+0000] {logging_mixin.py:190} INFO - [2026-05-09T14:04:18.149+0000] {dag.py:4180} INFO - Setting next_dagrun for mediapulse360_pipeline to 2026-05-09 14:00:00+00:00, run_after=2026-05-09 15:00:00+00:00
[2026-05-09T14:04:18.169+0000] {processor.py:208} INFO - Processing /opt/airflow/dags/mediapulse360_pipeline.py took 0.106 seconds
[2026-05-09T14:04:48.248+0000] {processor.py:186} INFO - Started process (PID=957) to work on /opt/airflow/dags/mediapulse360_pipeline.py
[2026-05-09T14:04:48.251+0000] {processor.py:914} INFO - Processing file /opt/airflow/dags/mediapulse360_pipeline.py for tasks to queue
[2026-05-09T14:04:48.254+0000] {logging_mixin.py:190} INFO - [2026-05-09T14:04:48.253+0000] {dagbag.py:588} INFO - Filling up the DagBag from /opt/airflow/dags/mediapulse360_pipeline.py
[2026-05-09T14:04:48.280+0000] {processor.py:925} INFO - DAG(s) 'mediapulse360_pipeline' retrieved from /opt/airflow/dags/mediapulse360_pipeline.py
[2026-05-09T14:04:48.318+0000] {logging_mixin.py:190} INFO - [2026-05-09T14:04:48.318+0000] {dag.py:3239} INFO - Sync 1 DAGs
[2026-05-09T14:04:48.353+0000] {logging_mixin.py:190} INFO - [2026-05-09T14:04:48.352+0000] {dag.py:4180} INFO - Setting next_dagrun for mediapulse360_pipeline to 2026-05-09 14:00:00+00:00, run_after=2026-05-09 15:00:00+00:00
[2026-05-09T14:04:48.386+0000] {processor.py:208} INFO - Processing /opt/airflow/dags/mediapulse360_pipeline.py took 0.148 seconds
[2026-05-09T14:05:18.786+0000] {processor.py:186} INFO - Started process (PID=967) to work on /opt/airflow/dags/mediapulse360_pipeline.py
[2026-05-09T14:05:18.787+0000] {processor.py:914} INFO - Processing file /opt/airflow/dags/mediapulse360_pipeline.py for tasks to queue
[2026-05-09T14:05:18.789+0000] {logging_mixin.py:190} INFO - [2026-05-09T14:05:18.788+0000] {dagbag.py:588} INFO - Filling up the DagBag from /opt/airflow/dags/mediapulse360_pipeline.py
[2026-05-09T14:05:18.807+0000] {processor.py:925} INFO - DAG(s) 'mediapulse360_pipeline' retrieved from /opt/airflow/dags/mediapulse360_pipeline.py
[2026-05-09T14:05:18.845+0000] {logging_mixin.py:190} INFO - [2026-05-09T14:05:18.844+0000] {dag.py:3239} INFO - Sync 1 DAGs
[2026-05-09T14:05:18.882+0000] {logging_mixin.py:190} INFO - [2026-05-09T14:05:18.882+0000] {dag.py:4180} INFO - Setting next_dagrun for mediapulse360_pipeline to 2026-05-09 14:00:00+00:00, run_after=2026-05-09 15:00:00+00:00
[2026-05-09T14:05:18.915+0000] {processor.py:208} INFO - Processing /opt/airflow/dags/mediapulse360_pipeline.py took 0.135 seconds
[2026-05-09T14:05:49.112+0000] {processor.py:186} INFO - Started process (PID=977) to work on /opt/airflow/dags/mediapulse360_pipeline.py
[2026-05-09T14:05:49.113+0000] {processor.py:914} INFO - Processing file /opt/airflow/dags/mediapulse360_pipeline.py for tasks to queue
[2026-05-09T14:05:49.114+0000] {logging_mixin.py:190} INFO - [2026-05-09T14:05:49.114+0000] {dagbag.py:588} INFO - Filling up the DagBag from /opt/airflow/dags/mediapulse360_pipeline.py
[2026-05-09T14:05:49.130+0000] {processor.py:925} INFO - DAG(s) 'mediapulse360_pipeline' retrieved from /opt/airflow/dags/mediapulse360_pipeline.py
[2026-05-09T14:05:49.161+0000] {logging_mixin.py:190} INFO - [2026-05-09T14:05:49.161+0000] {dag.py:3239} INFO - Sync 1 DAGs
[2026-05-09T14:05:49.184+0000] {logging_mixin.py:190} INFO - [2026-05-09T14:05:49.184+0000] {dag.py:4180} INFO - Setting next_dagrun for mediapulse360_pipeline to 2026-05-09 14:00:00+00:00, run_after=2026-05-09 15:00:00+00:00
[2026-05-09T14:05:49.212+0000] {processor.py:208} INFO - Processing /opt/airflow/dags/mediapulse360_pipeline.py took 0.105 seconds
[2026-05-09T14:06:19.567+0000] {processor.py:186} INFO - Started process (PID=987) to work on /opt/airflow/dags/mediapulse360_pipeline.py
[2026-05-09T14:06:19.568+0000] {processor.py:914} INFO - Processing file /opt/airflow/dags/mediapulse360_pipeline.py for tasks to queue
[2026-05-09T14:06:19.570+0000] {logging_mixin.py:190} INFO - [2026-05-09T14:06:19.570+0000] {dagbag.py:588} INFO - Filling up the DagBag from /opt/airflow/dags/mediapulse360_pipeline.py
[2026-05-09T14:06:19.587+0000] {processor.py:925} INFO - DAG(s) 'mediapulse360_pipeline' retrieved from /opt/airflow/dags/mediapulse360_pipeline.py
[2026-05-09T14:06:19.627+0000] {logging_mixin.py:190} INFO - [2026-05-09T14:06:19.627+0000] {dag.py:3239} INFO - Sync 1 DAGs
[2026-05-09T14:06:19.655+0000] {logging_mixin.py:190} INFO - [2026-05-09T14:06:19.655+0000] {dag.py:4180} INFO - Setting next_dagrun for mediapulse360_pipeline to 2026-05-09 14:00:00+00:00, run_after=2026-05-09 15:00:00+00:00
[2026-05-09T14:06:19.678+0000] {processor.py:208} INFO - Processing /opt/airflow/dags/mediapulse360_pipeline.py took 0.118 seconds
[2026-05-09T14:06:49.962+0000] {processor.py:186} INFO - Started process (PID=997) to work on /opt/airflow/dags/mediapulse360_pipeline.py
[2026-05-09T14:06:49.963+0000] {processor.py:914} INFO - Processing file /opt/airflow/dags/mediapulse360_pipeline.py for tasks to queue
[2026-05-09T14:06:49.965+0000] {logging_mixin.py:190} INFO - [2026-05-09T14:06:49.964+0000] {dagbag.py:588} INFO - Filling up the DagBag from /opt/airflow/dags/mediapulse360_pipeline.py
[2026-05-09T14:06:49.981+0000] {processor.py:925} INFO - DAG(s) 'mediapulse360_pipeline' retrieved from /opt/airflow/dags/mediapulse360_pipeline.py
[2026-05-09T14:06:50.012+0000] {logging_mixin.py:190} INFO - [2026-05-09T14:06:50.012+0000] {dag.py:3239} INFO - Sync 1 DAGs
[2026-05-09T14:06:50.036+0000] {logging_mixin.py:190} INFO - [2026-05-09T14:06:50.036+0000] {dag.py:4180} INFO - Setting next_dagrun for mediapulse360_pipeline to 2026-05-09 14:00:00+00:00, run_after=2026-05-09 15:00:00+00:00
[2026-05-09T14:06:50.060+0000] {processor.py:208} INFO - Processing /opt/airflow/dags/mediapulse360_pipeline.py took 0.105 seconds
[2026-05-09T14:07:20.342+0000] {processor.py:186} INFO - Started process (PID=1007) to work on /opt/airflow/dags/mediapulse360_pipeline.py
[2026-05-09T14:07:20.343+0000] {processor.py:914} INFO - Processing file /opt/airflow/dags/mediapulse360_pipeline.py for tasks to queue
[2026-05-09T14:07:20.345+0000] {logging_mixin.py:190} INFO - [2026-05-09T14:07:20.344+0000] {dagbag.py:588} INFO - Filling up the DagBag from /opt/airflow/dags/mediapulse360_pipeline.py
[2026-05-09T14:07:20.365+0000] {processor.py:925} INFO - DAG(s) 'mediapulse360_pipeline' retrieved from /opt/airflow/dags/mediapulse360_pipeline.py
[2026-05-09T14:07:20.398+0000] {logging_mixin.py:190} INFO - [2026-05-09T14:07:20.398+0000] {dag.py:3239} INFO - Sync 1 DAGs
[2026-05-09T14:07:20.431+0000] {logging_mixin.py:190} INFO - [2026-05-09T14:07:20.431+0000] {dag.py:4180} INFO - Setting next_dagrun for mediapulse360_pipeline to 2026-05-09 14:00:00+00:00, run_after=2026-05-09 15:00:00+00:00
[2026-05-09T14:07:20.451+0000] {processor.py:208} INFO - Processing /opt/airflow/dags/mediapulse360_pipeline.py took 0.119 seconds
[2026-05-09T14:07:50.888+0000] {processor.py:186} INFO - Started process (PID=1017) to work on /opt/airflow/dags/mediapulse360_pipeline.py
[2026-05-09T14:07:50.889+0000] {processor.py:914} INFO - Processing file /opt/airflow/dags/mediapulse360_pipeline.py for tasks to queue
[2026-05-09T14:07:50.891+0000] {logging_mixin.py:190} INFO - [2026-05-09T14:07:50.890+0000] {dagbag.py:588} INFO - Filling up the DagBag from /opt/airflow/dags/mediapulse360_pipeline.py
[2026-05-09T14:07:50.908+0000] {processor.py:925} INFO - DAG(s) 'mediapulse360_pipeline' retrieved from /opt/airflow/dags/mediapulse360_pipeline.py
[2026-05-09T14:07:50.940+0000] {logging_mixin.py:190} INFO - [2026-05-09T14:07:50.940+0000] {dag.py:3239} INFO - Sync 1 DAGs
[2026-05-09T14:07:50.966+0000] {logging_mixin.py:190} INFO - [2026-05-09T14:07:50.966+0000] {dag.py:4180} INFO - Setting next_dagrun for mediapulse360_pipeline to 2026-05-09 14:00:00+00:00, run_after=2026-05-09 15:00:00+00:00
[2026-05-09T14:07:50.992+0000] {processor.py:208} INFO - Processing /opt/airflow/dags/mediapulse360_pipeline.py took 0.112 seconds
[2026-05-09T14:08:21.287+0000] {processor.py:186} INFO - Started process (PID=1027) to work on /opt/airflow/dags/mediapulse360_pipeline.py
[2026-05-09T14:08:21.288+0000] {processor.py:914} INFO - Processing file /opt/airflow/dags/mediapulse360_pipeline.py for tasks to queue
[2026-05-09T14:08:21.290+0000] {logging_mixin.py:190} INFO - [2026-05-09T14:08:21.290+0000] {dagbag.py:588} INFO - Filling up the DagBag from /opt/airflow/dags/mediapulse360_pipeline.py
[2026-05-09T14:08:21.316+0000] {processor.py:925} INFO - DAG(s) 'mediapulse360_pipeline' retrieved from /opt/airflow/dags/mediapulse360_pipeline.py
[2026-05-09T14:08:21.354+0000] {logging_mixin.py:190} INFO - [2026-05-09T14:08:21.353+0000] {dag.py:3239} INFO - Sync 1 DAGs
[2026-05-09T14:08:21.385+0000] {logging_mixin.py:190} INFO - [2026-05-09T14:08:21.385+0000] {dag.py:4180} INFO - Setting next_dagrun for mediapulse360_pipeline to 2026-05-09 14:00:00+00:00, run_after=2026-05-09 15:00:00+00:00
[2026-05-09T14:08:21.412+0000] {processor.py:208} INFO - Processing /opt/airflow/dags/mediapulse360_pipeline.py took 0.134 seconds
[2026-05-09T14:08:51.765+0000] {processor.py:186} INFO - Started process (PID=1037) to work on /opt/airflow/dags/mediapulse360_pipeline.py
[2026-05-09T14:08:51.766+0000] {processor.py:914} INFO - Processing file /opt/airflow/dags/mediapulse360_pipeline.py for tasks to queue
[2026-05-09T14:08:51.768+0000] {logging_mixin.py:190} INFO - [2026-05-09T14:08:51.767+0000] {dagbag.py:588} INFO - Filling up the DagBag from /opt/airflow/dags/mediapulse360_pipeline.py
[2026-05-09T14:08:51.787+0000] {processor.py:925} INFO - DAG(s) 'mediapulse360_pipeline' retrieved from /opt/airflow/dags/mediapulse360_pipeline.py
[2026-05-09T14:08:51.827+0000] {logging_mixin.py:190} INFO - [2026-05-09T14:08:51.827+0000] {dag.py:3239} INFO - Sync 1 DAGs
[2026-05-09T14:08:51.856+0000] {logging_mixin.py:190} INFO - [2026-05-09T14:08:51.855+0000] {dag.py:4180} INFO - Setting next_dagrun for mediapulse360_pipeline to 2026-05-09 14:00:00+00:00, run_after=2026-05-09 15:00:00+00:00
[2026-05-09T14:08:51.879+0000] {processor.py:208} INFO - Processing /opt/airflow/dags/mediapulse360_pipeline.py took 0.122 seconds
[2026-05-09T14:09:22.214+0000] {processor.py:186} INFO - Started process (PID=1047) to work on /opt/airflow/dags/mediapulse360_pipeline.py
[2026-05-09T14:09:22.218+0000] {processor.py:914} INFO - Processing file /opt/airflow/dags/mediapulse360_pipeline.py for tasks to queue
[2026-05-09T14:09:22.221+0000] {logging_mixin.py:190} INFO - [2026-05-09T14:09:22.221+0000] {dagbag.py:588} INFO - Filling up the DagBag from /opt/airflow/dags/mediapulse360_pipeline.py
[2026-05-09T14:09:22.243+0000] {processor.py:925} INFO - DAG(s) 'mediapulse360_pipeline' retrieved from /opt/airflow/dags/mediapulse360_pipeline.py
[2026-05-09T14:09:22.280+0000] {logging_mixin.py:190} INFO - [2026-05-09T14:09:22.280+0000] {dag.py:3239} INFO - Sync 1 DAGs
[2026-05-09T14:09:22.310+0000] {logging_mixin.py:190} INFO - [2026-05-09T14:09:22.310+0000] {dag.py:4180} INFO - Setting next_dagrun for mediapulse360_pipeline to 2026-05-09 14:00:00+00:00, run_after=2026-05-09 15:00:00+00:00
[2026-05-09T14:09:22.340+0000] {processor.py:208} INFO - Processing /opt/airflow/dags/mediapulse360_pipeline.py took 0.132 seconds
[2026-05-09T14:09:52.714+0000] {processor.py:186} INFO - Started process (PID=1057) to work on /opt/airflow/dags/mediapulse360_pipeline.py
[2026-05-09T14:09:52.717+0000] {processor.py:914} INFO - Processing file /opt/airflow/dags/mediapulse360_pipeline.py for tasks to queue
[2026-05-09T14:09:52.723+0000] {logging_mixin.py:190} INFO - [2026-05-09T14:09:52.722+0000] {dagbag.py:588} INFO - Filling up the DagBag from /opt/airflow/dags/mediapulse360_pipeline.py
[2026-05-09T14:09:52.749+0000] {processor.py:925} INFO - DAG(s) 'mediapulse360_pipeline' retrieved from /opt/airflow/dags/mediapulse360_pipeline.py
[2026-05-09T14:09:52.803+0000] {logging_mixin.py:190} INFO - [2026-05-09T14:09:52.803+0000] {dag.py:3239} INFO - Sync 1 DAGs
[2026-05-09T14:09:52.836+0000] {logging_mixin.py:190} INFO - [2026-05-09T14:09:52.836+0000] {dag.py:4180} INFO - Setting next_dagrun for mediapulse360_pipeline to 2026-05-09 14:00:00+00:00, run_after=2026-05-09 15:00:00+00:00
[2026-05-09T14:09:52.873+0000] {processor.py:208} INFO - Processing /opt/airflow/dags/mediapulse360_pipeline.py took 0.167 seconds
[2026-05-09T14:10:24.061+0000] {processor.py:186} INFO - Started process (PID=1067) to work on /opt/airflow/dags/mediapulse360_pipeline.py
[2026-05-09T14:10:24.063+0000] {processor.py:914} INFO - Processing file /opt/airflow/dags/mediapulse360_pipeline.py for tasks to queue
[2026-05-09T14:10:24.092+0000] {logging_mixin.py:190} INFO - [2026-05-09T14:10:24.085+0000] {dagbag.py:588} INFO - Filling up the DagBag from /opt/airflow/dags/mediapulse360_pipeline.py
[2026-05-09T14:10:24.183+0000] {processor.py:925} INFO - DAG(s) 'mediapulse360_pipeline' retrieved from /opt/airflow/dags/mediapulse360_pipeline.py
[2026-05-09T14:10:24.271+0000] {logging_mixin.py:190} INFO - [2026-05-09T14:10:24.270+0000] {dag.py:3239} INFO - Sync 1 DAGs
[2026-05-09T14:10:24.337+0000] {logging_mixin.py:190} INFO - [2026-05-09T14:10:24.336+0000] {dag.py:4180} INFO - Setting next_dagrun for mediapulse360_pipeline to 2026-05-09 14:00:00+00:00, run_after=2026-05-09 15:00:00+00:00
[2026-05-09T14:10:24.417+0000] {processor.py:208} INFO - Processing /opt/airflow/dags/mediapulse360_pipeline.py took 0.368 seconds
[2026-05-09T14:10:55.386+0000] {processor.py:186} INFO - Started process (PID=1077) to work on /opt/airflow/dags/mediapulse360_pipeline.py
[2026-05-09T14:10:55.388+0000] {processor.py:914} INFO - Processing file /opt/airflow/dags/mediapulse360_pipeline.py for tasks to queue
[2026-05-09T14:10:55.394+0000] {logging_mixin.py:190} INFO - [2026-05-09T14:10:55.393+0000] {dagbag.py:588} INFO - Filling up the DagBag from /opt/airflow/dags/mediapulse360_pipeline.py
[2026-05-09T14:10:55.537+0000] {processor.py:925} INFO - DAG(s) 'mediapulse360_pipeline' retrieved from /opt/airflow/dags/mediapulse360_pipeline.py
[2026-05-09T14:10:55.676+0000] {logging_mixin.py:190} INFO - [2026-05-09T14:10:55.676+0000] {dag.py:3239} INFO - Sync 1 DAGs
[2026-05-09T14:10:55.758+0000] {logging_mixin.py:190} INFO - [2026-05-09T14:10:55.758+0000] {dag.py:4180} INFO - Setting next_dagrun for mediapulse360_pipeline to 2026-05-09 14:00:00+00:00, run_after=2026-05-09 15:00:00+00:00
[2026-05-09T14:10:55.838+0000] {processor.py:208} INFO - Processing /opt/airflow/dags/mediapulse360_pipeline.py took 0.469 seconds
[2026-05-09T14:11:26.518+0000] {processor.py:186} INFO - Started process (PID=1087) to work on /opt/airflow/dags/mediapulse360_pipeline.py
[2026-05-09T14:11:26.520+0000] {processor.py:914} INFO - Processing file /opt/airflow/dags/mediapulse360_pipeline.py for tasks to queue
[2026-05-09T14:11:26.522+0000] {logging_mixin.py:190} INFO - [2026-05-09T14:11:26.521+0000] {dagbag.py:588} INFO - Filling up the DagBag from /opt/airflow/dags/mediapulse360_pipeline.py
[2026-05-09T14:11:26.547+0000] {processor.py:925} INFO - DAG(s) 'mediapulse360_pipeline' retrieved from /opt/airflow/dags/mediapulse360_pipeline.py
[2026-05-09T14:11:26.602+0000] {logging_mixin.py:190} INFO - [2026-05-09T14:11:26.602+0000] {dag.py:3239} INFO - Sync 1 DAGs
[2026-05-09T14:11:26.640+0000] {logging_mixin.py:190} INFO - [2026-05-09T14:11:26.640+0000] {dag.py:4180} INFO - Setting next_dagrun for mediapulse360_pipeline to 2026-05-09 14:00:00+00:00, run_after=2026-05-09 15:00:00+00:00
[2026-05-09T14:11:26.668+0000] {processor.py:208} INFO - Processing /opt/airflow/dags/mediapulse360_pipeline.py took 0.161 seconds
[2026-05-09T14:11:57.192+0000] {processor.py:186} INFO - Started process (PID=1097) to work on /opt/airflow/dags/mediapulse360_pipeline.py
[2026-05-09T14:11:57.196+0000] {processor.py:914} INFO - Processing file /opt/airflow/dags/mediapulse360_pipeline.py for tasks to queue
[2026-05-09T14:11:57.202+0000] {logging_mixin.py:190} INFO - [2026-05-09T14:11:57.201+0000] {dagbag.py:588} INFO - Filling up the DagBag from /opt/airflow/dags/mediapulse360_pipeline.py
[2026-05-09T14:11:57.225+0000] {processor.py:925} INFO - DAG(s) 'mediapulse360_pipeline' retrieved from /opt/airflow/dags/mediapulse360_pipeline.py
[2026-05-09T14:11:57.256+0000] {logging_mixin.py:190} INFO - [2026-05-09T14:11:57.256+0000] {dag.py:3239} INFO - Sync 1 DAGs
[2026-05-09T14:11:57.281+0000] {logging_mixin.py:190} INFO - [2026-05-09T14:11:57.281+0000] {dag.py:4180} INFO - Setting next_dagrun for mediapulse360_pipeline to 2026-05-09 14:00:00+00:00, run_after=2026-05-09 15:00:00+00:00
[2026-05-09T14:11:57.303+0000] {processor.py:208} INFO - Processing /opt/airflow/dags/mediapulse360_pipeline.py took 0.122 seconds
[2026-05-09T14:12:27.724+0000] {processor.py:186} INFO - Started process (PID=1107) to work on /opt/airflow/dags/mediapulse360_pipeline.py
[2026-05-09T14:12:27.725+0000] {processor.py:914} INFO - Processing file /opt/airflow/dags/mediapulse360_pipeline.py for tasks to queue
[2026-05-09T14:12:27.726+0000] {logging_mixin.py:190} INFO - [2026-05-09T14:12:27.726+0000] {dagbag.py:588} INFO - Filling up the DagBag from /opt/airflow/dags/mediapulse360_pipeline.py
[2026-05-09T14:12:27.741+0000] {processor.py:925} INFO - DAG(s) 'mediapulse360_pipeline' retrieved from /opt/airflow/dags/mediapulse360_pipeline.py
[2026-05-09T14:12:27.767+0000] {logging_mixin.py:190} INFO - [2026-05-09T14:12:27.767+0000] {dag.py:3239} INFO - Sync 1 DAGs
[2026-05-09T14:12:27.789+0000] {logging_mixin.py:190} INFO - [2026-05-09T14:12:27.788+0000] {dag.py:4180} INFO - Setting next_dagrun for mediapulse360_pipeline to 2026-05-09 14:00:00+00:00, run_after=2026-05-09 15:00:00+00:00
[2026-05-09T14:12:27.810+0000] {processor.py:208} INFO - Processing /opt/airflow/dags/mediapulse360_pipeline.py took 0.093 seconds
[2026-05-09T14:12:58.181+0000] {processor.py:186} INFO - Started process (PID=1117) to work on /opt/airflow/dags/mediapulse360_pipeline.py
[2026-05-09T14:12:58.183+0000] {processor.py:914} INFO - Processing file /opt/airflow/dags/mediapulse360_pipeline.py for tasks to queue
[2026-05-09T14:12:58.184+0000] {logging_mixin.py:190} INFO - [2026-05-09T14:12:58.184+0000] {dagbag.py:588} INFO - Filling up the DagBag from /opt/airflow/dags/mediapulse360_pipeline.py
[2026-05-09T14:12:58.200+0000] {processor.py:925} INFO - DAG(s) 'mediapulse360_pipeline' retrieved from /opt/airflow/dags/mediapulse360_pipeline.py
[2026-05-09T14:12:58.226+0000] {logging_mixin.py:190} INFO - [2026-05-09T14:12:58.226+0000] {dag.py:3239} INFO - Sync 1 DAGs
[2026-05-09T14:12:58.250+0000] {logging_mixin.py:190} INFO - [2026-05-09T14:12:58.250+0000] {dag.py:4180} INFO - Setting next_dagrun for mediapulse360_pipeline to 2026-05-09 14:00:00+00:00, run_after=2026-05-09 15:00:00+00:00
[2026-05-09T14:12:58.272+0000] {processor.py:208} INFO - Processing /opt/airflow/dags/mediapulse360_pipeline.py took 0.099 seconds
[2026-05-09T14:13:28.746+0000] {processor.py:186} INFO - Started process (PID=1127) to work on /opt/airflow/dags/mediapulse360_pipeline.py
[2026-05-09T14:13:28.747+0000] {processor.py:914} INFO - Processing file /opt/airflow/dags/mediapulse360_pipeline.py for tasks to queue
[2026-05-09T14:13:28.749+0000] {logging_mixin.py:190} INFO - [2026-05-09T14:13:28.749+0000] {dagbag.py:588} INFO - Filling up the DagBag from /opt/airflow/dags/mediapulse360_pipeline.py
[2026-05-09T14:13:28.767+0000] {processor.py:925} INFO - DAG(s) 'mediapulse360_pipeline' retrieved from /opt/airflow/dags/mediapulse360_pipeline.py
[2026-05-09T14:13:28.797+0000] {logging_mixin.py:190} INFO - [2026-05-09T14:13:28.797+0000] {dag.py:3239} INFO - Sync 1 DAGs
[2026-05-09T14:13:28.820+0000] {logging_mixin.py:190} INFO - [2026-05-09T14:13:28.820+0000] {dag.py:4180} INFO - Setting next_dagrun for mediapulse360_pipeline to 2026-05-09 14:00:00+00:00, run_after=2026-05-09 15:00:00+00:00
[2026-05-09T14:13:28.850+0000] {processor.py:208} INFO - Processing /opt/airflow/dags/mediapulse360_pipeline.py took 0.112 seconds
[2026-05-09T14:13:59.100+0000] {processor.py:186} INFO - Started process (PID=1137) to work on /opt/airflow/dags/mediapulse360_pipeline.py
[2026-05-09T14:13:59.103+0000] {processor.py:914} INFO - Processing file /opt/airflow/dags/mediapulse360_pipeline.py for tasks to queue
[2026-05-09T14:13:59.105+0000] {logging_mixin.py:190} INFO - [2026-05-09T14:13:59.104+0000] {dagbag.py:588} INFO - Filling up the DagBag from /opt/airflow/dags/mediapulse360_pipeline.py
[2026-05-09T14:13:59.129+0000] {processor.py:925} INFO - DAG(s) 'mediapulse360_pipeline' retrieved from /opt/airflow/dags/mediapulse360_pipeline.py
[2026-05-09T14:13:59.165+0000] {logging_mixin.py:190} INFO - [2026-05-09T14:13:59.164+0000] {dag.py:3239} INFO - Sync 1 DAGs
[2026-05-09T14:13:59.194+0000] {logging_mixin.py:190} INFO - [2026-05-09T14:13:59.193+0000] {dag.py:4180} INFO - Setting next_dagrun for mediapulse360_pipeline to 2026-05-09 14:00:00+00:00, run_after=2026-05-09 15:00:00+00:00
[2026-05-09T14:13:59.215+0000] {processor.py:208} INFO - Processing /opt/airflow/dags/mediapulse360_pipeline.py took 0.122 seconds
[2026-05-09T14:14:29.440+0000] {processor.py:186} INFO - Started process (PID=1147) to work on /opt/airflow/dags/mediapulse360_pipeline.py
[2026-05-09T14:14:29.441+0000] {processor.py:914} INFO - Processing file /opt/airflow/dags/mediapulse360_pipeline.py for tasks to queue
[2026-05-09T14:14:29.443+0000] {logging_mixin.py:190} INFO - [2026-05-09T14:14:29.443+0000] {dagbag.py:588} INFO - Filling up the DagBag from /opt/airflow/dags/mediapulse360_pipeline.py
[2026-05-09T14:14:29.467+0000] {processor.py:925} INFO - DAG(s) 'mediapulse360_pipeline' retrieved from /opt/airflow/dags/mediapulse360_pipeline.py
[2026-05-09T14:14:29.513+0000] {logging_mixin.py:190} INFO - [2026-05-09T14:14:29.512+0000] {dag.py:3239} INFO - Sync 1 DAGs
[2026-05-09T14:14:29.550+0000] {logging_mixin.py:190} INFO - [2026-05-09T14:14:29.549+0000] {dag.py:4180} INFO - Setting next_dagrun for mediapulse360_pipeline to 2026-05-09 14:00:00+00:00, run_after=2026-05-09 15:00:00+00:00
[2026-05-09T14:14:29.575+0000] {processor.py:208} INFO - Processing /opt/airflow/dags/mediapulse360_pipeline.py took 0.145 seconds
[2026-05-09T14:14:59.899+0000] {processor.py:186} INFO - Started process (PID=1157) to work on /opt/airflow/dags/mediapulse360_pipeline.py
[2026-05-09T14:14:59.901+0000] {processor.py:914} INFO - Processing file /opt/airflow/dags/mediapulse360_pipeline.py for tasks to queue
[2026-05-09T14:14:59.903+0000] {logging_mixin.py:190} INFO - [2026-05-09T14:14:59.902+0000] {dagbag.py:588} INFO - Filling up the DagBag from /opt/airflow/dags/mediapulse360_pipeline.py
[2026-05-09T14:14:59.927+0000] {processor.py:925} INFO - DAG(s) 'mediapulse360_pipeline' retrieved from /opt/airflow/dags/mediapulse360_pipeline.py
[2026-05-09T14:14:59.961+0000] {logging_mixin.py:190} INFO - [2026-05-09T14:14:59.961+0000] {dag.py:3239} INFO - Sync 1 DAGs
[2026-05-09T14:14:59.985+0000] {logging_mixin.py:190} INFO - [2026-05-09T14:14:59.984+0000] {dag.py:4180} INFO - Setting next_dagrun for mediapulse360_pipeline to 2026-05-09 14:00:00+00:00, run_after=2026-05-09 15:00:00+00:00
[2026-05-09T14:15:00.005+0000] {processor.py:208} INFO - Processing /opt/airflow/dags/mediapulse360_pipeline.py took 0.114 seconds
[2026-05-09T14:15:30.210+0000] {processor.py:186} INFO - Started process (PID=1167) to work on /opt/airflow/dags/mediapulse360_pipeline.py
[2026-05-09T14:15:30.211+0000] {processor.py:914} INFO - Processing file /opt/airflow/dags/mediapulse360_pipeline.py for tasks to queue
[2026-05-09T14:15:30.213+0000] {logging_mixin.py:190} INFO - [2026-05-09T14:15:30.212+0000] {dagbag.py:588} INFO - Filling up the DagBag from /opt/airflow/dags/mediapulse360_pipeline.py
[2026-05-09T14:15:30.240+0000] {processor.py:925} INFO - DAG(s) 'mediapulse360_pipeline' retrieved from /opt/airflow/dags/mediapulse360_pipeline.py
[2026-05-09T14:15:30.277+0000] {logging_mixin.py:190} INFO - [2026-05-09T14:15:30.277+0000] {dag.py:3239} INFO - Sync 1 DAGs
[2026-05-09T14:15:30.302+0000] {logging_mixin.py:190} INFO - [2026-05-09T14:15:30.301+0000] {dag.py:4180} INFO - Setting next_dagrun for mediapulse360_pipeline to 2026-05-09 14:00:00+00:00, run_after=2026-05-09 15:00:00+00:00
[2026-05-09T14:15:30.326+0000] {processor.py:208} INFO - Processing /opt/airflow/dags/mediapulse360_pipeline.py took 0.124 seconds
[2026-05-09T14:16:01.106+0000] {processor.py:186} INFO - Started process (PID=1198) to work on /opt/airflow/dags/mediapulse360_pipeline.py
[2026-05-09T14:16:01.107+0000] {processor.py:914} INFO - Processing file /opt/airflow/dags/mediapulse360_pipeline.py for tasks to queue
[2026-05-09T14:16:01.110+0000] {logging_mixin.py:190} INFO - [2026-05-09T14:16:01.109+0000] {dagbag.py:588} INFO - Filling up the DagBag from /opt/airflow/dags/mediapulse360_pipeline.py
[2026-05-09T14:16:01.187+0000] {processor.py:925} INFO - DAG(s) 'mediapulse360_pipeline' retrieved from /opt/airflow/dags/mediapulse360_pipeline.py
[2026-05-09T14:16:01.296+0000] {logging_mixin.py:190} INFO - [2026-05-09T14:16:01.296+0000] {dag.py:3239} INFO - Sync 1 DAGs
[2026-05-09T14:16:01.385+0000] {logging_mixin.py:190} INFO - [2026-05-09T14:16:01.385+0000] {dag.py:4180} INFO - Setting next_dagrun for mediapulse360_pipeline to 2026-05-09 14:00:00+00:00, run_after=2026-05-09 15:00:00+00:00
[2026-05-09T14:16:01.560+0000] {processor.py:208} INFO - Processing /opt/airflow/dags/mediapulse360_pipeline.py took 0.558 seconds
[2026-05-09T14:16:32.069+0000] {processor.py:186} INFO - Started process (PID=1299) to work on /opt/airflow/dags/mediapulse360_pipeline.py
[2026-05-09T14:16:32.071+0000] {processor.py:914} INFO - Processing file /opt/airflow/dags/mediapulse360_pipeline.py for tasks to queue
[2026-05-09T14:16:32.072+0000] {logging_mixin.py:190} INFO - [2026-05-09T14:16:32.072+0000] {dagbag.py:588} INFO - Filling up the DagBag from /opt/airflow/dags/mediapulse360_pipeline.py
[2026-05-09T14:16:32.093+0000] {processor.py:925} INFO - DAG(s) 'mediapulse360_pipeline' retrieved from /opt/airflow/dags/mediapulse360_pipeline.py
[2026-05-09T14:16:32.128+0000] {logging_mixin.py:190} INFO - [2026-05-09T14:16:32.128+0000] {dag.py:3239} INFO - Sync 1 DAGs
[2026-05-09T14:16:32.174+0000] {logging_mixin.py:190} INFO - [2026-05-09T14:16:32.173+0000] {dag.py:4180} INFO - Setting next_dagrun for mediapulse360_pipeline to 2026-05-09 14:00:00+00:00, run_after=2026-05-09 15:00:00+00:00
[2026-05-09T14:16:32.199+0000] {processor.py:208} INFO - Processing /opt/airflow/dags/mediapulse360_pipeline.py took 0.136 seconds
[2026-05-09T14:17:02.596+0000] {processor.py:186} INFO - Started process (PID=1309) to work on /opt/airflow/dags/mediapulse360_pipeline.py
[2026-05-09T14:17:02.597+0000] {processor.py:914} INFO - Processing file /opt/airflow/dags/mediapulse360_pipeline.py for tasks to queue
[2026-05-09T14:17:02.599+0000] {logging_mixin.py:190} INFO - [2026-05-09T14:17:02.599+0000] {dagbag.py:588} INFO - Filling up the DagBag from /opt/airflow/dags/mediapulse360_pipeline.py
[2026-05-09T14:17:02.621+0000] {processor.py:925} INFO - DAG(s) 'mediapulse360_pipeline' retrieved from /opt/airflow/dags/mediapulse360_pipeline.py
[2026-05-09T14:17:02.648+0000] {logging_mixin.py:190} INFO - [2026-05-09T14:17:02.648+0000] {dag.py:3239} INFO - Sync 1 DAGs
[2026-05-09T14:17:02.675+0000] {logging_mixin.py:190} INFO - [2026-05-09T14:17:02.674+0000] {dag.py:4180} INFO - Setting next_dagrun for mediapulse360_pipeline to 2026-05-09 14:00:00+00:00, run_after=2026-05-09 15:00:00+00:00
[2026-05-09T14:17:02.695+0000] {processor.py:208} INFO - Processing /opt/airflow/dags/mediapulse360_pipeline.py took 0.107 seconds
[2026-05-09T14:17:33.007+0000] {processor.py:186} INFO - Started process (PID=1319) to work on /opt/airflow/dags/mediapulse360_pipeline.py
[2026-05-09T14:17:33.008+0000] {processor.py:914} INFO - Processing file /opt/airflow/dags/mediapulse360_pipeline.py for tasks to queue
[2026-05-09T14:17:33.010+0000] {logging_mixin.py:190} INFO - [2026-05-09T14:17:33.009+0000] {dagbag.py:588} INFO - Filling up the DagBag from /opt/airflow/dags/mediapulse360_pipeline.py
[2026-05-09T14:17:33.026+0000] {processor.py:925} INFO - DAG(s) 'mediapulse360_pipeline' retrieved from /opt/airflow/dags/mediapulse360_pipeline.py
[2026-05-09T14:17:33.054+0000] {logging_mixin.py:190} INFO - [2026-05-09T14:17:33.054+0000] {dag.py:3239} INFO - Sync 1 DAGs
[2026-05-09T14:17:33.075+0000] {logging_mixin.py:190} INFO - [2026-05-09T14:17:33.075+0000] {dag.py:4180} INFO - Setting next_dagrun for mediapulse360_pipeline to 2026-05-09 14:00:00+00:00, run_after=2026-05-09 15:00:00+00:00
[2026-05-09T14:17:33.101+0000] {processor.py:208} INFO - Processing /opt/airflow/dags/mediapulse360_pipeline.py took 0.101 seconds
[2026-05-09T14:18:03.362+0000] {processor.py:186} INFO - Started process (PID=1329) to work on /opt/airflow/dags/mediapulse360_pipeline.py
[2026-05-09T14:18:03.363+0000] {processor.py:914} INFO - Processing file /opt/airflow/dags/mediapulse360_pipeline.py for tasks to queue
[2026-05-09T14:18:03.365+0000] {logging_mixin.py:190} INFO - [2026-05-09T14:18:03.365+0000] {dagbag.py:588} INFO - Filling up the DagBag from /opt/airflow/dags/mediapulse360_pipeline.py
[2026-05-09T14:18:03.387+0000] {processor.py:925} INFO - DAG(s) 'mediapulse360_pipeline' retrieved from /opt/airflow/dags/mediapulse360_pipeline.py
[2026-05-09T14:18:03.429+0000] {logging_mixin.py:190} INFO - [2026-05-09T14:18:03.428+0000] {dag.py:3239} INFO - Sync 1 DAGs
[2026-05-09T14:18:03.464+0000] {logging_mixin.py:190} INFO - [2026-05-09T14:18:03.464+0000] {dag.py:4180} INFO - Setting next_dagrun for mediapulse360_pipeline to 2026-05-09 14:00:00+00:00, run_after=2026-05-09 15:00:00+00:00
[2026-05-09T14:18:03.489+0000] {processor.py:208} INFO - Processing /opt/airflow/dags/mediapulse360_pipeline.py took 0.137 seconds
[2026-05-09T14:18:33.849+0000] {processor.py:186} INFO - Started process (PID=1339) to work on /opt/airflow/dags/mediapulse360_pipeline.py
[2026-05-09T14:18:33.850+0000] {processor.py:914} INFO - Processing file /opt/airflow/dags/mediapulse360_pipeline.py for tasks to queue
[2026-05-09T14:18:33.851+0000] {logging_mixin.py:190} INFO - [2026-05-09T14:18:33.851+0000] {dagbag.py:588} INFO - Filling up the DagBag from /opt/airflow/dags/mediapulse360_pipeline.py
[2026-05-09T14:18:33.867+0000] {processor.py:925} INFO - DAG(s) 'mediapulse360_pipeline' retrieved from /opt/airflow/dags/mediapulse360_pipeline.py
[2026-05-09T14:18:33.900+0000] {logging_mixin.py:190} INFO - [2026-05-09T14:18:33.899+0000] {dag.py:3239} INFO - Sync 1 DAGs
[2026-05-09T14:18:33.931+0000] {logging_mixin.py:190} INFO - [2026-05-09T14:18:33.931+0000] {dag.py:4180} INFO - Setting next_dagrun for mediapulse360_pipeline to 2026-05-09 14:00:00+00:00, run_after=2026-05-09 15:00:00+00:00
[2026-05-09T14:18:33.960+0000] {processor.py:208} INFO - Processing /opt/airflow/dags/mediapulse360_pipeline.py took 0.118 seconds
[2026-05-09T14:19:04.178+0000] {processor.py:186} INFO - Started process (PID=1349) to work on /opt/airflow/dags/mediapulse360_pipeline.py
[2026-05-09T14:19:04.179+0000] {processor.py:914} INFO - Processing file /opt/airflow/dags/mediapulse360_pipeline.py for tasks to queue
[2026-05-09T14:19:04.183+0000] {logging_mixin.py:190} INFO - [2026-05-09T14:19:04.182+0000] {dagbag.py:588} INFO - Filling up the DagBag from /opt/airflow/dags/mediapulse360_pipeline.py
[2026-05-09T14:19:04.201+0000] {processor.py:925} INFO - DAG(s) 'mediapulse360_pipeline' retrieved from /opt/airflow/dags/mediapulse360_pipeline.py
[2026-05-09T14:19:04.241+0000] {logging_mixin.py:190} INFO - [2026-05-09T14:19:04.240+0000] {dag.py:3239} INFO - Sync 1 DAGs
[2026-05-09T14:19:04.268+0000] {logging_mixin.py:190} INFO - [2026-05-09T14:19:04.268+0000] {dag.py:4180} INFO - Setting next_dagrun for mediapulse360_pipeline to 2026-05-09 14:00:00+00:00, run_after=2026-05-09 15:00:00+00:00
[2026-05-09T14:19:04.288+0000] {processor.py:208} INFO - Processing /opt/airflow/dags/mediapulse360_pipeline.py took 0.116 seconds
[2026-05-09T14:19:34.666+0000] {processor.py:186} INFO - Started process (PID=1359) to work on /opt/airflow/dags/mediapulse360_pipeline.py
[2026-05-09T14:19:34.668+0000] {processor.py:914} INFO - Processing file /opt/airflow/dags/mediapulse360_pipeline.py for tasks to queue
[2026-05-09T14:19:34.671+0000] {logging_mixin.py:190} INFO - [2026-05-09T14:19:34.670+0000] {dagbag.py:588} INFO - Filling up the DagBag from /opt/airflow/dags/mediapulse360_pipeline.py
[2026-05-09T14:19:34.698+0000] {processor.py:925} INFO - DAG(s) 'mediapulse360_pipeline' retrieved from /opt/airflow/dags/mediapulse360_pipeline.py
[2026-05-09T14:19:34.785+0000] {logging_mixin.py:190} INFO - [2026-05-09T14:19:34.784+0000] {dag.py:3239} INFO - Sync 1 DAGs
[2026-05-09T14:19:34.889+0000] {logging_mixin.py:190} INFO - [2026-05-09T14:19:34.889+0000] {dag.py:4180} INFO - Setting next_dagrun for mediapulse360_pipeline to 2026-05-09 14:00:00+00:00, run_after=2026-05-09 15:00:00+00:00
[2026-05-09T14:19:34.933+0000] {processor.py:208} INFO - Processing /opt/airflow/dags/mediapulse360_pipeline.py took 0.285 seconds
[2026-05-09T14:20:05.269+0000] {processor.py:186} INFO - Started process (PID=1369) to work on /opt/airflow/dags/mediapulse360_pipeline.py
[2026-05-09T14:20:05.271+0000] {processor.py:914} INFO - Processing file /opt/airflow/dags/mediapulse360_pipeline.py for tasks to queue
[2026-05-09T14:20:05.274+0000] {logging_mixin.py:190} INFO - [2026-05-09T14:20:05.273+0000] {dagbag.py:588} INFO - Filling up the DagBag from /opt/airflow/dags/mediapulse360_pipeline.py
[2026-05-09T14:20:05.293+0000] {processor.py:925} INFO - DAG(s) 'mediapulse360_pipeline' retrieved from /opt/airflow/dags/mediapulse360_pipeline.py
[2026-05-09T14:20:05.326+0000] {logging_mixin.py:190} INFO - [2026-05-09T14:20:05.326+0000] {dag.py:3239} INFO - Sync 1 DAGs
[2026-05-09T14:20:05.352+0000] {logging_mixin.py:190} INFO - [2026-05-09T14:20:05.352+0000] {dag.py:4180} INFO - Setting next_dagrun for mediapulse360_pipeline to 2026-05-09 14:00:00+00:00, run_after=2026-05-09 15:00:00+00:00
[2026-05-09T14:20:05.383+0000] {processor.py:208} INFO - Processing /opt/airflow/dags/mediapulse360_pipeline.py took 0.121 seconds
[2026-05-09T14:20:35.616+0000] {processor.py:186} INFO - Started process (PID=1379) to work on /opt/airflow/dags/mediapulse360_pipeline.py
[2026-05-09T14:20:35.617+0000] {processor.py:914} INFO - Processing file /opt/airflow/dags/mediapulse360_pipeline.py for tasks to queue
[2026-05-09T14:20:35.619+0000] {logging_mixin.py:190} INFO - [2026-05-09T14:20:35.618+0000] {dagbag.py:588} INFO - Filling up the DagBag from /opt/airflow/dags/mediapulse360_pipeline.py
[2026-05-09T14:20:35.635+0000] {processor.py:925} INFO - DAG(s) 'mediapulse360_pipeline' retrieved from /opt/airflow/dags/mediapulse360_pipeline.py
[2026-05-09T14:20:35.664+0000] {logging_mixin.py:190} INFO - [2026-05-09T14:20:35.664+0000] {dag.py:3239} INFO - Sync 1 DAGs
[2026-05-09T14:20:35.691+0000] {logging_mixin.py:190} INFO - [2026-05-09T14:20:35.690+0000] {dag.py:4180} INFO - Setting next_dagrun for mediapulse360_pipeline to 2026-05-09 14:00:00+00:00, run_after=2026-05-09 15:00:00+00:00
[2026-05-09T14:20:35.712+0000] {processor.py:208} INFO - Processing /opt/airflow/dags/mediapulse360_pipeline.py took 0.103 seconds
[2026-05-09T14:21:05.952+0000] {processor.py:186} INFO - Started process (PID=1389) to work on /opt/airflow/dags/mediapulse360_pipeline.py
[2026-05-09T14:21:05.953+0000] {processor.py:914} INFO - Processing file /opt/airflow/dags/mediapulse360_pipeline.py for tasks to queue
[2026-05-09T14:21:05.954+0000] {logging_mixin.py:190} INFO - [2026-05-09T14:21:05.954+0000] {dagbag.py:588} INFO - Filling up the DagBag from /opt/airflow/dags/mediapulse360_pipeline.py
[2026-05-09T14:21:05.970+0000] {processor.py:925} INFO - DAG(s) 'mediapulse360_pipeline' retrieved from /opt/airflow/dags/mediapulse360_pipeline.py
[2026-05-09T14:21:05.998+0000] {logging_mixin.py:190} INFO - [2026-05-09T14:21:05.998+0000] {dag.py:3239} INFO - Sync 1 DAGs
[2026-05-09T14:21:06.019+0000] {logging_mixin.py:190} INFO - [2026-05-09T14:21:06.019+0000] {dag.py:4180} INFO - Setting next_dagrun for mediapulse360_pipeline to 2026-05-09 14:00:00+00:00, run_after=2026-05-09 15:00:00+00:00
[2026-05-09T14:21:06.040+0000] {processor.py:208} INFO - Processing /opt/airflow/dags/mediapulse360_pipeline.py took 0.094 seconds
[2026-05-09T14:21:36.378+0000] {processor.py:186} INFO - Started process (PID=1399) to work on /opt/airflow/dags/mediapulse360_pipeline.py
[2026-05-09T14:21:36.379+0000] {processor.py:914} INFO - Processing file /opt/airflow/dags/mediapulse360_pipeline.py for tasks to queue
[2026-05-09T14:21:36.381+0000] {logging_mixin.py:190} INFO - [2026-05-09T14:21:36.380+0000] {dagbag.py:588} INFO - Filling up the DagBag from /opt/airflow/dags/mediapulse360_pipeline.py
[2026-05-09T14:21:36.403+0000] {processor.py:925} INFO - DAG(s) 'mediapulse360_pipeline' retrieved from /opt/airflow/dags/mediapulse360_pipeline.py
[2026-05-09T14:21:36.436+0000] {logging_mixin.py:190} INFO - [2026-05-09T14:21:36.436+0000] {dag.py:3239} INFO - Sync 1 DAGs
[2026-05-09T14:21:36.462+0000] {logging_mixin.py:190} INFO - [2026-05-09T14:21:36.462+0000] {dag.py:4180} INFO - Setting next_dagrun for mediapulse360_pipeline to 2026-05-09 14:00:00+00:00, run_after=2026-05-09 15:00:00+00:00
[2026-05-09T14:21:36.482+0000] {processor.py:208} INFO - Processing /opt/airflow/dags/mediapulse360_pipeline.py took 0.112 seconds
[2026-05-09T14:22:06.671+0000] {processor.py:186} INFO - Started process (PID=1459) to work on /opt/airflow/dags/mediapulse360_pipeline.py
[2026-05-09T14:22:06.673+0000] {processor.py:914} INFO - Processing file /opt/airflow/dags/mediapulse360_pipeline.py for tasks to queue
[2026-05-09T14:22:06.676+0000] {logging_mixin.py:190} INFO - [2026-05-09T14:22:06.676+0000] {dagbag.py:588} INFO - Filling up the DagBag from /opt/airflow/dags/mediapulse360_pipeline.py
[2026-05-09T14:22:06.697+0000] {processor.py:925} INFO - DAG(s) 'mediapulse360_pipeline' retrieved from /opt/airflow/dags/mediapulse360_pipeline.py
[2026-05-09T14:22:06.746+0000] {logging_mixin.py:190} INFO - [2026-05-09T14:22:06.746+0000] {dag.py:3239} INFO - Sync 1 DAGs
[2026-05-09T14:22:06.779+0000] {logging_mixin.py:190} INFO - [2026-05-09T14:22:06.779+0000] {dag.py:4180} INFO - Setting next_dagrun for mediapulse360_pipeline to 2026-05-09 14:00:00+00:00, run_after=2026-05-09 15:00:00+00:00
[2026-05-09T14:22:06.809+0000] {processor.py:208} INFO - Processing /opt/airflow/dags/mediapulse360_pipeline.py took 0.151 seconds
[2026-05-09T14:22:37.203+0000] {processor.py:186} INFO - Started process (PID=1531) to work on /opt/airflow/dags/mediapulse360_pipeline.py
[2026-05-09T14:22:37.205+0000] {processor.py:914} INFO - Processing file /opt/airflow/dags/mediapulse360_pipeline.py for tasks to queue
[2026-05-09T14:22:37.209+0000] {logging_mixin.py:190} INFO - [2026-05-09T14:22:37.208+0000] {dagbag.py:588} INFO - Filling up the DagBag from /opt/airflow/dags/mediapulse360_pipeline.py
[2026-05-09T14:22:37.232+0000] {processor.py:925} INFO - DAG(s) 'mediapulse360_pipeline' retrieved from /opt/airflow/dags/mediapulse360_pipeline.py
[2026-05-09T14:22:37.269+0000] {logging_mixin.py:190} INFO - [2026-05-09T14:22:37.269+0000] {dag.py:3239} INFO - Sync 1 DAGs
[2026-05-09T14:22:37.298+0000] {logging_mixin.py:190} INFO - [2026-05-09T14:22:37.298+0000] {dag.py:4180} INFO - Setting next_dagrun for mediapulse360_pipeline to 2026-05-09 14:00:00+00:00, run_after=2026-05-09 15:00:00+00:00
[2026-05-09T14:22:37.388+0000] {processor.py:208} INFO - Processing /opt/airflow/dags/mediapulse360_pipeline.py took 0.194 seconds
[2026-05-09T14:23:07.717+0000] {processor.py:186} INFO - Started process (PID=1541) to work on /opt/airflow/dags/mediapulse360_pipeline.py
[2026-05-09T14:23:07.718+0000] {processor.py:914} INFO - Processing file /opt/airflow/dags/mediapulse360_pipeline.py for tasks to queue
[2026-05-09T14:23:07.719+0000] {logging_mixin.py:190} INFO - [2026-05-09T14:23:07.719+0000] {dagbag.py:588} INFO - Filling up the DagBag from /opt/airflow/dags/mediapulse360_pipeline.py
[2026-05-09T14:23:07.736+0000] {processor.py:925} INFO - DAG(s) 'mediapulse360_pipeline' retrieved from /opt/airflow/dags/mediapulse360_pipeline.py
[2026-05-09T14:23:07.769+0000] {logging_mixin.py:190} INFO - [2026-05-09T14:23:07.768+0000] {dag.py:3239} INFO - Sync 1 DAGs
[2026-05-09T14:23:07.792+0000] {logging_mixin.py:190} INFO - [2026-05-09T14:23:07.792+0000] {dag.py:4180} INFO - Setting next_dagrun for mediapulse360_pipeline to 2026-05-09 14:00:00+00:00, run_after=2026-05-09 15:00:00+00:00
[2026-05-09T14:23:07.816+0000] {processor.py:208} INFO - Processing /opt/airflow/dags/mediapulse360_pipeline.py took 0.105 seconds
[2026-05-09T14:23:38.116+0000] {processor.py:186} INFO - Started process (PID=1551) to work on /opt/airflow/dags/mediapulse360_pipeline.py
[2026-05-09T14:23:38.118+0000] {processor.py:914} INFO - Processing file /opt/airflow/dags/mediapulse360_pipeline.py for tasks to queue
[2026-05-09T14:23:38.120+0000] {logging_mixin.py:190} INFO - [2026-05-09T14:23:38.119+0000] {dagbag.py:588} INFO - Filling up the DagBag from /opt/airflow/dags/mediapulse360_pipeline.py
[2026-05-09T14:23:38.140+0000] {processor.py:925} INFO - DAG(s) 'mediapulse360_pipeline' retrieved from /opt/airflow/dags/mediapulse360_pipeline.py
[2026-05-09T14:23:38.173+0000] {logging_mixin.py:190} INFO - [2026-05-09T14:23:38.173+0000] {dag.py:3239} INFO - Sync 1 DAGs
[2026-05-09T14:23:38.194+0000] {logging_mixin.py:190} INFO - [2026-05-09T14:23:38.194+0000] {dag.py:4180} INFO - Setting next_dagrun for mediapulse360_pipeline to 2026-05-09 14:00:00+00:00, run_after=2026-05-09 15:00:00+00:00
[2026-05-09T14:23:38.220+0000] {processor.py:208} INFO - Processing /opt/airflow/dags/mediapulse360_pipeline.py took 0.113 seconds
[2026-05-09T14:24:08.404+0000] {processor.py:186} INFO - Started process (PID=1561) to work on /opt/airflow/dags/mediapulse360_pipeline.py
[2026-05-09T14:24:08.405+0000] {processor.py:914} INFO - Processing file /opt/airflow/dags/mediapulse360_pipeline.py for tasks to queue
[2026-05-09T14:24:08.407+0000] {logging_mixin.py:190} INFO - [2026-05-09T14:24:08.406+0000] {dagbag.py:588} INFO - Filling up the DagBag from /opt/airflow/dags/mediapulse360_pipeline.py
[2026-05-09T14:24:08.426+0000] {processor.py:925} INFO - DAG(s) 'mediapulse360_pipeline' retrieved from /opt/airflow/dags/mediapulse360_pipeline.py
[2026-05-09T14:24:08.459+0000] {logging_mixin.py:190} INFO - [2026-05-09T14:24:08.459+0000] {dag.py:3239} INFO - Sync 1 DAGs
[2026-05-09T14:24:08.483+0000] {logging_mixin.py:190} INFO - [2026-05-09T14:24:08.483+0000] {dag.py:4180} INFO - Setting next_dagrun for mediapulse360_pipeline to 2026-05-09 14:00:00+00:00, run_after=2026-05-09 15:00:00+00:00
[2026-05-09T14:24:08.505+0000] {processor.py:208} INFO - Processing /opt/airflow/dags/mediapulse360_pipeline.py took 0.107 seconds
[2026-05-09T14:24:38.810+0000] {processor.py:186} INFO - Started process (PID=1571) to work on /opt/airflow/dags/mediapulse360_pipeline.py
[2026-05-09T14:24:38.811+0000] {processor.py:914} INFO - Processing file /opt/airflow/dags/mediapulse360_pipeline.py for tasks to queue
[2026-05-09T14:24:38.813+0000] {logging_mixin.py:190} INFO - [2026-05-09T14:24:38.812+0000] {dagbag.py:588} INFO - Filling up the DagBag from /opt/airflow/dags/mediapulse360_pipeline.py
[2026-05-09T14:24:38.826+0000] {processor.py:925} INFO - DAG(s) 'mediapulse360_pipeline' retrieved from /opt/airflow/dags/mediapulse360_pipeline.py
[2026-05-09T14:24:38.851+0000] {logging_mixin.py:190} INFO - [2026-05-09T14:24:38.851+0000] {dag.py:3239} INFO - Sync 1 DAGs
[2026-05-09T14:24:38.870+0000] {logging_mixin.py:190} INFO - [2026-05-09T14:24:38.870+0000] {dag.py:4180} INFO - Setting next_dagrun for mediapulse360_pipeline to 2026-05-09 14:00:00+00:00, run_after=2026-05-09 15:00:00+00:00
[2026-05-09T14:24:38.893+0000] {processor.py:208} INFO - Processing /opt/airflow/dags/mediapulse360_pipeline.py took 0.089 seconds
[2026-05-09T14:25:09.092+0000] {processor.py:186} INFO - Started process (PID=1581) to work on /opt/airflow/dags/mediapulse360_pipeline.py
[2026-05-09T14:25:09.093+0000] {processor.py:914} INFO - Processing file /opt/airflow/dags/mediapulse360_pipeline.py for tasks to queue
[2026-05-09T14:25:09.095+0000] {logging_mixin.py:190} INFO - [2026-05-09T14:25:09.094+0000] {dagbag.py:588} INFO - Filling up the DagBag from /opt/airflow/dags/mediapulse360_pipeline.py
[2026-05-09T14:25:09.111+0000] {processor.py:925} INFO - DAG(s) 'mediapulse360_pipeline' retrieved from /opt/airflow/dags/mediapulse360_pipeline.py
[2026-05-09T14:25:09.154+0000] {logging_mixin.py:190} INFO - [2026-05-09T14:25:09.153+0000] {dag.py:3239} INFO - Sync 1 DAGs
[2026-05-09T14:25:09.195+0000] {logging_mixin.py:190} INFO - [2026-05-09T14:25:09.195+0000] {dag.py:4180} INFO - Setting next_dagrun for mediapulse360_pipeline to 2026-05-09 14:00:00+00:00, run_after=2026-05-09 15:00:00+00:00
[2026-05-09T14:25:09.224+0000] {processor.py:208} INFO - Processing /opt/airflow/dags/mediapulse360_pipeline.py took 0.137 seconds
[2026-05-09T14:25:39.820+0000] {processor.py:186} INFO - Started process (PID=1591) to work on /opt/airflow/dags/mediapulse360_pipeline.py
[2026-05-09T14:25:39.822+0000] {processor.py:914} INFO - Processing file /opt/airflow/dags/mediapulse360_pipeline.py for tasks to queue
[2026-05-09T14:25:39.825+0000] {logging_mixin.py:190} INFO - [2026-05-09T14:25:39.824+0000] {dagbag.py:588} INFO - Filling up the DagBag from /opt/airflow/dags/mediapulse360_pipeline.py
[2026-05-09T14:25:39.851+0000] {processor.py:925} INFO - DAG(s) 'mediapulse360_pipeline' retrieved from /opt/airflow/dags/mediapulse360_pipeline.py
[2026-05-09T14:25:39.894+0000] {logging_mixin.py:190} INFO - [2026-05-09T14:25:39.893+0000] {dag.py:3239} INFO - Sync 1 DAGs
[2026-05-09T14:25:39.923+0000] {logging_mixin.py:190} INFO - [2026-05-09T14:25:39.923+0000] {dag.py:4180} INFO - Setting next_dagrun for mediapulse360_pipeline to 2026-05-09 14:00:00+00:00, run_after=2026-05-09 15:00:00+00:00
[2026-05-09T14:25:39.960+0000] {processor.py:208} INFO - Processing /opt/airflow/dags/mediapulse360_pipeline.py took 0.150 seconds
[2026-05-09T14:26:10.368+0000] {processor.py:186} INFO - Started process (PID=1601) to work on /opt/airflow/dags/mediapulse360_pipeline.py
[2026-05-09T14:26:10.371+0000] {processor.py:914} INFO - Processing file /opt/airflow/dags/mediapulse360_pipeline.py for tasks to queue
[2026-05-09T14:26:10.373+0000] {logging_mixin.py:190} INFO - [2026-05-09T14:26:10.373+0000] {dagbag.py:588} INFO - Filling up the DagBag from /opt/airflow/dags/mediapulse360_pipeline.py
[2026-05-09T14:26:10.398+0000] {processor.py:925} INFO - DAG(s) 'mediapulse360_pipeline' retrieved from /opt/airflow/dags/mediapulse360_pipeline.py
[2026-05-09T14:26:10.442+0000] {logging_mixin.py:190} INFO - [2026-05-09T14:26:10.441+0000] {dag.py:3239} INFO - Sync 1 DAGs
[2026-05-09T14:26:10.472+0000] {logging_mixin.py:190} INFO - [2026-05-09T14:26:10.472+0000] {dag.py:4180} INFO - Setting next_dagrun for mediapulse360_pipeline to 2026-05-09 14:00:00+00:00, run_after=2026-05-09 15:00:00+00:00
[2026-05-09T14:26:10.494+0000] {processor.py:208} INFO - Processing /opt/airflow/dags/mediapulse360_pipeline.py took 0.139 seconds
[2026-05-09T15:07:46.547+0000] {processor.py:186} INFO - Started process (PID=1611) to work on /opt/airflow/dags/mediapulse360_pipeline.py
[2026-05-09T15:07:46.570+0000] {processor.py:914} INFO - Processing file /opt/airflow/dags/mediapulse360_pipeline.py for tasks to queue
[2026-05-09T15:07:46.573+0000] {logging_mixin.py:190} INFO - [2026-05-09T15:07:46.573+0000] {dagbag.py:588} INFO - Filling up the DagBag from /opt/airflow/dags/mediapulse360_pipeline.py
[2026-05-09T15:07:46.631+0000] {processor.py:925} INFO - DAG(s) 'mediapulse360_pipeline' retrieved from /opt/airflow/dags/mediapulse360_pipeline.py
[2026-05-09T15:07:46.728+0000] {logging_mixin.py:190} INFO - [2026-05-09T15:07:46.728+0000] {dag.py:3239} INFO - Sync 1 DAGs
[2026-05-09T15:07:47.701+0000] {logging_mixin.py:190} INFO - [2026-05-09T15:07:47.700+0000] {dag.py:4180} INFO - Setting next_dagrun for mediapulse360_pipeline to 2026-05-09 15:00:00+00:00, run_after=2026-05-09 16:00:00+00:00
[2026-05-09T15:07:47.770+0000] {processor.py:208} INFO - Processing /opt/airflow/dags/mediapulse360_pipeline.py took 1.237 seconds
[2026-05-09T15:08:18.409+0000] {processor.py:186} INFO - Started process (PID=1647) to work on /opt/airflow/dags/mediapulse360_pipeline.py
[2026-05-09T15:08:18.418+0000] {processor.py:914} INFO - Processing file /opt/airflow/dags/mediapulse360_pipeline.py for tasks to queue
[2026-05-09T15:08:18.420+0000] {logging_mixin.py:190} INFO - [2026-05-09T15:08:18.420+0000] {dagbag.py:588} INFO - Filling up the DagBag from /opt/airflow/dags/mediapulse360_pipeline.py
[2026-05-09T15:08:18.439+0000] {processor.py:925} INFO - DAG(s) 'mediapulse360_pipeline' retrieved from /opt/airflow/dags/mediapulse360_pipeline.py
[2026-05-09T15:08:18.466+0000] {logging_mixin.py:190} INFO - [2026-05-09T15:08:18.466+0000] {dag.py:3239} INFO - Sync 1 DAGs
[2026-05-09T15:08:18.486+0000] {logging_mixin.py:190} INFO - [2026-05-09T15:08:18.486+0000] {dag.py:4180} INFO - Setting next_dagrun for mediapulse360_pipeline to 2026-05-09 15:00:00+00:00, run_after=2026-05-09 16:00:00+00:00
[2026-05-09T15:08:18.502+0000] {processor.py:208} INFO - Processing /opt/airflow/dags/mediapulse360_pipeline.py took 0.099 seconds
[2026-05-09T15:08:48.779+0000] {processor.py:186} INFO - Started process (PID=1748) to work on /opt/airflow/dags/mediapulse360_pipeline.py
[2026-05-09T15:08:48.780+0000] {processor.py:914} INFO - Processing file /opt/airflow/dags/mediapulse360_pipeline.py for tasks to queue
[2026-05-09T15:08:48.782+0000] {logging_mixin.py:190} INFO - [2026-05-09T15:08:48.781+0000] {dagbag.py:588} INFO - Filling up the DagBag from /opt/airflow/dags/mediapulse360_pipeline.py
[2026-05-09T15:08:48.797+0000] {processor.py:925} INFO - DAG(s) 'mediapulse360_pipeline' retrieved from /opt/airflow/dags/mediapulse360_pipeline.py
[2026-05-09T15:08:48.824+0000] {logging_mixin.py:190} INFO - [2026-05-09T15:08:48.824+0000] {dag.py:3239} INFO - Sync 1 DAGs
[2026-05-09T15:08:48.844+0000] {logging_mixin.py:190} INFO - [2026-05-09T15:08:48.844+0000] {dag.py:4180} INFO - Setting next_dagrun for mediapulse360_pipeline to 2026-05-09 15:00:00+00:00, run_after=2026-05-09 16:00:00+00:00
[2026-05-09T15:08:48.952+0000] {processor.py:208} INFO - Processing /opt/airflow/dags/mediapulse360_pipeline.py took 0.178 seconds
[2026-05-09T15:09:19.293+0000] {processor.py:186} INFO - Started process (PID=1758) to work on /opt/airflow/dags/mediapulse360_pipeline.py
[2026-05-09T15:09:19.295+0000] {processor.py:914} INFO - Processing file /opt/airflow/dags/mediapulse360_pipeline.py for tasks to queue
[2026-05-09T15:09:19.296+0000] {logging_mixin.py:190} INFO - [2026-05-09T15:09:19.296+0000] {dagbag.py:588} INFO - Filling up the DagBag from /opt/airflow/dags/mediapulse360_pipeline.py
[2026-05-09T15:09:19.314+0000] {processor.py:925} INFO - DAG(s) 'mediapulse360_pipeline' retrieved from /opt/airflow/dags/mediapulse360_pipeline.py
[2026-05-09T15:09:19.340+0000] {logging_mixin.py:190} INFO - [2026-05-09T15:09:19.340+0000] {dag.py:3239} INFO - Sync 1 DAGs
[2026-05-09T15:09:19.359+0000] {logging_mixin.py:190} INFO - [2026-05-09T15:09:19.359+0000] {dag.py:4180} INFO - Setting next_dagrun for mediapulse360_pipeline to 2026-05-09 15:00:00+00:00, run_after=2026-05-09 16:00:00+00:00
[2026-05-09T15:09:19.383+0000] {processor.py:208} INFO - Processing /opt/airflow/dags/mediapulse360_pipeline.py took 0.095 seconds
[2026-05-09T15:09:49.745+0000] {processor.py:186} INFO - Started process (PID=1768) to work on /opt/airflow/dags/mediapulse360_pipeline.py
[2026-05-09T15:09:49.746+0000] {processor.py:914} INFO - Processing file /opt/airflow/dags/mediapulse360_pipeline.py for tasks to queue
[2026-05-09T15:09:49.748+0000] {logging_mixin.py:190} INFO - [2026-05-09T15:09:49.747+0000] {dagbag.py:588} INFO - Filling up the DagBag from /opt/airflow/dags/mediapulse360_pipeline.py
[2026-05-09T15:09:49.766+0000] {processor.py:925} INFO - DAG(s) 'mediapulse360_pipeline' retrieved from /opt/airflow/dags/mediapulse360_pipeline.py
[2026-05-09T15:09:49.801+0000] {logging_mixin.py:190} INFO - [2026-05-09T15:09:49.801+0000] {dag.py:3239} INFO - Sync 1 DAGs
[2026-05-09T15:09:49.833+0000] {logging_mixin.py:190} INFO - [2026-05-09T15:09:49.833+0000] {dag.py:4180} INFO - Setting next_dagrun for mediapulse360_pipeline to 2026-05-09 15:00:00+00:00, run_after=2026-05-09 16:00:00+00:00
[2026-05-09T15:09:49.859+0000] {processor.py:208} INFO - Processing /opt/airflow/dags/mediapulse360_pipeline.py took 0.122 seconds
[2026-05-09T15:10:20.221+0000] {processor.py:186} INFO - Started process (PID=1778) to work on /opt/airflow/dags/mediapulse360_pipeline.py
[2026-05-09T15:10:20.222+0000] {processor.py:914} INFO - Processing file /opt/airflow/dags/mediapulse360_pipeline.py for tasks to queue
[2026-05-09T15:10:20.225+0000] {logging_mixin.py:190} INFO - [2026-05-09T15:10:20.224+0000] {dagbag.py:588} INFO - Filling up the DagBag from /opt/airflow/dags/mediapulse360_pipeline.py
[2026-05-09T15:10:20.241+0000] {processor.py:925} INFO - DAG(s) 'mediapulse360_pipeline' retrieved from /opt/airflow/dags/mediapulse360_pipeline.py
[2026-05-09T15:10:20.270+0000] {logging_mixin.py:190} INFO - [2026-05-09T15:10:20.270+0000] {dag.py:3239} INFO - Sync 1 DAGs
[2026-05-09T15:10:20.297+0000] {logging_mixin.py:190} INFO - [2026-05-09T15:10:20.296+0000] {dag.py:4180} INFO - Setting next_dagrun for mediapulse360_pipeline to 2026-05-09 15:00:00+00:00, run_after=2026-05-09 16:00:00+00:00
[2026-05-09T15:10:20.321+0000] {processor.py:208} INFO - Processing /opt/airflow/dags/mediapulse360_pipeline.py took 0.106 seconds
[2026-05-09T15:10:50.640+0000] {processor.py:186} INFO - Started process (PID=1788) to work on /opt/airflow/dags/mediapulse360_pipeline.py
[2026-05-09T15:10:50.641+0000] {processor.py:914} INFO - Processing file /opt/airflow/dags/mediapulse360_pipeline.py for tasks to queue
[2026-05-09T15:10:50.643+0000] {logging_mixin.py:190} INFO - [2026-05-09T15:10:50.643+0000] {dagbag.py:588} INFO - Filling up the DagBag from /opt/airflow/dags/mediapulse360_pipeline.py
[2026-05-09T15:10:50.658+0000] {processor.py:925} INFO - DAG(s) 'mediapulse360_pipeline' retrieved from /opt/airflow/dags/mediapulse360_pipeline.py
[2026-05-09T15:10:50.684+0000] {logging_mixin.py:190} INFO - [2026-05-09T15:10:50.684+0000] {dag.py:3239} INFO - Sync 1 DAGs
[2026-05-09T15:10:50.703+0000] {logging_mixin.py:190} INFO - [2026-05-09T15:10:50.703+0000] {dag.py:4180} INFO - Setting next_dagrun for mediapulse360_pipeline to 2026-05-09 15:00:00+00:00, run_after=2026-05-09 16:00:00+00:00
[2026-05-09T15:10:50.722+0000] {processor.py:208} INFO - Processing /opt/airflow/dags/mediapulse360_pipeline.py took 0.088 seconds
[2026-05-09T15:11:21.102+0000] {processor.py:186} INFO - Started process (PID=1798) to work on /opt/airflow/dags/mediapulse360_pipeline.py
[2026-05-09T15:11:21.103+0000] {processor.py:914} INFO - Processing file /opt/airflow/dags/mediapulse360_pipeline.py for tasks to queue
[2026-05-09T15:11:21.104+0000] {logging_mixin.py:190} INFO - [2026-05-09T15:11:21.104+0000] {dagbag.py:588} INFO - Filling up the DagBag from /opt/airflow/dags/mediapulse360_pipeline.py
[2026-05-09T15:11:21.118+0000] {processor.py:925} INFO - DAG(s) 'mediapulse360_pipeline' retrieved from /opt/airflow/dags/mediapulse360_pipeline.py
[2026-05-09T15:11:21.142+0000] {logging_mixin.py:190} INFO - [2026-05-09T15:11:21.141+0000] {dag.py:3239} INFO - Sync 1 DAGs
[2026-05-09T15:11:21.159+0000] {logging_mixin.py:190} INFO - [2026-05-09T15:11:21.159+0000] {dag.py:4180} INFO - Setting next_dagrun for mediapulse360_pipeline to 2026-05-09 15:00:00+00:00, run_after=2026-05-09 16:00:00+00:00
[2026-05-09T15:11:21.179+0000] {processor.py:208} INFO - Processing /opt/airflow/dags/mediapulse360_pipeline.py took 0.083 seconds
[2026-05-09T15:11:51.566+0000] {processor.py:186} INFO - Started process (PID=1808) to work on /opt/airflow/dags/mediapulse360_pipeline.py
[2026-05-09T15:11:51.567+0000] {processor.py:914} INFO - Processing file /opt/airflow/dags/mediapulse360_pipeline.py for tasks to queue
[2026-05-09T15:11:51.568+0000] {logging_mixin.py:190} INFO - [2026-05-09T15:11:51.568+0000] {dagbag.py:588} INFO - Filling up the DagBag from /opt/airflow/dags/mediapulse360_pipeline.py
[2026-05-09T15:11:51.581+0000] {processor.py:925} INFO - DAG(s) 'mediapulse360_pipeline' retrieved from /opt/airflow/dags/mediapulse360_pipeline.py
[2026-05-09T15:11:51.605+0000] {logging_mixin.py:190} INFO - [2026-05-09T15:11:51.605+0000] {dag.py:3239} INFO - Sync 1 DAGs
[2026-05-09T15:11:51.625+0000] {logging_mixin.py:190} INFO - [2026-05-09T15:11:51.625+0000] {dag.py:4180} INFO - Setting next_dagrun for mediapulse360_pipeline to 2026-05-09 15:00:00+00:00, run_after=2026-05-09 16:00:00+00:00
[2026-05-09T15:11:51.643+0000] {processor.py:208} INFO - Processing /opt/airflow/dags/mediapulse360_pipeline.py took 0.083 seconds
[2026-05-09T15:12:21.987+0000] {processor.py:186} INFO - Started process (PID=1818) to work on /opt/airflow/dags/mediapulse360_pipeline.py
[2026-05-09T15:12:21.988+0000] {processor.py:914} INFO - Processing file /opt/airflow/dags/mediapulse360_pipeline.py for tasks to queue
[2026-05-09T15:12:21.989+0000] {logging_mixin.py:190} INFO - [2026-05-09T15:12:21.989+0000] {dagbag.py:588} INFO - Filling up the DagBag from /opt/airflow/dags/mediapulse360_pipeline.py
[2026-05-09T15:12:22.006+0000] {processor.py:925} INFO - DAG(s) 'mediapulse360_pipeline' retrieved from /opt/airflow/dags/mediapulse360_pipeline.py
[2026-05-09T15:12:22.037+0000] {logging_mixin.py:190} INFO - [2026-05-09T15:12:22.037+0000] {dag.py:3239} INFO - Sync 1 DAGs
[2026-05-09T15:12:22.060+0000] {logging_mixin.py:190} INFO - [2026-05-09T15:12:22.060+0000] {dag.py:4180} INFO - Setting next_dagrun for mediapulse360_pipeline to 2026-05-09 15:00:00+00:00, run_after=2026-05-09 16:00:00+00:00
[2026-05-09T15:12:22.086+0000] {processor.py:208} INFO - Processing /opt/airflow/dags/mediapulse360_pipeline.py took 0.106 seconds
[2026-05-09T15:12:52.482+0000] {processor.py:186} INFO - Started process (PID=1828) to work on /opt/airflow/dags/mediapulse360_pipeline.py
[2026-05-09T15:12:52.484+0000] {processor.py:914} INFO - Processing file /opt/airflow/dags/mediapulse360_pipeline.py for tasks to queue
[2026-05-09T15:12:52.486+0000] {logging_mixin.py:190} INFO - [2026-05-09T15:12:52.485+0000] {dagbag.py:588} INFO - Filling up the DagBag from /opt/airflow/dags/mediapulse360_pipeline.py
[2026-05-09T15:12:52.504+0000] {processor.py:925} INFO - DAG(s) 'mediapulse360_pipeline' retrieved from /opt/airflow/dags/mediapulse360_pipeline.py
[2026-05-09T15:12:52.537+0000] {logging_mixin.py:190} INFO - [2026-05-09T15:12:52.536+0000] {dag.py:3239} INFO - Sync 1 DAGs
[2026-05-09T15:12:52.560+0000] {logging_mixin.py:190} INFO - [2026-05-09T15:12:52.560+0000] {dag.py:4180} INFO - Setting next_dagrun for mediapulse360_pipeline to 2026-05-09 15:00:00+00:00, run_after=2026-05-09 16:00:00+00:00
[2026-05-09T15:12:52.577+0000] {processor.py:208} INFO - Processing /opt/airflow/dags/mediapulse360_pipeline.py took 0.102 seconds
[2026-05-09T15:13:22.847+0000] {processor.py:186} INFO - Started process (PID=1838) to work on /opt/airflow/dags/mediapulse360_pipeline.py
[2026-05-09T15:13:22.849+0000] {processor.py:914} INFO - Processing file /opt/airflow/dags/mediapulse360_pipeline.py for tasks to queue
[2026-05-09T15:13:22.850+0000] {logging_mixin.py:190} INFO - [2026-05-09T15:13:22.850+0000] {dagbag.py:588} INFO - Filling up the DagBag from /opt/airflow/dags/mediapulse360_pipeline.py
[2026-05-09T15:13:22.956+0000] {processor.py:925} INFO - DAG(s) 'mediapulse360_pipeline' retrieved from /opt/airflow/dags/mediapulse360_pipeline.py
[2026-05-09T15:13:23.007+0000] {logging_mixin.py:190} INFO - [2026-05-09T15:13:23.007+0000] {dag.py:3239} INFO - Sync 1 DAGs
[2026-05-09T15:13:23.029+0000] {logging_mixin.py:190} INFO - [2026-05-09T15:13:23.029+0000] {dag.py:4180} INFO - Setting next_dagrun for mediapulse360_pipeline to 2026-05-09 15:00:00+00:00, run_after=2026-05-09 16:00:00+00:00
[2026-05-09T15:13:23.049+0000] {processor.py:208} INFO - Processing /opt/airflow/dags/mediapulse360_pipeline.py took 0.210 seconds
[2026-05-09T15:13:53.306+0000] {processor.py:186} INFO - Started process (PID=1848) to work on /opt/airflow/dags/mediapulse360_pipeline.py
[2026-05-09T15:13:53.308+0000] {processor.py:914} INFO - Processing file /opt/airflow/dags/mediapulse360_pipeline.py for tasks to queue
[2026-05-09T15:13:53.309+0000] {logging_mixin.py:190} INFO - [2026-05-09T15:13:53.308+0000] {dagbag.py:588} INFO - Filling up the DagBag from /opt/airflow/dags/mediapulse360_pipeline.py
[2026-05-09T15:13:53.324+0000] {processor.py:925} INFO - DAG(s) 'mediapulse360_pipeline' retrieved from /opt/airflow/dags/mediapulse360_pipeline.py
[2026-05-09T15:13:53.351+0000] {logging_mixin.py:190} INFO - [2026-05-09T15:13:53.351+0000] {dag.py:3239} INFO - Sync 1 DAGs
[2026-05-09T15:13:53.371+0000] {logging_mixin.py:190} INFO - [2026-05-09T15:13:53.371+0000] {dag.py:4180} INFO - Setting next_dagrun for mediapulse360_pipeline to 2026-05-09 15:00:00+00:00, run_after=2026-05-09 16:00:00+00:00
[2026-05-09T15:13:53.388+0000] {processor.py:208} INFO - Processing /opt/airflow/dags/mediapulse360_pipeline.py took 0.087 seconds
[2026-05-09T15:14:23.649+0000] {processor.py:186} INFO - Started process (PID=1858) to work on /opt/airflow/dags/mediapulse360_pipeline.py
[2026-05-09T15:14:23.650+0000] {processor.py:914} INFO - Processing file /opt/airflow/dags/mediapulse360_pipeline.py for tasks to queue
[2026-05-09T15:14:23.651+0000] {logging_mixin.py:190} INFO - [2026-05-09T15:14:23.651+0000] {dagbag.py:588} INFO - Filling up the DagBag from /opt/airflow/dags/mediapulse360_pipeline.py
[2026-05-09T15:14:23.665+0000] {processor.py:925} INFO - DAG(s) 'mediapulse360_pipeline' retrieved from /opt/airflow/dags/mediapulse360_pipeline.py
[2026-05-09T15:14:23.691+0000] {logging_mixin.py:190} INFO - [2026-05-09T15:14:23.690+0000] {dag.py:3239} INFO - Sync 1 DAGs
[2026-05-09T15:14:23.710+0000] {logging_mixin.py:190} INFO - [2026-05-09T15:14:23.709+0000] {dag.py:4180} INFO - Setting next_dagrun for mediapulse360_pipeline to 2026-05-09 15:00:00+00:00, run_after=2026-05-09 16:00:00+00:00
[2026-05-09T15:14:23.727+0000] {processor.py:208} INFO - Processing /opt/airflow/dags/mediapulse360_pipeline.py took 0.084 seconds
[2026-05-09T15:14:54.053+0000] {processor.py:186} INFO - Started process (PID=1868) to work on /opt/airflow/dags/mediapulse360_pipeline.py
[2026-05-09T15:14:54.055+0000] {processor.py:914} INFO - Processing file /opt/airflow/dags/mediapulse360_pipeline.py for tasks to queue
[2026-05-09T15:14:54.057+0000] {logging_mixin.py:190} INFO - [2026-05-09T15:14:54.056+0000] {dagbag.py:588} INFO - Filling up the DagBag from /opt/airflow/dags/mediapulse360_pipeline.py
[2026-05-09T15:14:54.074+0000] {processor.py:925} INFO - DAG(s) 'mediapulse360_pipeline' retrieved from /opt/airflow/dags/mediapulse360_pipeline.py
[2026-05-09T15:14:54.108+0000] {logging_mixin.py:190} INFO - [2026-05-09T15:14:54.108+0000] {dag.py:3239} INFO - Sync 1 DAGs
[2026-05-09T15:14:54.130+0000] {logging_mixin.py:190} INFO - [2026-05-09T15:14:54.130+0000] {dag.py:4180} INFO - Setting next_dagrun for mediapulse360_pipeline to 2026-05-09 15:00:00+00:00, run_after=2026-05-09 16:00:00+00:00
[2026-05-09T15:14:54.151+0000] {processor.py:208} INFO - Processing /opt/airflow/dags/mediapulse360_pipeline.py took 0.106 seconds
[2026-05-09T15:15:24.533+0000] {processor.py:186} INFO - Started process (PID=1878) to work on /opt/airflow/dags/mediapulse360_pipeline.py
[2026-05-09T15:15:24.534+0000] {processor.py:914} INFO - Processing file /opt/airflow/dags/mediapulse360_pipeline.py for tasks to queue
[2026-05-09T15:15:24.535+0000] {logging_mixin.py:190} INFO - [2026-05-09T15:15:24.535+0000] {dagbag.py:588} INFO - Filling up the DagBag from /opt/airflow/dags/mediapulse360_pipeline.py
[2026-05-09T15:15:24.547+0000] {processor.py:925} INFO - DAG(s) 'mediapulse360_pipeline' retrieved from /opt/airflow/dags/mediapulse360_pipeline.py
[2026-05-09T15:15:24.569+0000] {logging_mixin.py:190} INFO - [2026-05-09T15:15:24.569+0000] {dag.py:3239} INFO - Sync 1 DAGs
[2026-05-09T15:15:24.589+0000] {logging_mixin.py:190} INFO - [2026-05-09T15:15:24.589+0000] {dag.py:4180} INFO - Setting next_dagrun for mediapulse360_pipeline to 2026-05-09 15:00:00+00:00, run_after=2026-05-09 16:00:00+00:00
[2026-05-09T15:15:24.608+0000] {processor.py:208} INFO - Processing /opt/airflow/dags/mediapulse360_pipeline.py took 0.081 seconds
[2026-05-09T15:15:54.975+0000] {processor.py:186} INFO - Started process (PID=1888) to work on /opt/airflow/dags/mediapulse360_pipeline.py
[2026-05-09T15:15:54.976+0000] {processor.py:914} INFO - Processing file /opt/airflow/dags/mediapulse360_pipeline.py for tasks to queue
[2026-05-09T15:15:54.977+0000] {logging_mixin.py:190} INFO - [2026-05-09T15:15:54.977+0000] {dagbag.py:588} INFO - Filling up the DagBag from /opt/airflow/dags/mediapulse360_pipeline.py
[2026-05-09T15:15:54.992+0000] {processor.py:925} INFO - DAG(s) 'mediapulse360_pipeline' retrieved from /opt/airflow/dags/mediapulse360_pipeline.py
[2026-05-09T15:15:55.017+0000] {logging_mixin.py:190} INFO - [2026-05-09T15:15:55.017+0000] {dag.py:3239} INFO - Sync 1 DAGs
[2026-05-09T15:15:55.035+0000] {logging_mixin.py:190} INFO - [2026-05-09T15:15:55.034+0000] {dag.py:4180} INFO - Setting next_dagrun for mediapulse360_pipeline to 2026-05-09 15:00:00+00:00, run_after=2026-05-09 16:00:00+00:00
[2026-05-09T15:15:55.054+0000] {processor.py:208} INFO - Processing /opt/airflow/dags/mediapulse360_pipeline.py took 0.086 seconds
[2026-05-09T15:16:25.394+0000] {processor.py:186} INFO - Started process (PID=1898) to work on /opt/airflow/dags/mediapulse360_pipeline.py
[2026-05-09T15:16:25.395+0000] {processor.py:914} INFO - Processing file /opt/airflow/dags/mediapulse360_pipeline.py for tasks to queue
[2026-05-09T15:16:25.397+0000] {logging_mixin.py:190} INFO - [2026-05-09T15:16:25.396+0000] {dagbag.py:588} INFO - Filling up the DagBag from /opt/airflow/dags/mediapulse360_pipeline.py
[2026-05-09T15:16:25.412+0000] {processor.py:925} INFO - DAG(s) 'mediapulse360_pipeline' retrieved from /opt/airflow/dags/mediapulse360_pipeline.py
[2026-05-09T15:16:25.436+0000] {logging_mixin.py:190} INFO - [2026-05-09T15:16:25.436+0000] {dag.py:3239} INFO - Sync 1 DAGs
[2026-05-09T15:16:25.456+0000] {logging_mixin.py:190} INFO - [2026-05-09T15:16:25.456+0000] {dag.py:4180} INFO - Setting next_dagrun for mediapulse360_pipeline to 2026-05-09 15:00:00+00:00, run_after=2026-05-09 16:00:00+00:00
[2026-05-09T15:16:25.478+0000] {processor.py:208} INFO - Processing /opt/airflow/dags/mediapulse360_pipeline.py took 0.091 seconds
[2026-05-09T15:16:55.812+0000] {processor.py:186} INFO - Started process (PID=1908) to work on /opt/airflow/dags/mediapulse360_pipeline.py
[2026-05-09T15:16:55.814+0000] {processor.py:914} INFO - Processing file /opt/airflow/dags/mediapulse360_pipeline.py for tasks to queue
[2026-05-09T15:16:55.816+0000] {logging_mixin.py:190} INFO - [2026-05-09T15:16:55.815+0000] {dagbag.py:588} INFO - Filling up the DagBag from /opt/airflow/dags/mediapulse360_pipeline.py
[2026-05-09T15:16:55.833+0000] {processor.py:925} INFO - DAG(s) 'mediapulse360_pipeline' retrieved from /opt/airflow/dags/mediapulse360_pipeline.py
[2026-05-09T15:16:55.863+0000] {logging_mixin.py:190} INFO - [2026-05-09T15:16:55.863+0000] {dag.py:3239} INFO - Sync 1 DAGs
[2026-05-09T15:16:55.887+0000] {logging_mixin.py:190} INFO - [2026-05-09T15:16:55.887+0000] {dag.py:4180} INFO - Setting next_dagrun for mediapulse360_pipeline to 2026-05-09 15:00:00+00:00, run_after=2026-05-09 16:00:00+00:00
[2026-05-09T15:16:55.909+0000] {processor.py:208} INFO - Processing /opt/airflow/dags/mediapulse360_pipeline.py took 0.104 seconds
[2026-05-09T15:17:26.307+0000] {processor.py:186} INFO - Started process (PID=1918) to work on /opt/airflow/dags/mediapulse360_pipeline.py
[2026-05-09T15:17:26.308+0000] {processor.py:914} INFO - Processing file /opt/airflow/dags/mediapulse360_pipeline.py for tasks to queue
[2026-05-09T15:17:26.310+0000] {logging_mixin.py:190} INFO - [2026-05-09T15:17:26.309+0000] {dagbag.py:588} INFO - Filling up the DagBag from /opt/airflow/dags/mediapulse360_pipeline.py
[2026-05-09T15:17:26.324+0000] {processor.py:925} INFO - DAG(s) 'mediapulse360_pipeline' retrieved from /opt/airflow/dags/mediapulse360_pipeline.py
[2026-05-09T15:17:26.347+0000] {logging_mixin.py:190} INFO - [2026-05-09T15:17:26.347+0000] {dag.py:3239} INFO - Sync 1 DAGs
[2026-05-09T15:17:26.365+0000] {logging_mixin.py:190} INFO - [2026-05-09T15:17:26.365+0000] {dag.py:4180} INFO - Setting next_dagrun for mediapulse360_pipeline to 2026-05-09 15:00:00+00:00, run_after=2026-05-09 16:00:00+00:00
[2026-05-09T15:17:26.395+0000] {processor.py:208} INFO - Processing /opt/airflow/dags/mediapulse360_pipeline.py took 0.094 seconds
[2026-05-09T15:17:56.795+0000] {processor.py:186} INFO - Started process (PID=1928) to work on /opt/airflow/dags/mediapulse360_pipeline.py
[2026-05-09T15:17:56.796+0000] {processor.py:914} INFO - Processing file /opt/airflow/dags/mediapulse360_pipeline.py for tasks to queue
[2026-05-09T15:17:56.798+0000] {logging_mixin.py:190} INFO - [2026-05-09T15:17:56.797+0000] {dagbag.py:588} INFO - Filling up the DagBag from /opt/airflow/dags/mediapulse360_pipeline.py
[2026-05-09T15:17:56.812+0000] {processor.py:925} INFO - DAG(s) 'mediapulse360_pipeline' retrieved from /opt/airflow/dags/mediapulse360_pipeline.py
[2026-05-09T15:17:56.835+0000] {logging_mixin.py:190} INFO - [2026-05-09T15:17:56.835+0000] {dag.py:3239} INFO - Sync 1 DAGs
[2026-05-09T15:17:56.853+0000] {logging_mixin.py:190} INFO - [2026-05-09T15:17:56.853+0000] {dag.py:4180} INFO - Setting next_dagrun for mediapulse360_pipeline to 2026-05-09 15:00:00+00:00, run_after=2026-05-09 16:00:00+00:00
[2026-05-09T15:17:56.873+0000] {processor.py:208} INFO - Processing /opt/airflow/dags/mediapulse360_pipeline.py took 0.084 seconds
[2026-05-09T15:18:27.147+0000] {processor.py:186} INFO - Started process (PID=1938) to work on /opt/airflow/dags/mediapulse360_pipeline.py
[2026-05-09T15:18:27.149+0000] {processor.py:914} INFO - Processing file /opt/airflow/dags/mediapulse360_pipeline.py for tasks to queue
[2026-05-09T15:18:27.150+0000] {logging_mixin.py:190} INFO - [2026-05-09T15:18:27.150+0000] {dagbag.py:588} INFO - Filling up the DagBag from /opt/airflow/dags/mediapulse360_pipeline.py
[2026-05-09T15:18:27.174+0000] {processor.py:925} INFO - DAG(s) 'mediapulse360_pipeline' retrieved from /opt/airflow/dags/mediapulse360_pipeline.py
[2026-05-09T15:18:27.206+0000] {logging_mixin.py:190} INFO - [2026-05-09T15:18:27.205+0000] {dag.py:3239} INFO - Sync 1 DAGs
[2026-05-09T15:18:27.231+0000] {logging_mixin.py:190} INFO - [2026-05-09T15:18:27.231+0000] {dag.py:4180} INFO - Setting next_dagrun for mediapulse360_pipeline to 2026-05-09 15:00:00+00:00, run_after=2026-05-09 16:00:00+00:00
[2026-05-09T15:18:27.254+0000] {processor.py:208} INFO - Processing /opt/airflow/dags/mediapulse360_pipeline.py took 0.114 seconds
[2026-05-09T15:18:57.415+0000] {processor.py:186} INFO - Started process (PID=1943) to work on /opt/airflow/dags/mediapulse360_pipeline.py
[2026-05-09T15:18:57.417+0000] {processor.py:914} INFO - Processing file /opt/airflow/dags/mediapulse360_pipeline.py for tasks to queue
[2026-05-09T15:18:57.418+0000] {logging_mixin.py:190} INFO - [2026-05-09T15:18:57.418+0000] {dagbag.py:588} INFO - Filling up the DagBag from /opt/airflow/dags/mediapulse360_pipeline.py
[2026-05-09T15:18:57.437+0000] {processor.py:925} INFO - DAG(s) 'mediapulse360_pipeline' retrieved from /opt/airflow/dags/mediapulse360_pipeline.py
[2026-05-09T15:18:57.464+0000] {logging_mixin.py:190} INFO - [2026-05-09T15:18:57.464+0000] {dag.py:3239} INFO - Sync 1 DAGs
[2026-05-09T15:18:57.498+0000] {logging_mixin.py:190} INFO - [2026-05-09T15:18:57.498+0000] {dag.py:4180} INFO - Setting next_dagrun for mediapulse360_pipeline to 2026-05-09 15:00:00+00:00, run_after=2026-05-09 16:00:00+00:00
[2026-05-09T15:18:57.595+0000] {processor.py:208} INFO - Processing /opt/airflow/dags/mediapulse360_pipeline.py took 0.188 seconds
[2026-05-09T15:19:27.970+0000] {processor.py:186} INFO - Started process (PID=1953) to work on /opt/airflow/dags/mediapulse360_pipeline.py
[2026-05-09T15:19:27.971+0000] {processor.py:914} INFO - Processing file /opt/airflow/dags/mediapulse360_pipeline.py for tasks to queue
[2026-05-09T15:19:27.973+0000] {logging_mixin.py:190} INFO - [2026-05-09T15:19:27.972+0000] {dagbag.py:588} INFO - Filling up the DagBag from /opt/airflow/dags/mediapulse360_pipeline.py
[2026-05-09T15:19:27.990+0000] {processor.py:925} INFO - DAG(s) 'mediapulse360_pipeline' retrieved from /opt/airflow/dags/mediapulse360_pipeline.py
[2026-05-09T15:19:28.022+0000] {logging_mixin.py:190} INFO - [2026-05-09T15:19:28.022+0000] {dag.py:3239} INFO - Sync 1 DAGs
[2026-05-09T15:19:28.047+0000] {logging_mixin.py:190} INFO - [2026-05-09T15:19:28.047+0000] {dag.py:4180} INFO - Setting next_dagrun for mediapulse360_pipeline to 2026-05-09 15:00:00+00:00, run_after=2026-05-09 16:00:00+00:00
[2026-05-09T15:19:28.067+0000] {processor.py:208} INFO - Processing /opt/airflow/dags/mediapulse360_pipeline.py took 0.107 seconds
[2026-05-09T15:19:58.294+0000] {processor.py:186} INFO - Started process (PID=1963) to work on /opt/airflow/dags/mediapulse360_pipeline.py
[2026-05-09T15:19:58.295+0000] {processor.py:914} INFO - Processing file /opt/airflow/dags/mediapulse360_pipeline.py for tasks to queue
[2026-05-09T15:19:58.296+0000] {logging_mixin.py:190} INFO - [2026-05-09T15:19:58.296+0000] {dagbag.py:588} INFO - Filling up the DagBag from /opt/airflow/dags/mediapulse360_pipeline.py
[2026-05-09T15:19:58.311+0000] {processor.py:925} INFO - DAG(s) 'mediapulse360_pipeline' retrieved from /opt/airflow/dags/mediapulse360_pipeline.py
[2026-05-09T15:19:58.338+0000] {logging_mixin.py:190} INFO - [2026-05-09T15:19:58.338+0000] {dag.py:3239} INFO - Sync 1 DAGs
[2026-05-09T15:19:58.360+0000] {logging_mixin.py:190} INFO - [2026-05-09T15:19:58.360+0000] {dag.py:4180} INFO - Setting next_dagrun for mediapulse360_pipeline to 2026-05-09 15:00:00+00:00, run_after=2026-05-09 16:00:00+00:00
[2026-05-09T15:19:58.392+0000] {processor.py:208} INFO - Processing /opt/airflow/dags/mediapulse360_pipeline.py took 0.105 seconds
[2026-05-09T15:20:28.774+0000] {processor.py:186} INFO - Started process (PID=1973) to work on /opt/airflow/dags/mediapulse360_pipeline.py
[2026-05-09T15:20:28.775+0000] {processor.py:914} INFO - Processing file /opt/airflow/dags/mediapulse360_pipeline.py for tasks to queue
[2026-05-09T15:20:28.776+0000] {logging_mixin.py:190} INFO - [2026-05-09T15:20:28.776+0000] {dagbag.py:588} INFO - Filling up the DagBag from /opt/airflow/dags/mediapulse360_pipeline.py
[2026-05-09T15:20:28.797+0000] {processor.py:925} INFO - DAG(s) 'mediapulse360_pipeline' retrieved from /opt/airflow/dags/mediapulse360_pipeline.py
[2026-05-09T15:20:28.822+0000] {logging_mixin.py:190} INFO - [2026-05-09T15:20:28.822+0000] {dag.py:3239} INFO - Sync 1 DAGs
[2026-05-09T15:20:28.841+0000] {logging_mixin.py:190} INFO - [2026-05-09T15:20:28.841+0000] {dag.py:4180} INFO - Setting next_dagrun for mediapulse360_pipeline to 2026-05-09 15:00:00+00:00, run_after=2026-05-09 16:00:00+00:00
[2026-05-09T15:20:28.867+0000] {processor.py:208} INFO - Processing /opt/airflow/dags/mediapulse360_pipeline.py took 0.100 seconds
[2026-05-09T15:20:59.294+0000] {processor.py:186} INFO - Started process (PID=1983) to work on /opt/airflow/dags/mediapulse360_pipeline.py
[2026-05-09T15:20:59.295+0000] {processor.py:914} INFO - Processing file /opt/airflow/dags/mediapulse360_pipeline.py for tasks to queue
[2026-05-09T15:20:59.297+0000] {logging_mixin.py:190} INFO - [2026-05-09T15:20:59.296+0000] {dagbag.py:588} INFO - Filling up the DagBag from /opt/airflow/dags/mediapulse360_pipeline.py
[2026-05-09T15:20:59.320+0000] {processor.py:925} INFO - DAG(s) 'mediapulse360_pipeline' retrieved from /opt/airflow/dags/mediapulse360_pipeline.py
[2026-05-09T15:20:59.347+0000] {logging_mixin.py:190} INFO - [2026-05-09T15:20:59.347+0000] {dag.py:3239} INFO - Sync 1 DAGs
[2026-05-09T15:20:59.368+0000] {logging_mixin.py:190} INFO - [2026-05-09T15:20:59.368+0000] {dag.py:4180} INFO - Setting next_dagrun for mediapulse360_pipeline to 2026-05-09 15:00:00+00:00, run_after=2026-05-09 16:00:00+00:00
[2026-05-09T15:20:59.390+0000] {processor.py:208} INFO - Processing /opt/airflow/dags/mediapulse360_pipeline.py took 0.102 seconds
[2026-05-09T15:21:29.631+0000] {processor.py:186} INFO - Started process (PID=1993) to work on /opt/airflow/dags/mediapulse360_pipeline.py
[2026-05-09T15:21:29.632+0000] {processor.py:914} INFO - Processing file /opt/airflow/dags/mediapulse360_pipeline.py for tasks to queue
[2026-05-09T15:21:29.634+0000] {logging_mixin.py:190} INFO - [2026-05-09T15:21:29.633+0000] {dagbag.py:588} INFO - Filling up the DagBag from /opt/airflow/dags/mediapulse360_pipeline.py
[2026-05-09T15:21:29.652+0000] {processor.py:925} INFO - DAG(s) 'mediapulse360_pipeline' retrieved from /opt/airflow/dags/mediapulse360_pipeline.py
[2026-05-09T15:21:29.682+0000] {logging_mixin.py:190} INFO - [2026-05-09T15:21:29.682+0000] {dag.py:3239} INFO - Sync 1 DAGs
[2026-05-09T15:21:29.706+0000] {logging_mixin.py:190} INFO - [2026-05-09T15:21:29.706+0000] {dag.py:4180} INFO - Setting next_dagrun for mediapulse360_pipeline to 2026-05-09 15:00:00+00:00, run_after=2026-05-09 16:00:00+00:00
[2026-05-09T15:21:29.729+0000] {processor.py:208} INFO - Processing /opt/airflow/dags/mediapulse360_pipeline.py took 0.106 seconds
[2026-05-09T15:22:00.053+0000] {processor.py:186} INFO - Started process (PID=2003) to work on /opt/airflow/dags/mediapulse360_pipeline.py
[2026-05-09T15:22:00.055+0000] {processor.py:914} INFO - Processing file /opt/airflow/dags/mediapulse360_pipeline.py for tasks to queue
[2026-05-09T15:22:00.057+0000] {logging_mixin.py:190} INFO - [2026-05-09T15:22:00.056+0000] {dagbag.py:588} INFO - Filling up the DagBag from /opt/airflow/dags/mediapulse360_pipeline.py
[2026-05-09T15:22:00.082+0000] {processor.py:925} INFO - DAG(s) 'mediapulse360_pipeline' retrieved from /opt/airflow/dags/mediapulse360_pipeline.py
[2026-05-09T15:22:00.118+0000] {logging_mixin.py:190} INFO - [2026-05-09T15:22:00.118+0000] {dag.py:3239} INFO - Sync 1 DAGs
[2026-05-09T15:22:00.152+0000] {logging_mixin.py:190} INFO - [2026-05-09T15:22:00.151+0000] {dag.py:4180} INFO - Setting next_dagrun for mediapulse360_pipeline to 2026-05-09 15:00:00+00:00, run_after=2026-05-09 16:00:00+00:00
[2026-05-09T15:22:00.177+0000] {processor.py:208} INFO - Processing /opt/airflow/dags/mediapulse360_pipeline.py took 0.144 seconds
[2026-05-09T15:22:30.369+0000] {processor.py:186} INFO - Started process (PID=2013) to work on /opt/airflow/dags/mediapulse360_pipeline.py
[2026-05-09T15:22:30.370+0000] {processor.py:914} INFO - Processing file /opt/airflow/dags/mediapulse360_pipeline.py for tasks to queue
[2026-05-09T15:22:30.371+0000] {logging_mixin.py:190} INFO - [2026-05-09T15:22:30.371+0000] {dagbag.py:588} INFO - Filling up the DagBag from /opt/airflow/dags/mediapulse360_pipeline.py
[2026-05-09T15:22:30.388+0000] {processor.py:925} INFO - DAG(s) 'mediapulse360_pipeline' retrieved from /opt/airflow/dags/mediapulse360_pipeline.py
[2026-05-09T15:22:30.420+0000] {logging_mixin.py:190} INFO - [2026-05-09T15:22:30.419+0000] {dag.py:3239} INFO - Sync 1 DAGs
[2026-05-09T15:22:30.449+0000] {logging_mixin.py:190} INFO - [2026-05-09T15:22:30.448+0000] {dag.py:4180} INFO - Setting next_dagrun for mediapulse360_pipeline to 2026-05-09 15:00:00+00:00, run_after=2026-05-09 16:00:00+00:00
[2026-05-09T15:22:30.471+0000] {processor.py:208} INFO - Processing /opt/airflow/dags/mediapulse360_pipeline.py took 0.108 seconds
[2026-05-09T15:23:00.659+0000] {processor.py:186} INFO - Started process (PID=2023) to work on /opt/airflow/dags/mediapulse360_pipeline.py
[2026-05-09T15:23:00.660+0000] {processor.py:914} INFO - Processing file /opt/airflow/dags/mediapulse360_pipeline.py for tasks to queue
[2026-05-09T15:23:00.662+0000] {logging_mixin.py:190} INFO - [2026-05-09T15:23:00.662+0000] {dagbag.py:588} INFO - Filling up the DagBag from /opt/airflow/dags/mediapulse360_pipeline.py
[2026-05-09T15:23:00.692+0000] {processor.py:925} INFO - DAG(s) 'mediapulse360_pipeline' retrieved from /opt/airflow/dags/mediapulse360_pipeline.py
[2026-05-09T15:23:00.718+0000] {logging_mixin.py:190} INFO - [2026-05-09T15:23:00.718+0000] {dag.py:3239} INFO - Sync 1 DAGs
[2026-05-09T15:23:00.739+0000] {logging_mixin.py:190} INFO - [2026-05-09T15:23:00.739+0000] {dag.py:4180} INFO - Setting next_dagrun for mediapulse360_pipeline to 2026-05-09 15:00:00+00:00, run_after=2026-05-09 16:00:00+00:00
[2026-05-09T15:23:00.756+0000] {processor.py:208} INFO - Processing /opt/airflow/dags/mediapulse360_pipeline.py took 0.104 seconds
[2026-05-09T15:23:30.956+0000] {processor.py:186} INFO - Started process (PID=2033) to work on /opt/airflow/dags/mediapulse360_pipeline.py
[2026-05-09T15:23:30.957+0000] {processor.py:914} INFO - Processing file /opt/airflow/dags/mediapulse360_pipeline.py for tasks to queue
[2026-05-09T15:23:30.959+0000] {logging_mixin.py:190} INFO - [2026-05-09T15:23:30.958+0000] {dagbag.py:588} INFO - Filling up the DagBag from /opt/airflow/dags/mediapulse360_pipeline.py
[2026-05-09T15:23:30.976+0000] {processor.py:925} INFO - DAG(s) 'mediapulse360_pipeline' retrieved from /opt/airflow/dags/mediapulse360_pipeline.py
[2026-05-09T15:23:31.007+0000] {logging_mixin.py:190} INFO - [2026-05-09T15:23:31.007+0000] {dag.py:3239} INFO - Sync 1 DAGs
[2026-05-09T15:23:31.028+0000] {logging_mixin.py:190} INFO - [2026-05-09T15:23:31.028+0000] {dag.py:4180} INFO - Setting next_dagrun for mediapulse360_pipeline to 2026-05-09 15:00:00+00:00, run_after=2026-05-09 16:00:00+00:00
[2026-05-09T15:23:31.049+0000] {processor.py:208} INFO - Processing /opt/airflow/dags/mediapulse360_pipeline.py took 0.099 seconds
[2026-05-09T15:24:01.436+0000] {processor.py:186} INFO - Started process (PID=2043) to work on /opt/airflow/dags/mediapulse360_pipeline.py
[2026-05-09T15:24:01.437+0000] {processor.py:914} INFO - Processing file /opt/airflow/dags/mediapulse360_pipeline.py for tasks to queue
[2026-05-09T15:24:01.438+0000] {logging_mixin.py:190} INFO - [2026-05-09T15:24:01.438+0000] {dagbag.py:588} INFO - Filling up the DagBag from /opt/airflow/dags/mediapulse360_pipeline.py
[2026-05-09T15:24:01.455+0000] {processor.py:925} INFO - DAG(s) 'mediapulse360_pipeline' retrieved from /opt/airflow/dags/mediapulse360_pipeline.py
[2026-05-09T15:24:01.483+0000] {logging_mixin.py:190} INFO - [2026-05-09T15:24:01.483+0000] {dag.py:3239} INFO - Sync 1 DAGs
[2026-05-09T15:24:01.501+0000] {logging_mixin.py:190} INFO - [2026-05-09T15:24:01.501+0000] {dag.py:4180} INFO - Setting next_dagrun for mediapulse360_pipeline to 2026-05-09 15:00:00+00:00, run_after=2026-05-09 16:00:00+00:00
[2026-05-09T15:24:01.518+0000] {processor.py:208} INFO - Processing /opt/airflow/dags/mediapulse360_pipeline.py took 0.088 seconds
[2026-05-09T15:24:31.934+0000] {processor.py:186} INFO - Started process (PID=2053) to work on /opt/airflow/dags/mediapulse360_pipeline.py
[2026-05-09T15:24:31.935+0000] {processor.py:914} INFO - Processing file /opt/airflow/dags/mediapulse360_pipeline.py for tasks to queue
[2026-05-09T15:24:31.936+0000] {logging_mixin.py:190} INFO - [2026-05-09T15:24:31.936+0000] {dagbag.py:588} INFO - Filling up the DagBag from /opt/airflow/dags/mediapulse360_pipeline.py
[2026-05-09T15:24:31.952+0000] {processor.py:925} INFO - DAG(s) 'mediapulse360_pipeline' retrieved from /opt/airflow/dags/mediapulse360_pipeline.py
[2026-05-09T15:24:31.983+0000] {logging_mixin.py:190} INFO - [2026-05-09T15:24:31.983+0000] {dag.py:3239} INFO - Sync 1 DAGs
[2026-05-09T15:24:32.000+0000] {logging_mixin.py:190} INFO - [2026-05-09T15:24:32.000+0000] {dag.py:4180} INFO - Setting next_dagrun for mediapulse360_pipeline to 2026-05-09 15:00:00+00:00, run_after=2026-05-09 16:00:00+00:00
[2026-05-09T15:24:32.018+0000] {processor.py:208} INFO - Processing /opt/airflow/dags/mediapulse360_pipeline.py took 0.090 seconds
[2026-05-09T15:25:02.396+0000] {processor.py:186} INFO - Started process (PID=2063) to work on /opt/airflow/dags/mediapulse360_pipeline.py
[2026-05-09T15:25:02.397+0000] {processor.py:914} INFO - Processing file /opt/airflow/dags/mediapulse360_pipeline.py for tasks to queue
[2026-05-09T15:25:02.399+0000] {logging_mixin.py:190} INFO - [2026-05-09T15:25:02.398+0000] {dagbag.py:588} INFO - Filling up the DagBag from /opt/airflow/dags/mediapulse360_pipeline.py
[2026-05-09T15:25:02.416+0000] {processor.py:925} INFO - DAG(s) 'mediapulse360_pipeline' retrieved from /opt/airflow/dags/mediapulse360_pipeline.py
[2026-05-09T15:25:02.448+0000] {logging_mixin.py:190} INFO - [2026-05-09T15:25:02.447+0000] {dag.py:3239} INFO - Sync 1 DAGs
[2026-05-09T15:25:02.467+0000] {logging_mixin.py:190} INFO - [2026-05-09T15:25:02.466+0000] {dag.py:4180} INFO - Setting next_dagrun for mediapulse360_pipeline to 2026-05-09 15:00:00+00:00, run_after=2026-05-09 16:00:00+00:00
[2026-05-09T15:25:02.486+0000] {processor.py:208} INFO - Processing /opt/airflow/dags/mediapulse360_pipeline.py took 0.095 seconds
[2026-05-09T15:25:32.905+0000] {processor.py:186} INFO - Started process (PID=2073) to work on /opt/airflow/dags/mediapulse360_pipeline.py
[2026-05-09T15:25:32.906+0000] {processor.py:914} INFO - Processing file /opt/airflow/dags/mediapulse360_pipeline.py for tasks to queue
[2026-05-09T15:25:32.908+0000] {logging_mixin.py:190} INFO - [2026-05-09T15:25:32.908+0000] {dagbag.py:588} INFO - Filling up the DagBag from /opt/airflow/dags/mediapulse360_pipeline.py
[2026-05-09T15:25:32.923+0000] {processor.py:925} INFO - DAG(s) 'mediapulse360_pipeline' retrieved from /opt/airflow/dags/mediapulse360_pipeline.py
[2026-05-09T15:25:32.951+0000] {logging_mixin.py:190} INFO - [2026-05-09T15:25:32.951+0000] {dag.py:3239} INFO - Sync 1 DAGs
[2026-05-09T15:25:32.970+0000] {logging_mixin.py:190} INFO - [2026-05-09T15:25:32.970+0000] {dag.py:4180} INFO - Setting next_dagrun for mediapulse360_pipeline to 2026-05-09 15:00:00+00:00, run_after=2026-05-09 16:00:00+00:00
[2026-05-09T15:25:32.990+0000] {processor.py:208} INFO - Processing /opt/airflow/dags/mediapulse360_pipeline.py took 0.090 seconds
[2026-05-09T15:26:03.350+0000] {processor.py:186} INFO - Started process (PID=2083) to work on /opt/airflow/dags/mediapulse360_pipeline.py
[2026-05-09T15:26:03.351+0000] {processor.py:914} INFO - Processing file /opt/airflow/dags/mediapulse360_pipeline.py for tasks to queue
[2026-05-09T15:26:03.354+0000] {logging_mixin.py:190} INFO - [2026-05-09T15:26:03.353+0000] {dagbag.py:588} INFO - Filling up the DagBag from /opt/airflow/dags/mediapulse360_pipeline.py
[2026-05-09T15:26:03.373+0000] {processor.py:925} INFO - DAG(s) 'mediapulse360_pipeline' retrieved from /opt/airflow/dags/mediapulse360_pipeline.py
[2026-05-09T15:26:03.408+0000] {logging_mixin.py:190} INFO - [2026-05-09T15:26:03.408+0000] {dag.py:3239} INFO - Sync 1 DAGs
[2026-05-09T15:26:03.428+0000] {logging_mixin.py:190} INFO - [2026-05-09T15:26:03.428+0000] {dag.py:4180} INFO - Setting next_dagrun for mediapulse360_pipeline to 2026-05-09 15:00:00+00:00, run_after=2026-05-09 16:00:00+00:00
[2026-05-09T15:26:03.445+0000] {processor.py:208} INFO - Processing /opt/airflow/dags/mediapulse360_pipeline.py took 0.102 seconds
[2026-05-09T15:26:33.845+0000] {processor.py:186} INFO - Started process (PID=2093) to work on /opt/airflow/dags/mediapulse360_pipeline.py
[2026-05-09T15:26:33.847+0000] {processor.py:914} INFO - Processing file /opt/airflow/dags/mediapulse360_pipeline.py for tasks to queue
[2026-05-09T15:26:33.848+0000] {logging_mixin.py:190} INFO - [2026-05-09T15:26:33.848+0000] {dagbag.py:588} INFO - Filling up the DagBag from /opt/airflow/dags/mediapulse360_pipeline.py
[2026-05-09T15:26:33.863+0000] {processor.py:925} INFO - DAG(s) 'mediapulse360_pipeline' retrieved from /opt/airflow/dags/mediapulse360_pipeline.py
[2026-05-09T15:26:33.886+0000] {logging_mixin.py:190} INFO - [2026-05-09T15:26:33.886+0000] {dag.py:3239} INFO - Sync 1 DAGs
[2026-05-09T15:26:33.905+0000] {logging_mixin.py:190} INFO - [2026-05-09T15:26:33.905+0000] {dag.py:4180} INFO - Setting next_dagrun for mediapulse360_pipeline to 2026-05-09 15:00:00+00:00, run_after=2026-05-09 16:00:00+00:00
[2026-05-09T15:26:33.923+0000] {processor.py:208} INFO - Processing /opt/airflow/dags/mediapulse360_pipeline.py took 0.084 seconds
[2026-05-09T15:27:04.299+0000] {processor.py:186} INFO - Started process (PID=2103) to work on /opt/airflow/dags/mediapulse360_pipeline.py
[2026-05-09T15:27:04.300+0000] {processor.py:914} INFO - Processing file /opt/airflow/dags/mediapulse360_pipeline.py for tasks to queue
[2026-05-09T15:27:04.302+0000] {logging_mixin.py:190} INFO - [2026-05-09T15:27:04.302+0000] {dagbag.py:588} INFO - Filling up the DagBag from /opt/airflow/dags/mediapulse360_pipeline.py
[2026-05-09T15:27:04.321+0000] {processor.py:925} INFO - DAG(s) 'mediapulse360_pipeline' retrieved from /opt/airflow/dags/mediapulse360_pipeline.py
[2026-05-09T15:27:04.347+0000] {logging_mixin.py:190} INFO - [2026-05-09T15:27:04.346+0000] {dag.py:3239} INFO - Sync 1 DAGs
[2026-05-09T15:27:04.371+0000] {logging_mixin.py:190} INFO - [2026-05-09T15:27:04.371+0000] {dag.py:4180} INFO - Setting next_dagrun for mediapulse360_pipeline to 2026-05-09 15:00:00+00:00, run_after=2026-05-09 16:00:00+00:00
[2026-05-09T15:27:04.398+0000] {processor.py:208} INFO - Processing /opt/airflow/dags/mediapulse360_pipeline.py took 0.105 seconds
[2026-05-09T15:27:34.786+0000] {processor.py:186} INFO - Started process (PID=2113) to work on /opt/airflow/dags/mediapulse360_pipeline.py
[2026-05-09T15:27:34.788+0000] {processor.py:914} INFO - Processing file /opt/airflow/dags/mediapulse360_pipeline.py for tasks to queue
[2026-05-09T15:27:34.789+0000] {logging_mixin.py:190} INFO - [2026-05-09T15:27:34.788+0000] {dagbag.py:588} INFO - Filling up the DagBag from /opt/airflow/dags/mediapulse360_pipeline.py
[2026-05-09T15:27:34.805+0000] {processor.py:925} INFO - DAG(s) 'mediapulse360_pipeline' retrieved from /opt/airflow/dags/mediapulse360_pipeline.py
[2026-05-09T15:27:34.828+0000] {logging_mixin.py:190} INFO - [2026-05-09T15:27:34.828+0000] {dag.py:3239} INFO - Sync 1 DAGs
[2026-05-09T15:27:34.846+0000] {logging_mixin.py:190} INFO - [2026-05-09T15:27:34.846+0000] {dag.py:4180} INFO - Setting next_dagrun for mediapulse360_pipeline to 2026-05-09 15:00:00+00:00, run_after=2026-05-09 16:00:00+00:00
[2026-05-09T15:27:34.872+0000] {processor.py:208} INFO - Processing /opt/airflow/dags/mediapulse360_pipeline.py took 0.091 seconds
[2026-05-09T15:28:05.327+0000] {processor.py:186} INFO - Started process (PID=2123) to work on /opt/airflow/dags/mediapulse360_pipeline.py
[2026-05-09T15:28:05.328+0000] {processor.py:914} INFO - Processing file /opt/airflow/dags/mediapulse360_pipeline.py for tasks to queue
[2026-05-09T15:28:05.330+0000] {logging_mixin.py:190} INFO - [2026-05-09T15:28:05.329+0000] {dagbag.py:588} INFO - Filling up the DagBag from /opt/airflow/dags/mediapulse360_pipeline.py
[2026-05-09T15:28:05.344+0000] {processor.py:925} INFO - DAG(s) 'mediapulse360_pipeline' retrieved from /opt/airflow/dags/mediapulse360_pipeline.py
[2026-05-09T15:28:05.366+0000] {logging_mixin.py:190} INFO - [2026-05-09T15:28:05.366+0000] {dag.py:3239} INFO - Sync 1 DAGs
[2026-05-09T15:28:05.383+0000] {logging_mixin.py:190} INFO - [2026-05-09T15:28:05.383+0000] {dag.py:4180} INFO - Setting next_dagrun for mediapulse360_pipeline to 2026-05-09 15:00:00+00:00, run_after=2026-05-09 16:00:00+00:00
[2026-05-09T15:28:05.400+0000] {processor.py:208} INFO - Processing /opt/airflow/dags/mediapulse360_pipeline.py took 0.079 seconds
[2026-05-09T15:28:35.766+0000] {processor.py:186} INFO - Started process (PID=2133) to work on /opt/airflow/dags/mediapulse360_pipeline.py
[2026-05-09T15:28:35.767+0000] {processor.py:914} INFO - Processing file /opt/airflow/dags/mediapulse360_pipeline.py for tasks to queue
[2026-05-09T15:28:35.768+0000] {logging_mixin.py:190} INFO - [2026-05-09T15:28:35.768+0000] {dagbag.py:588} INFO - Filling up the DagBag from /opt/airflow/dags/mediapulse360_pipeline.py
[2026-05-09T15:28:35.780+0000] {processor.py:925} INFO - DAG(s) 'mediapulse360_pipeline' retrieved from /opt/airflow/dags/mediapulse360_pipeline.py
[2026-05-09T15:28:35.803+0000] {logging_mixin.py:190} INFO - [2026-05-09T15:28:35.803+0000] {dag.py:3239} INFO - Sync 1 DAGs
[2026-05-09T15:28:35.821+0000] {logging_mixin.py:190} INFO - [2026-05-09T15:28:35.821+0000] {dag.py:4180} INFO - Setting next_dagrun for mediapulse360_pipeline to 2026-05-09 15:00:00+00:00, run_after=2026-05-09 16:00:00+00:00
[2026-05-09T15:28:35.840+0000] {processor.py:208} INFO - Processing /opt/airflow/dags/mediapulse360_pipeline.py took 0.079 seconds
[2026-05-09T15:29:06.244+0000] {processor.py:186} INFO - Started process (PID=2143) to work on /opt/airflow/dags/mediapulse360_pipeline.py
[2026-05-09T15:29:06.245+0000] {processor.py:914} INFO - Processing file /opt/airflow/dags/mediapulse360_pipeline.py for tasks to queue
[2026-05-09T15:29:06.247+0000] {logging_mixin.py:190} INFO - [2026-05-09T15:29:06.247+0000] {dagbag.py:588} INFO - Filling up the DagBag from /opt/airflow/dags/mediapulse360_pipeline.py
[2026-05-09T15:29:06.265+0000] {processor.py:925} INFO - DAG(s) 'mediapulse360_pipeline' retrieved from /opt/airflow/dags/mediapulse360_pipeline.py
[2026-05-09T15:29:06.291+0000] {logging_mixin.py:190} INFO - [2026-05-09T15:29:06.290+0000] {dag.py:3239} INFO - Sync 1 DAGs
[2026-05-09T15:29:06.310+0000] {logging_mixin.py:190} INFO - [2026-05-09T15:29:06.310+0000] {dag.py:4180} INFO - Setting next_dagrun for mediapulse360_pipeline to 2026-05-09 15:00:00+00:00, run_after=2026-05-09 16:00:00+00:00
[2026-05-09T15:29:06.334+0000] {processor.py:208} INFO - Processing /opt/airflow/dags/mediapulse360_pipeline.py took 0.095 seconds
[2026-05-09T15:29:36.691+0000] {processor.py:186} INFO - Started process (PID=2153) to work on /opt/airflow/dags/mediapulse360_pipeline.py
[2026-05-09T15:29:36.692+0000] {processor.py:914} INFO - Processing file /opt/airflow/dags/mediapulse360_pipeline.py for tasks to queue
[2026-05-09T15:29:36.693+0000] {logging_mixin.py:190} INFO - [2026-05-09T15:29:36.693+0000] {dagbag.py:588} INFO - Filling up the DagBag from /opt/airflow/dags/mediapulse360_pipeline.py
[2026-05-09T15:29:36.707+0000] {processor.py:925} INFO - DAG(s) 'mediapulse360_pipeline' retrieved from /opt/airflow/dags/mediapulse360_pipeline.py
[2026-05-09T15:29:36.731+0000] {logging_mixin.py:190} INFO - [2026-05-09T15:29:36.731+0000] {dag.py:3239} INFO - Sync 1 DAGs
[2026-05-09T15:29:36.749+0000] {logging_mixin.py:190} INFO - [2026-05-09T15:29:36.749+0000] {dag.py:4180} INFO - Setting next_dagrun for mediapulse360_pipeline to 2026-05-09 15:00:00+00:00, run_after=2026-05-09 16:00:00+00:00
[2026-05-09T15:29:36.767+0000] {processor.py:208} INFO - Processing /opt/airflow/dags/mediapulse360_pipeline.py took 0.081 seconds
[2026-05-09T15:30:07.153+0000] {processor.py:186} INFO - Started process (PID=2163) to work on /opt/airflow/dags/mediapulse360_pipeline.py
[2026-05-09T15:30:07.154+0000] {processor.py:914} INFO - Processing file /opt/airflow/dags/mediapulse360_pipeline.py for tasks to queue
[2026-05-09T15:30:07.155+0000] {logging_mixin.py:190} INFO - [2026-05-09T15:30:07.155+0000] {dagbag.py:588} INFO - Filling up the DagBag from /opt/airflow/dags/mediapulse360_pipeline.py
[2026-05-09T15:30:07.169+0000] {processor.py:925} INFO - DAG(s) 'mediapulse360_pipeline' retrieved from /opt/airflow/dags/mediapulse360_pipeline.py
[2026-05-09T15:30:07.192+0000] {logging_mixin.py:190} INFO - [2026-05-09T15:30:07.191+0000] {dag.py:3239} INFO - Sync 1 DAGs
[2026-05-09T15:30:07.209+0000] {logging_mixin.py:190} INFO - [2026-05-09T15:30:07.209+0000] {dag.py:4180} INFO - Setting next_dagrun for mediapulse360_pipeline to 2026-05-09 15:00:00+00:00, run_after=2026-05-09 16:00:00+00:00
[2026-05-09T15:30:07.227+0000] {processor.py:208} INFO - Processing /opt/airflow/dags/mediapulse360_pipeline.py took 0.079 seconds
[2026-05-09T15:30:37.581+0000] {processor.py:186} INFO - Started process (PID=2173) to work on /opt/airflow/dags/mediapulse360_pipeline.py
[2026-05-09T15:30:37.582+0000] {processor.py:914} INFO - Processing file /opt/airflow/dags/mediapulse360_pipeline.py for tasks to queue
[2026-05-09T15:30:37.583+0000] {logging_mixin.py:190} INFO - [2026-05-09T15:30:37.583+0000] {dagbag.py:588} INFO - Filling up the DagBag from /opt/airflow/dags/mediapulse360_pipeline.py
[2026-05-09T15:30:37.600+0000] {processor.py:925} INFO - DAG(s) 'mediapulse360_pipeline' retrieved from /opt/airflow/dags/mediapulse360_pipeline.py
[2026-05-09T15:30:37.628+0000] {logging_mixin.py:190} INFO - [2026-05-09T15:30:37.627+0000] {dag.py:3239} INFO - Sync 1 DAGs
[2026-05-09T15:30:37.654+0000] {logging_mixin.py:190} INFO - [2026-05-09T15:30:37.654+0000] {dag.py:4180} INFO - Setting next_dagrun for mediapulse360_pipeline to 2026-05-09 15:00:00+00:00, run_after=2026-05-09 16:00:00+00:00
[2026-05-09T15:30:37.676+0000] {processor.py:208} INFO - Processing /opt/airflow/dags/mediapulse360_pipeline.py took 0.101 seconds
[2026-05-09T15:31:08.086+0000] {processor.py:186} INFO - Started process (PID=2183) to work on /opt/airflow/dags/mediapulse360_pipeline.py
[2026-05-09T15:31:08.087+0000] {processor.py:914} INFO - Processing file /opt/airflow/dags/mediapulse360_pipeline.py for tasks to queue
[2026-05-09T15:31:08.089+0000] {logging_mixin.py:190} INFO - [2026-05-09T15:31:08.088+0000] {dagbag.py:588} INFO - Filling up the DagBag from /opt/airflow/dags/mediapulse360_pipeline.py
[2026-05-09T15:31:08.108+0000] {processor.py:925} INFO - DAG(s) 'mediapulse360_pipeline' retrieved from /opt/airflow/dags/mediapulse360_pipeline.py
[2026-05-09T15:31:08.132+0000] {logging_mixin.py:190} INFO - [2026-05-09T15:31:08.132+0000] {dag.py:3239} INFO - Sync 1 DAGs
[2026-05-09T15:31:08.161+0000] {logging_mixin.py:190} INFO - [2026-05-09T15:31:08.160+0000] {dag.py:4180} INFO - Setting next_dagrun for mediapulse360_pipeline to 2026-05-09 15:00:00+00:00, run_after=2026-05-09 16:00:00+00:00
[2026-05-09T15:31:08.190+0000] {processor.py:208} INFO - Processing /opt/airflow/dags/mediapulse360_pipeline.py took 0.109 seconds
[2026-05-09T15:31:38.474+0000] {processor.py:186} INFO - Started process (PID=2193) to work on /opt/airflow/dags/mediapulse360_pipeline.py
[2026-05-09T15:31:38.475+0000] {processor.py:914} INFO - Processing file /opt/airflow/dags/mediapulse360_pipeline.py for tasks to queue
[2026-05-09T15:31:38.477+0000] {logging_mixin.py:190} INFO - [2026-05-09T15:31:38.476+0000] {dagbag.py:588} INFO - Filling up the DagBag from /opt/airflow/dags/mediapulse360_pipeline.py
[2026-05-09T15:31:38.516+0000] {processor.py:925} INFO - DAG(s) 'mediapulse360_pipeline' retrieved from /opt/airflow/dags/mediapulse360_pipeline.py
[2026-05-09T15:31:38.543+0000] {logging_mixin.py:190} INFO - [2026-05-09T15:31:38.543+0000] {dag.py:3239} INFO - Sync 1 DAGs
[2026-05-09T15:31:38.564+0000] {logging_mixin.py:190} INFO - [2026-05-09T15:31:38.564+0000] {dag.py:4180} INFO - Setting next_dagrun for mediapulse360_pipeline to 2026-05-09 15:00:00+00:00, run_after=2026-05-09 16:00:00+00:00
[2026-05-09T15:31:38.581+0000] {processor.py:208} INFO - Processing /opt/airflow/dags/mediapulse360_pipeline.py took 0.114 seconds
[2026-05-09T15:32:08.996+0000] {processor.py:186} INFO - Started process (PID=2203) to work on /opt/airflow/dags/mediapulse360_pipeline.py
[2026-05-09T15:32:08.997+0000] {processor.py:914} INFO - Processing file /opt/airflow/dags/mediapulse360_pipeline.py for tasks to queue
[2026-05-09T15:32:08.999+0000] {logging_mixin.py:190} INFO - [2026-05-09T15:32:08.999+0000] {dagbag.py:588} INFO - Filling up the DagBag from /opt/airflow/dags/mediapulse360_pipeline.py
[2026-05-09T15:32:09.016+0000] {processor.py:925} INFO - DAG(s) 'mediapulse360_pipeline' retrieved from /opt/airflow/dags/mediapulse360_pipeline.py
[2026-05-09T15:32:09.039+0000] {logging_mixin.py:190} INFO - [2026-05-09T15:32:09.039+0000] {dag.py:3239} INFO - Sync 1 DAGs
[2026-05-09T15:32:09.058+0000] {logging_mixin.py:190} INFO - [2026-05-09T15:32:09.058+0000] {dag.py:4180} INFO - Setting next_dagrun for mediapulse360_pipeline to 2026-05-09 15:00:00+00:00, run_after=2026-05-09 16:00:00+00:00
[2026-05-09T15:32:09.073+0000] {processor.py:208} INFO - Processing /opt/airflow/dags/mediapulse360_pipeline.py took 0.084 seconds
[2026-05-09T15:32:39.404+0000] {processor.py:186} INFO - Started process (PID=2213) to work on /opt/airflow/dags/mediapulse360_pipeline.py
[2026-05-09T15:32:39.405+0000] {processor.py:914} INFO - Processing file /opt/airflow/dags/mediapulse360_pipeline.py for tasks to queue
[2026-05-09T15:32:39.407+0000] {logging_mixin.py:190} INFO - [2026-05-09T15:32:39.406+0000] {dagbag.py:588} INFO - Filling up the DagBag from /opt/airflow/dags/mediapulse360_pipeline.py
[2026-05-09T15:32:39.422+0000] {processor.py:925} INFO - DAG(s) 'mediapulse360_pipeline' retrieved from /opt/airflow/dags/mediapulse360_pipeline.py
[2026-05-09T15:32:39.447+0000] {logging_mixin.py:190} INFO - [2026-05-09T15:32:39.446+0000] {dag.py:3239} INFO - Sync 1 DAGs
[2026-05-09T15:32:39.466+0000] {logging_mixin.py:190} INFO - [2026-05-09T15:32:39.465+0000] {dag.py:4180} INFO - Setting next_dagrun for mediapulse360_pipeline to 2026-05-09 15:00:00+00:00, run_after=2026-05-09 16:00:00+00:00
[2026-05-09T15:32:39.481+0000] {processor.py:208} INFO - Processing /opt/airflow/dags/mediapulse360_pipeline.py took 0.085 seconds
[2026-05-09T15:33:09.844+0000] {processor.py:186} INFO - Started process (PID=2223) to work on /opt/airflow/dags/mediapulse360_pipeline.py
[2026-05-09T15:33:09.845+0000] {processor.py:914} INFO - Processing file /opt/airflow/dags/mediapulse360_pipeline.py for tasks to queue
[2026-05-09T15:33:09.846+0000] {logging_mixin.py:190} INFO - [2026-05-09T15:33:09.846+0000] {dagbag.py:588} INFO - Filling up the DagBag from /opt/airflow/dags/mediapulse360_pipeline.py
[2026-05-09T15:33:09.861+0000] {processor.py:925} INFO - DAG(s) 'mediapulse360_pipeline' retrieved from /opt/airflow/dags/mediapulse360_pipeline.py
[2026-05-09T15:33:09.888+0000] {logging_mixin.py:190} INFO - [2026-05-09T15:33:09.888+0000] {dag.py:3239} INFO - Sync 1 DAGs
[2026-05-09T15:33:09.909+0000] {logging_mixin.py:190} INFO - [2026-05-09T15:33:09.908+0000] {dag.py:4180} INFO - Setting next_dagrun for mediapulse360_pipeline to 2026-05-09 15:00:00+00:00, run_after=2026-05-09 16:00:00+00:00
[2026-05-09T15:33:09.926+0000] {processor.py:208} INFO - Processing /opt/airflow/dags/mediapulse360_pipeline.py took 0.090 seconds
[2026-05-09T15:33:40.395+0000] {processor.py:186} INFO - Started process (PID=2233) to work on /opt/airflow/dags/mediapulse360_pipeline.py
[2026-05-09T15:33:40.397+0000] {processor.py:914} INFO - Processing file /opt/airflow/dags/mediapulse360_pipeline.py for tasks to queue
[2026-05-09T15:33:40.400+0000] {logging_mixin.py:190} INFO - [2026-05-09T15:33:40.399+0000] {dagbag.py:588} INFO - Filling up the DagBag from /opt/airflow/dags/mediapulse360_pipeline.py
[2026-05-09T15:33:40.418+0000] {processor.py:925} INFO - DAG(s) 'mediapulse360_pipeline' retrieved from /opt/airflow/dags/mediapulse360_pipeline.py
[2026-05-09T15:33:40.452+0000] {logging_mixin.py:190} INFO - [2026-05-09T15:33:40.452+0000] {dag.py:3239} INFO - Sync 1 DAGs
[2026-05-09T15:33:40.482+0000] {logging_mixin.py:190} INFO - [2026-05-09T15:33:40.482+0000] {dag.py:4180} INFO - Setting next_dagrun for mediapulse360_pipeline to 2026-05-09 15:00:00+00:00, run_after=2026-05-09 16:00:00+00:00
[2026-05-09T15:33:40.507+0000] {processor.py:208} INFO - Processing /opt/airflow/dags/mediapulse360_pipeline.py took 0.117 seconds
[2026-05-09T15:34:10.703+0000] {processor.py:186} INFO - Started process (PID=2243) to work on /opt/airflow/dags/mediapulse360_pipeline.py
[2026-05-09T15:34:10.705+0000] {processor.py:914} INFO - Processing file /opt/airflow/dags/mediapulse360_pipeline.py for tasks to queue
[2026-05-09T15:34:10.706+0000] {logging_mixin.py:190} INFO - [2026-05-09T15:34:10.705+0000] {dagbag.py:588} INFO - Filling up the DagBag from /opt/airflow/dags/mediapulse360_pipeline.py
[2026-05-09T15:34:10.720+0000] {processor.py:925} INFO - DAG(s) 'mediapulse360_pipeline' retrieved from /opt/airflow/dags/mediapulse360_pipeline.py
[2026-05-09T15:34:10.743+0000] {logging_mixin.py:190} INFO - [2026-05-09T15:34:10.743+0000] {dag.py:3239} INFO - Sync 1 DAGs
[2026-05-09T15:34:10.761+0000] {logging_mixin.py:190} INFO - [2026-05-09T15:34:10.761+0000] {dag.py:4180} INFO - Setting next_dagrun for mediapulse360_pipeline to 2026-05-09 15:00:00+00:00, run_after=2026-05-09 16:00:00+00:00
[2026-05-09T15:34:10.781+0000] {processor.py:208} INFO - Processing /opt/airflow/dags/mediapulse360_pipeline.py took 0.084 seconds
[2026-05-09T15:34:41.275+0000] {processor.py:186} INFO - Started process (PID=2253) to work on /opt/airflow/dags/mediapulse360_pipeline.py
[2026-05-09T15:34:41.276+0000] {processor.py:914} INFO - Processing file /opt/airflow/dags/mediapulse360_pipeline.py for tasks to queue
[2026-05-09T15:34:41.278+0000] {logging_mixin.py:190} INFO - [2026-05-09T15:34:41.278+0000] {dagbag.py:588} INFO - Filling up the DagBag from /opt/airflow/dags/mediapulse360_pipeline.py
[2026-05-09T15:34:41.294+0000] {processor.py:925} INFO - DAG(s) 'mediapulse360_pipeline' retrieved from /opt/airflow/dags/mediapulse360_pipeline.py
[2026-05-09T15:34:41.317+0000] {logging_mixin.py:190} INFO - [2026-05-09T15:34:41.317+0000] {dag.py:3239} INFO - Sync 1 DAGs
[2026-05-09T15:34:41.336+0000] {logging_mixin.py:190} INFO - [2026-05-09T15:34:41.335+0000] {dag.py:4180} INFO - Setting next_dagrun for mediapulse360_pipeline to 2026-05-09 15:00:00+00:00, run_after=2026-05-09 16:00:00+00:00
[2026-05-09T15:34:41.359+0000] {processor.py:208} INFO - Processing /opt/airflow/dags/mediapulse360_pipeline.py took 0.090 seconds
[2026-05-09T15:35:11.709+0000] {processor.py:186} INFO - Started process (PID=2263) to work on /opt/airflow/dags/mediapulse360_pipeline.py
[2026-05-09T15:35:11.710+0000] {processor.py:914} INFO - Processing file /opt/airflow/dags/mediapulse360_pipeline.py for tasks to queue
[2026-05-09T15:35:11.712+0000] {logging_mixin.py:190} INFO - [2026-05-09T15:35:11.711+0000] {dagbag.py:588} INFO - Filling up the DagBag from /opt/airflow/dags/mediapulse360_pipeline.py
[2026-05-09T15:35:11.724+0000] {processor.py:925} INFO - DAG(s) 'mediapulse360_pipeline' retrieved from /opt/airflow/dags/mediapulse360_pipeline.py
[2026-05-09T15:35:11.748+0000] {logging_mixin.py:190} INFO - [2026-05-09T15:35:11.748+0000] {dag.py:3239} INFO - Sync 1 DAGs
[2026-05-09T15:35:11.769+0000] {logging_mixin.py:190} INFO - [2026-05-09T15:35:11.769+0000] {dag.py:4180} INFO - Setting next_dagrun for mediapulse360_pipeline to 2026-05-09 15:00:00+00:00, run_after=2026-05-09 16:00:00+00:00
[2026-05-09T15:35:11.787+0000] {processor.py:208} INFO - Processing /opt/airflow/dags/mediapulse360_pipeline.py took 0.083 seconds
[2026-05-09T15:35:42.198+0000] {processor.py:186} INFO - Started process (PID=2273) to work on /opt/airflow/dags/mediapulse360_pipeline.py
[2026-05-09T15:35:42.199+0000] {processor.py:914} INFO - Processing file /opt/airflow/dags/mediapulse360_pipeline.py for tasks to queue
[2026-05-09T15:35:42.201+0000] {logging_mixin.py:190} INFO - [2026-05-09T15:35:42.200+0000] {dagbag.py:588} INFO - Filling up the DagBag from /opt/airflow/dags/mediapulse360_pipeline.py
[2026-05-09T15:35:42.214+0000] {processor.py:925} INFO - DAG(s) 'mediapulse360_pipeline' retrieved from /opt/airflow/dags/mediapulse360_pipeline.py
[2026-05-09T15:35:42.243+0000] {logging_mixin.py:190} INFO - [2026-05-09T15:35:42.243+0000] {dag.py:3239} INFO - Sync 1 DAGs
[2026-05-09T15:35:42.265+0000] {logging_mixin.py:190} INFO - [2026-05-09T15:35:42.265+0000] {dag.py:4180} INFO - Setting next_dagrun for mediapulse360_pipeline to 2026-05-09 15:00:00+00:00, run_after=2026-05-09 16:00:00+00:00
[2026-05-09T15:35:42.286+0000] {processor.py:208} INFO - Processing /opt/airflow/dags/mediapulse360_pipeline.py took 0.095 seconds
[2026-05-09T15:36:12.585+0000] {processor.py:186} INFO - Started process (PID=2283) to work on /opt/airflow/dags/mediapulse360_pipeline.py
[2026-05-09T15:36:12.588+0000] {processor.py:914} INFO - Processing file /opt/airflow/dags/mediapulse360_pipeline.py for tasks to queue
[2026-05-09T15:36:12.589+0000] {logging_mixin.py:190} INFO - [2026-05-09T15:36:12.589+0000] {dagbag.py:588} INFO - Filling up the DagBag from /opt/airflow/dags/mediapulse360_pipeline.py
[2026-05-09T15:36:12.608+0000] {processor.py:925} INFO - DAG(s) 'mediapulse360_pipeline' retrieved from /opt/airflow/dags/mediapulse360_pipeline.py
[2026-05-09T15:36:12.640+0000] {logging_mixin.py:190} INFO - [2026-05-09T15:36:12.639+0000] {dag.py:3239} INFO - Sync 1 DAGs
[2026-05-09T15:36:12.662+0000] {logging_mixin.py:190} INFO - [2026-05-09T15:36:12.662+0000] {dag.py:4180} INFO - Setting next_dagrun for mediapulse360_pipeline to 2026-05-09 15:00:00+00:00, run_after=2026-05-09 16:00:00+00:00
[2026-05-09T15:36:12.687+0000] {processor.py:208} INFO - Processing /opt/airflow/dags/mediapulse360_pipeline.py took 0.109 seconds
[2026-05-09T15:36:43.124+0000] {processor.py:186} INFO - Started process (PID=2293) to work on /opt/airflow/dags/mediapulse360_pipeline.py
[2026-05-09T15:36:43.125+0000] {processor.py:914} INFO - Processing file /opt/airflow/dags/mediapulse360_pipeline.py for tasks to queue
[2026-05-09T15:36:43.126+0000] {logging_mixin.py:190} INFO - [2026-05-09T15:36:43.126+0000] {dagbag.py:588} INFO - Filling up the DagBag from /opt/airflow/dags/mediapulse360_pipeline.py
[2026-05-09T15:36:43.143+0000] {processor.py:925} INFO - DAG(s) 'mediapulse360_pipeline' retrieved from /opt/airflow/dags/mediapulse360_pipeline.py
[2026-05-09T15:36:43.166+0000] {logging_mixin.py:190} INFO - [2026-05-09T15:36:43.166+0000] {dag.py:3239} INFO - Sync 1 DAGs
[2026-05-09T15:36:43.184+0000] {logging_mixin.py:190} INFO - [2026-05-09T15:36:43.184+0000] {dag.py:4180} INFO - Setting next_dagrun for mediapulse360_pipeline to 2026-05-09 15:00:00+00:00, run_after=2026-05-09 16:00:00+00:00
[2026-05-09T15:36:43.203+0000] {processor.py:208} INFO - Processing /opt/airflow/dags/mediapulse360_pipeline.py took 0.084 seconds
[2026-05-09T15:37:13.561+0000] {processor.py:186} INFO - Started process (PID=2303) to work on /opt/airflow/dags/mediapulse360_pipeline.py
[2026-05-09T15:37:13.562+0000] {processor.py:914} INFO - Processing file /opt/airflow/dags/mediapulse360_pipeline.py for tasks to queue
[2026-05-09T15:37:13.563+0000] {logging_mixin.py:190} INFO - [2026-05-09T15:37:13.563+0000] {dagbag.py:588} INFO - Filling up the DagBag from /opt/airflow/dags/mediapulse360_pipeline.py
[2026-05-09T15:37:13.578+0000] {processor.py:925} INFO - DAG(s) 'mediapulse360_pipeline' retrieved from /opt/airflow/dags/mediapulse360_pipeline.py
[2026-05-09T15:37:13.601+0000] {logging_mixin.py:190} INFO - [2026-05-09T15:37:13.601+0000] {dag.py:3239} INFO - Sync 1 DAGs
[2026-05-09T15:37:13.618+0000] {logging_mixin.py:190} INFO - [2026-05-09T15:37:13.618+0000] {dag.py:4180} INFO - Setting next_dagrun for mediapulse360_pipeline to 2026-05-09 15:00:00+00:00, run_after=2026-05-09 16:00:00+00:00
[2026-05-09T15:37:13.644+0000] {processor.py:208} INFO - Processing /opt/airflow/dags/mediapulse360_pipeline.py took 0.089 seconds
[2026-05-09T15:37:43.999+0000] {processor.py:186} INFO - Started process (PID=2313) to work on /opt/airflow/dags/mediapulse360_pipeline.py
[2026-05-09T15:37:44.000+0000] {processor.py:914} INFO - Processing file /opt/airflow/dags/mediapulse360_pipeline.py for tasks to queue
[2026-05-09T15:37:44.001+0000] {logging_mixin.py:190} INFO - [2026-05-09T15:37:44.001+0000] {dagbag.py:588} INFO - Filling up the DagBag from /opt/airflow/dags/mediapulse360_pipeline.py
[2026-05-09T15:37:44.017+0000] {processor.py:925} INFO - DAG(s) 'mediapulse360_pipeline' retrieved from /opt/airflow/dags/mediapulse360_pipeline.py
[2026-05-09T15:37:44.040+0000] {logging_mixin.py:190} INFO - [2026-05-09T15:37:44.040+0000] {dag.py:3239} INFO - Sync 1 DAGs
[2026-05-09T15:37:44.058+0000] {logging_mixin.py:190} INFO - [2026-05-09T15:37:44.058+0000] {dag.py:4180} INFO - Setting next_dagrun for mediapulse360_pipeline to 2026-05-09 15:00:00+00:00, run_after=2026-05-09 16:00:00+00:00
[2026-05-09T15:37:44.076+0000] {processor.py:208} INFO - Processing /opt/airflow/dags/mediapulse360_pipeline.py took 0.082 seconds
[2026-05-09T15:38:14.602+0000] {processor.py:186} INFO - Started process (PID=2323) to work on /opt/airflow/dags/mediapulse360_pipeline.py
[2026-05-09T15:38:14.603+0000] {processor.py:914} INFO - Processing file /opt/airflow/dags/mediapulse360_pipeline.py for tasks to queue
[2026-05-09T15:38:14.604+0000] {logging_mixin.py:190} INFO - [2026-05-09T15:38:14.604+0000] {dagbag.py:588} INFO - Filling up the DagBag from /opt/airflow/dags/mediapulse360_pipeline.py
[2026-05-09T15:38:14.620+0000] {processor.py:925} INFO - DAG(s) 'mediapulse360_pipeline' retrieved from /opt/airflow/dags/mediapulse360_pipeline.py
[2026-05-09T15:38:14.652+0000] {logging_mixin.py:190} INFO - [2026-05-09T15:38:14.651+0000] {dag.py:3239} INFO - Sync 1 DAGs
[2026-05-09T15:38:14.672+0000] {logging_mixin.py:190} INFO - [2026-05-09T15:38:14.672+0000] {dag.py:4180} INFO - Setting next_dagrun for mediapulse360_pipeline to 2026-05-09 15:00:00+00:00, run_after=2026-05-09 16:00:00+00:00
[2026-05-09T15:38:14.690+0000] {processor.py:208} INFO - Processing /opt/airflow/dags/mediapulse360_pipeline.py took 0.093 seconds
[2026-05-09T15:38:45.106+0000] {processor.py:186} INFO - Started process (PID=2333) to work on /opt/airflow/dags/mediapulse360_pipeline.py
[2026-05-09T15:38:45.107+0000] {processor.py:914} INFO - Processing file /opt/airflow/dags/mediapulse360_pipeline.py for tasks to queue
[2026-05-09T15:38:45.108+0000] {logging_mixin.py:190} INFO - [2026-05-09T15:38:45.108+0000] {dagbag.py:588} INFO - Filling up the DagBag from /opt/airflow/dags/mediapulse360_pipeline.py
[2026-05-09T15:38:45.123+0000] {processor.py:925} INFO - DAG(s) 'mediapulse360_pipeline' retrieved from /opt/airflow/dags/mediapulse360_pipeline.py
[2026-05-09T15:38:45.147+0000] {logging_mixin.py:190} INFO - [2026-05-09T15:38:45.147+0000] {dag.py:3239} INFO - Sync 1 DAGs
[2026-05-09T15:38:45.165+0000] {logging_mixin.py:190} INFO - [2026-05-09T15:38:45.165+0000] {dag.py:4180} INFO - Setting next_dagrun for mediapulse360_pipeline to 2026-05-09 15:00:00+00:00, run_after=2026-05-09 16:00:00+00:00
[2026-05-09T15:38:45.186+0000] {processor.py:208} INFO - Processing /opt/airflow/dags/mediapulse360_pipeline.py took 0.085 seconds
[2026-05-09T15:39:15.592+0000] {processor.py:186} INFO - Started process (PID=2343) to work on /opt/airflow/dags/mediapulse360_pipeline.py
[2026-05-09T15:39:15.593+0000] {processor.py:914} INFO - Processing file /opt/airflow/dags/mediapulse360_pipeline.py for tasks to queue
[2026-05-09T15:39:15.594+0000] {logging_mixin.py:190} INFO - [2026-05-09T15:39:15.594+0000] {dagbag.py:588} INFO - Filling up the DagBag from /opt/airflow/dags/mediapulse360_pipeline.py
[2026-05-09T15:39:15.608+0000] {processor.py:925} INFO - DAG(s) 'mediapulse360_pipeline' retrieved from /opt/airflow/dags/mediapulse360_pipeline.py
[2026-05-09T15:39:15.631+0000] {logging_mixin.py:190} INFO - [2026-05-09T15:39:15.631+0000] {dag.py:3239} INFO - Sync 1 DAGs
[2026-05-09T15:39:15.649+0000] {logging_mixin.py:190} INFO - [2026-05-09T15:39:15.648+0000] {dag.py:4180} INFO - Setting next_dagrun for mediapulse360_pipeline to 2026-05-09 15:00:00+00:00, run_after=2026-05-09 16:00:00+00:00
[2026-05-09T15:39:15.666+0000] {processor.py:208} INFO - Processing /opt/airflow/dags/mediapulse360_pipeline.py took 0.080 seconds
[2026-05-09T15:39:46.074+0000] {processor.py:186} INFO - Started process (PID=2353) to work on /opt/airflow/dags/mediapulse360_pipeline.py
[2026-05-09T15:39:46.075+0000] {processor.py:914} INFO - Processing file /opt/airflow/dags/mediapulse360_pipeline.py for tasks to queue
[2026-05-09T15:39:46.076+0000] {logging_mixin.py:190} INFO - [2026-05-09T15:39:46.076+0000] {dagbag.py:588} INFO - Filling up the DagBag from /opt/airflow/dags/mediapulse360_pipeline.py
[2026-05-09T15:39:46.089+0000] {processor.py:925} INFO - DAG(s) 'mediapulse360_pipeline' retrieved from /opt/airflow/dags/mediapulse360_pipeline.py
[2026-05-09T15:39:46.111+0000] {logging_mixin.py:190} INFO - [2026-05-09T15:39:46.111+0000] {dag.py:3239} INFO - Sync 1 DAGs
[2026-05-09T15:39:46.129+0000] {logging_mixin.py:190} INFO - [2026-05-09T15:39:46.129+0000] {dag.py:4180} INFO - Setting next_dagrun for mediapulse360_pipeline to 2026-05-09 15:00:00+00:00, run_after=2026-05-09 16:00:00+00:00
[2026-05-09T15:39:46.147+0000] {processor.py:208} INFO - Processing /opt/airflow/dags/mediapulse360_pipeline.py took 0.079 seconds
[2026-05-09T15:40:16.602+0000] {processor.py:186} INFO - Started process (PID=2363) to work on /opt/airflow/dags/mediapulse360_pipeline.py
[2026-05-09T15:40:16.603+0000] {processor.py:914} INFO - Processing file /opt/airflow/dags/mediapulse360_pipeline.py for tasks to queue
[2026-05-09T15:40:16.605+0000] {logging_mixin.py:190} INFO - [2026-05-09T15:40:16.605+0000] {dagbag.py:588} INFO - Filling up the DagBag from /opt/airflow/dags/mediapulse360_pipeline.py
[2026-05-09T15:40:16.624+0000] {processor.py:925} INFO - DAG(s) 'mediapulse360_pipeline' retrieved from /opt/airflow/dags/mediapulse360_pipeline.py
[2026-05-09T15:40:16.654+0000] {logging_mixin.py:190} INFO - [2026-05-09T15:40:16.654+0000] {dag.py:3239} INFO - Sync 1 DAGs
[2026-05-09T15:40:16.674+0000] {logging_mixin.py:190} INFO - [2026-05-09T15:40:16.674+0000] {dag.py:4180} INFO - Setting next_dagrun for mediapulse360_pipeline to 2026-05-09 15:00:00+00:00, run_after=2026-05-09 16:00:00+00:00
[2026-05-09T15:40:16.696+0000] {processor.py:208} INFO - Processing /opt/airflow/dags/mediapulse360_pipeline.py took 0.101 seconds
[2026-05-09T15:40:47.013+0000] {processor.py:186} INFO - Started process (PID=2373) to work on /opt/airflow/dags/mediapulse360_pipeline.py
[2026-05-09T15:40:47.014+0000] {processor.py:914} INFO - Processing file /opt/airflow/dags/mediapulse360_pipeline.py for tasks to queue
[2026-05-09T15:40:47.016+0000] {logging_mixin.py:190} INFO - [2026-05-09T15:40:47.016+0000] {dagbag.py:588} INFO - Filling up the DagBag from /opt/airflow/dags/mediapulse360_pipeline.py
[2026-05-09T15:40:47.033+0000] {processor.py:925} INFO - DAG(s) 'mediapulse360_pipeline' retrieved from /opt/airflow/dags/mediapulse360_pipeline.py
[2026-05-09T15:40:47.060+0000] {logging_mixin.py:190} INFO - [2026-05-09T15:40:47.059+0000] {dag.py:3239} INFO - Sync 1 DAGs
[2026-05-09T15:40:47.080+0000] {logging_mixin.py:190} INFO - [2026-05-09T15:40:47.079+0000] {dag.py:4180} INFO - Setting next_dagrun for mediapulse360_pipeline to 2026-05-09 15:00:00+00:00, run_after=2026-05-09 16:00:00+00:00
[2026-05-09T15:40:47.100+0000] {processor.py:208} INFO - Processing /opt/airflow/dags/mediapulse360_pipeline.py took 0.092 seconds
[2026-05-09T15:41:17.487+0000] {processor.py:186} INFO - Started process (PID=2383) to work on /opt/airflow/dags/mediapulse360_pipeline.py
[2026-05-09T15:41:17.488+0000] {processor.py:914} INFO - Processing file /opt/airflow/dags/mediapulse360_pipeline.py for tasks to queue
[2026-05-09T15:41:17.490+0000] {logging_mixin.py:190} INFO - [2026-05-09T15:41:17.490+0000] {dagbag.py:588} INFO - Filling up the DagBag from /opt/airflow/dags/mediapulse360_pipeline.py
[2026-05-09T15:41:17.507+0000] {processor.py:925} INFO - DAG(s) 'mediapulse360_pipeline' retrieved from /opt/airflow/dags/mediapulse360_pipeline.py
[2026-05-09T15:41:17.530+0000] {logging_mixin.py:190} INFO - [2026-05-09T15:41:17.530+0000] {dag.py:3239} INFO - Sync 1 DAGs
[2026-05-09T15:41:17.549+0000] {logging_mixin.py:190} INFO - [2026-05-09T15:41:17.549+0000] {dag.py:4180} INFO - Setting next_dagrun for mediapulse360_pipeline to 2026-05-09 15:00:00+00:00, run_after=2026-05-09 16:00:00+00:00
[2026-05-09T15:41:17.567+0000] {processor.py:208} INFO - Processing /opt/airflow/dags/mediapulse360_pipeline.py took 0.085 seconds
[2026-05-09T15:41:48.039+0000] {processor.py:186} INFO - Started process (PID=2393) to work on /opt/airflow/dags/mediapulse360_pipeline.py
[2026-05-09T15:41:48.040+0000] {processor.py:914} INFO - Processing file /opt/airflow/dags/mediapulse360_pipeline.py for tasks to queue
[2026-05-09T15:41:48.042+0000] {logging_mixin.py:190} INFO - [2026-05-09T15:41:48.041+0000] {dagbag.py:588} INFO - Filling up the DagBag from /opt/airflow/dags/mediapulse360_pipeline.py
[2026-05-09T15:41:48.063+0000] {processor.py:925} INFO - DAG(s) 'mediapulse360_pipeline' retrieved from /opt/airflow/dags/mediapulse360_pipeline.py
[2026-05-09T15:41:48.087+0000] {logging_mixin.py:190} INFO - [2026-05-09T15:41:48.087+0000] {dag.py:3239} INFO - Sync 1 DAGs
[2026-05-09T15:41:48.105+0000] {logging_mixin.py:190} INFO - [2026-05-09T15:41:48.105+0000] {dag.py:4180} INFO - Setting next_dagrun for mediapulse360_pipeline to 2026-05-09 15:00:00+00:00, run_after=2026-05-09 16:00:00+00:00
[2026-05-09T15:41:48.126+0000] {processor.py:208} INFO - Processing /opt/airflow/dags/mediapulse360_pipeline.py took 0.095 seconds
[2026-05-09T15:42:18.546+0000] {processor.py:186} INFO - Started process (PID=2403) to work on /opt/airflow/dags/mediapulse360_pipeline.py
[2026-05-09T15:42:18.547+0000] {processor.py:914} INFO - Processing file /opt/airflow/dags/mediapulse360_pipeline.py for tasks to queue
[2026-05-09T15:42:18.548+0000] {logging_mixin.py:190} INFO - [2026-05-09T15:42:18.548+0000] {dagbag.py:588} INFO - Filling up the DagBag from /opt/airflow/dags/mediapulse360_pipeline.py
[2026-05-09T15:42:18.561+0000] {processor.py:925} INFO - DAG(s) 'mediapulse360_pipeline' retrieved from /opt/airflow/dags/mediapulse360_pipeline.py
[2026-05-09T15:42:18.584+0000] {logging_mixin.py:190} INFO - [2026-05-09T15:42:18.584+0000] {dag.py:3239} INFO - Sync 1 DAGs
[2026-05-09T15:42:18.613+0000] {logging_mixin.py:190} INFO - [2026-05-09T15:42:18.613+0000] {dag.py:4180} INFO - Setting next_dagrun for mediapulse360_pipeline to 2026-05-09 15:00:00+00:00, run_after=2026-05-09 16:00:00+00:00
[2026-05-09T15:42:18.640+0000] {processor.py:208} INFO - Processing /opt/airflow/dags/mediapulse360_pipeline.py took 0.099 seconds
[2026-05-09T15:42:48.963+0000] {processor.py:186} INFO - Started process (PID=2413) to work on /opt/airflow/dags/mediapulse360_pipeline.py
[2026-05-09T15:42:48.964+0000] {processor.py:914} INFO - Processing file /opt/airflow/dags/mediapulse360_pipeline.py for tasks to queue
[2026-05-09T15:42:48.967+0000] {logging_mixin.py:190} INFO - [2026-05-09T15:42:48.967+0000] {dagbag.py:588} INFO - Filling up the DagBag from /opt/airflow/dags/mediapulse360_pipeline.py
[2026-05-09T15:42:48.982+0000] {processor.py:925} INFO - DAG(s) 'mediapulse360_pipeline' retrieved from /opt/airflow/dags/mediapulse360_pipeline.py
[2026-05-09T15:42:49.014+0000] {logging_mixin.py:190} INFO - [2026-05-09T15:42:49.014+0000] {dag.py:3239} INFO - Sync 1 DAGs
[2026-05-09T15:42:49.038+0000] {logging_mixin.py:190} INFO - [2026-05-09T15:42:49.038+0000] {dag.py:4180} INFO - Setting next_dagrun for mediapulse360_pipeline to 2026-05-09 15:00:00+00:00, run_after=2026-05-09 16:00:00+00:00
[2026-05-09T15:42:49.055+0000] {processor.py:208} INFO - Processing /opt/airflow/dags/mediapulse360_pipeline.py took 0.101 seconds
[2026-05-09T15:43:19.452+0000] {processor.py:186} INFO - Started process (PID=2423) to work on /opt/airflow/dags/mediapulse360_pipeline.py
[2026-05-09T15:43:19.453+0000] {processor.py:914} INFO - Processing file /opt/airflow/dags/mediapulse360_pipeline.py for tasks to queue
[2026-05-09T15:43:19.454+0000] {logging_mixin.py:190} INFO - [2026-05-09T15:43:19.454+0000] {dagbag.py:588} INFO - Filling up the DagBag from /opt/airflow/dags/mediapulse360_pipeline.py
[2026-05-09T15:43:19.468+0000] {processor.py:925} INFO - DAG(s) 'mediapulse360_pipeline' retrieved from /opt/airflow/dags/mediapulse360_pipeline.py
[2026-05-09T15:43:19.492+0000] {logging_mixin.py:190} INFO - [2026-05-09T15:43:19.492+0000] {dag.py:3239} INFO - Sync 1 DAGs
[2026-05-09T15:43:19.517+0000] {logging_mixin.py:190} INFO - [2026-05-09T15:43:19.517+0000] {dag.py:4180} INFO - Setting next_dagrun for mediapulse360_pipeline to 2026-05-09 15:00:00+00:00, run_after=2026-05-09 16:00:00+00:00
[2026-05-09T15:43:19.536+0000] {processor.py:208} INFO - Processing /opt/airflow/dags/mediapulse360_pipeline.py took 0.091 seconds
[2026-05-09T15:43:49.880+0000] {processor.py:186} INFO - Started process (PID=2433) to work on /opt/airflow/dags/mediapulse360_pipeline.py
[2026-05-09T15:43:49.881+0000] {processor.py:914} INFO - Processing file /opt/airflow/dags/mediapulse360_pipeline.py for tasks to queue
[2026-05-09T15:43:49.883+0000] {logging_mixin.py:190} INFO - [2026-05-09T15:43:49.882+0000] {dagbag.py:588} INFO - Filling up the DagBag from /opt/airflow/dags/mediapulse360_pipeline.py
[2026-05-09T15:43:49.897+0000] {processor.py:925} INFO - DAG(s) 'mediapulse360_pipeline' retrieved from /opt/airflow/dags/mediapulse360_pipeline.py
[2026-05-09T15:43:49.923+0000] {logging_mixin.py:190} INFO - [2026-05-09T15:43:49.923+0000] {dag.py:3239} INFO - Sync 1 DAGs
[2026-05-09T15:43:49.941+0000] {logging_mixin.py:190} INFO - [2026-05-09T15:43:49.941+0000] {dag.py:4180} INFO - Setting next_dagrun for mediapulse360_pipeline to 2026-05-09 15:00:00+00:00, run_after=2026-05-09 16:00:00+00:00
[2026-05-09T15:43:49.955+0000] {processor.py:208} INFO - Processing /opt/airflow/dags/mediapulse360_pipeline.py took 0.081 seconds
[2026-05-09T15:44:20.298+0000] {processor.py:186} INFO - Started process (PID=2443) to work on /opt/airflow/dags/mediapulse360_pipeline.py
[2026-05-09T15:44:20.299+0000] {processor.py:914} INFO - Processing file /opt/airflow/dags/mediapulse360_pipeline.py for tasks to queue
[2026-05-09T15:44:20.301+0000] {logging_mixin.py:190} INFO - [2026-05-09T15:44:20.300+0000] {dagbag.py:588} INFO - Filling up the DagBag from /opt/airflow/dags/mediapulse360_pipeline.py
[2026-05-09T15:44:20.316+0000] {processor.py:925} INFO - DAG(s) 'mediapulse360_pipeline' retrieved from /opt/airflow/dags/mediapulse360_pipeline.py
[2026-05-09T15:44:20.344+0000] {logging_mixin.py:190} INFO - [2026-05-09T15:44:20.344+0000] {dag.py:3239} INFO - Sync 1 DAGs
[2026-05-09T15:44:20.363+0000] {logging_mixin.py:190} INFO - [2026-05-09T15:44:20.363+0000] {dag.py:4180} INFO - Setting next_dagrun for mediapulse360_pipeline to 2026-05-09 15:00:00+00:00, run_after=2026-05-09 16:00:00+00:00
[2026-05-09T15:44:20.377+0000] {processor.py:208} INFO - Processing /opt/airflow/dags/mediapulse360_pipeline.py took 0.085 seconds
[2026-05-09T15:44:50.755+0000] {processor.py:186} INFO - Started process (PID=2453) to work on /opt/airflow/dags/mediapulse360_pipeline.py
[2026-05-09T15:44:50.756+0000] {processor.py:914} INFO - Processing file /opt/airflow/dags/mediapulse360_pipeline.py for tasks to queue
[2026-05-09T15:44:50.757+0000] {logging_mixin.py:190} INFO - [2026-05-09T15:44:50.757+0000] {dagbag.py:588} INFO - Filling up the DagBag from /opt/airflow/dags/mediapulse360_pipeline.py
[2026-05-09T15:44:50.777+0000] {processor.py:925} INFO - DAG(s) 'mediapulse360_pipeline' retrieved from /opt/airflow/dags/mediapulse360_pipeline.py
[2026-05-09T15:44:50.804+0000] {logging_mixin.py:190} INFO - [2026-05-09T15:44:50.803+0000] {dag.py:3239} INFO - Sync 1 DAGs
[2026-05-09T15:44:50.824+0000] {logging_mixin.py:190} INFO - [2026-05-09T15:44:50.823+0000] {dag.py:4180} INFO - Setting next_dagrun for mediapulse360_pipeline to 2026-05-09 15:00:00+00:00, run_after=2026-05-09 16:00:00+00:00
[2026-05-09T15:44:50.845+0000] {processor.py:208} INFO - Processing /opt/airflow/dags/mediapulse360_pipeline.py took 0.096 seconds
[2026-05-09T15:45:21.235+0000] {processor.py:186} INFO - Started process (PID=2463) to work on /opt/airflow/dags/mediapulse360_pipeline.py
[2026-05-09T15:45:21.236+0000] {processor.py:914} INFO - Processing file /opt/airflow/dags/mediapulse360_pipeline.py for tasks to queue
[2026-05-09T15:45:21.238+0000] {logging_mixin.py:190} INFO - [2026-05-09T15:45:21.238+0000] {dagbag.py:588} INFO - Filling up the DagBag from /opt/airflow/dags/mediapulse360_pipeline.py
[2026-05-09T15:45:21.262+0000] {processor.py:925} INFO - DAG(s) 'mediapulse360_pipeline' retrieved from /opt/airflow/dags/mediapulse360_pipeline.py
[2026-05-09T15:45:21.287+0000] {logging_mixin.py:190} INFO - [2026-05-09T15:45:21.287+0000] {dag.py:3239} INFO - Sync 1 DAGs
[2026-05-09T15:45:21.306+0000] {logging_mixin.py:190} INFO - [2026-05-09T15:45:21.306+0000] {dag.py:4180} INFO - Setting next_dagrun for mediapulse360_pipeline to 2026-05-09 15:00:00+00:00, run_after=2026-05-09 16:00:00+00:00
[2026-05-09T15:45:21.329+0000] {processor.py:208} INFO - Processing /opt/airflow/dags/mediapulse360_pipeline.py took 0.100 seconds
[2026-05-09T15:45:51.696+0000] {processor.py:186} INFO - Started process (PID=2473) to work on /opt/airflow/dags/mediapulse360_pipeline.py
[2026-05-09T15:45:51.698+0000] {processor.py:914} INFO - Processing file /opt/airflow/dags/mediapulse360_pipeline.py for tasks to queue
[2026-05-09T15:45:51.702+0000] {logging_mixin.py:190} INFO - [2026-05-09T15:45:51.700+0000] {dagbag.py:588} INFO - Filling up the DagBag from /opt/airflow/dags/mediapulse360_pipeline.py
[2026-05-09T15:45:51.730+0000] {processor.py:925} INFO - DAG(s) 'mediapulse360_pipeline' retrieved from /opt/airflow/dags/mediapulse360_pipeline.py
[2026-05-09T15:45:51.774+0000] {logging_mixin.py:190} INFO - [2026-05-09T15:45:51.774+0000] {dag.py:3239} INFO - Sync 1 DAGs
[2026-05-09T15:45:51.809+0000] {logging_mixin.py:190} INFO - [2026-05-09T15:45:51.809+0000] {dag.py:4180} INFO - Setting next_dagrun for mediapulse360_pipeline to 2026-05-09 15:00:00+00:00, run_after=2026-05-09 16:00:00+00:00
[2026-05-09T15:45:51.847+0000] {processor.py:208} INFO - Processing /opt/airflow/dags/mediapulse360_pipeline.py took 0.162 seconds
[2026-05-09T15:46:22.611+0000] {processor.py:186} INFO - Started process (PID=2507) to work on /opt/airflow/dags/mediapulse360_pipeline.py
[2026-05-09T15:46:22.612+0000] {processor.py:914} INFO - Processing file /opt/airflow/dags/mediapulse360_pipeline.py for tasks to queue
[2026-05-09T15:46:22.614+0000] {logging_mixin.py:190} INFO - [2026-05-09T15:46:22.614+0000] {dagbag.py:588} INFO - Filling up the DagBag from /opt/airflow/dags/mediapulse360_pipeline.py
[2026-05-09T15:46:22.637+0000] {processor.py:925} INFO - DAG(s) 'mediapulse360_pipeline' retrieved from /opt/airflow/dags/mediapulse360_pipeline.py
[2026-05-09T15:46:22.680+0000] {logging_mixin.py:190} INFO - [2026-05-09T15:46:22.679+0000] {dag.py:3239} INFO - Sync 1 DAGs
[2026-05-09T15:46:22.721+0000] {logging_mixin.py:190} INFO - [2026-05-09T15:46:22.720+0000] {dag.py:4180} INFO - Setting next_dagrun for mediapulse360_pipeline to 2026-05-09 15:00:00+00:00, run_after=2026-05-09 16:00:00+00:00
[2026-05-09T15:46:22.751+0000] {processor.py:208} INFO - Processing /opt/airflow/dags/mediapulse360_pipeline.py took 0.146 seconds
[2026-05-09T15:46:53.102+0000] {processor.py:186} INFO - Started process (PID=2626) to work on /opt/airflow/dags/mediapulse360_pipeline.py
[2026-05-09T15:46:53.103+0000] {processor.py:914} INFO - Processing file /opt/airflow/dags/mediapulse360_pipeline.py for tasks to queue
[2026-05-09T15:46:53.104+0000] {logging_mixin.py:190} INFO - [2026-05-09T15:46:53.104+0000] {dagbag.py:588} INFO - Filling up the DagBag from /opt/airflow/dags/mediapulse360_pipeline.py
[2026-05-09T15:46:53.201+0000] {processor.py:925} INFO - DAG(s) 'mediapulse360_pipeline' retrieved from /opt/airflow/dags/mediapulse360_pipeline.py
[2026-05-09T15:46:53.299+0000] {logging_mixin.py:190} INFO - [2026-05-09T15:46:53.299+0000] {dag.py:3239} INFO - Sync 1 DAGs
[2026-05-09T15:46:53.450+0000] {logging_mixin.py:190} INFO - [2026-05-09T15:46:53.450+0000] {dag.py:4180} INFO - Setting next_dagrun for mediapulse360_pipeline to 2026-05-09 15:00:00+00:00, run_after=2026-05-09 16:00:00+00:00
[2026-05-09T15:46:53.608+0000] {processor.py:208} INFO - Processing /opt/airflow/dags/mediapulse360_pipeline.py took 0.512 seconds
[2026-05-09T15:47:24.416+0000] {processor.py:186} INFO - Started process (PID=2727) to work on /opt/airflow/dags/mediapulse360_pipeline.py
[2026-05-09T15:47:24.418+0000] {processor.py:914} INFO - Processing file /opt/airflow/dags/mediapulse360_pipeline.py for tasks to queue
[2026-05-09T15:47:24.419+0000] {logging_mixin.py:190} INFO - [2026-05-09T15:47:24.419+0000] {dagbag.py:588} INFO - Filling up the DagBag from /opt/airflow/dags/mediapulse360_pipeline.py
[2026-05-09T15:47:24.432+0000] {processor.py:925} INFO - DAG(s) 'mediapulse360_pipeline' retrieved from /opt/airflow/dags/mediapulse360_pipeline.py
[2026-05-09T15:47:24.458+0000] {logging_mixin.py:190} INFO - [2026-05-09T15:47:24.457+0000] {dag.py:3239} INFO - Sync 1 DAGs
[2026-05-09T15:47:24.478+0000] {logging_mixin.py:190} INFO - [2026-05-09T15:47:24.478+0000] {dag.py:4180} INFO - Setting next_dagrun for mediapulse360_pipeline to 2026-05-09 15:00:00+00:00, run_after=2026-05-09 16:00:00+00:00
[2026-05-09T15:47:24.500+0000] {processor.py:208} INFO - Processing /opt/airflow/dags/mediapulse360_pipeline.py took 0.090 seconds
[2026-05-09T15:47:54.830+0000] {processor.py:186} INFO - Started process (PID=2737) to work on /opt/airflow/dags/mediapulse360_pipeline.py
[2026-05-09T15:47:54.831+0000] {processor.py:914} INFO - Processing file /opt/airflow/dags/mediapulse360_pipeline.py for tasks to queue
[2026-05-09T15:47:54.833+0000] {logging_mixin.py:190} INFO - [2026-05-09T15:47:54.832+0000] {dagbag.py:588} INFO - Filling up the DagBag from /opt/airflow/dags/mediapulse360_pipeline.py
[2026-05-09T15:47:54.851+0000] {processor.py:925} INFO - DAG(s) 'mediapulse360_pipeline' retrieved from /opt/airflow/dags/mediapulse360_pipeline.py
[2026-05-09T15:47:54.881+0000] {logging_mixin.py:190} INFO - [2026-05-09T15:47:54.881+0000] {dag.py:3239} INFO - Sync 1 DAGs
[2026-05-09T15:47:54.907+0000] {logging_mixin.py:190} INFO - [2026-05-09T15:47:54.906+0000] {dag.py:4180} INFO - Setting next_dagrun for mediapulse360_pipeline to 2026-05-09 15:00:00+00:00, run_after=2026-05-09 16:00:00+00:00
[2026-05-09T15:47:54.929+0000] {processor.py:208} INFO - Processing /opt/airflow/dags/mediapulse360_pipeline.py took 0.104 seconds
[2026-05-09T15:48:25.133+0000] {processor.py:186} INFO - Started process (PID=2747) to work on /opt/airflow/dags/mediapulse360_pipeline.py
[2026-05-09T15:48:25.134+0000] {processor.py:914} INFO - Processing file /opt/airflow/dags/mediapulse360_pipeline.py for tasks to queue
[2026-05-09T15:48:25.135+0000] {logging_mixin.py:190} INFO - [2026-05-09T15:48:25.135+0000] {dagbag.py:588} INFO - Filling up the DagBag from /opt/airflow/dags/mediapulse360_pipeline.py
[2026-05-09T15:48:25.157+0000] {processor.py:925} INFO - DAG(s) 'mediapulse360_pipeline' retrieved from /opt/airflow/dags/mediapulse360_pipeline.py
[2026-05-09T15:48:25.183+0000] {logging_mixin.py:190} INFO - [2026-05-09T15:48:25.183+0000] {dag.py:3239} INFO - Sync 1 DAGs
[2026-05-09T15:48:25.205+0000] {logging_mixin.py:190} INFO - [2026-05-09T15:48:25.205+0000] {dag.py:4180} INFO - Setting next_dagrun for mediapulse360_pipeline to 2026-05-09 15:00:00+00:00, run_after=2026-05-09 16:00:00+00:00
[2026-05-09T15:48:25.226+0000] {processor.py:208} INFO - Processing /opt/airflow/dags/mediapulse360_pipeline.py took 0.099 seconds
[2026-05-09T15:48:55.545+0000] {processor.py:186} INFO - Started process (PID=2757) to work on /opt/airflow/dags/mediapulse360_pipeline.py
[2026-05-09T15:48:55.546+0000] {processor.py:914} INFO - Processing file /opt/airflow/dags/mediapulse360_pipeline.py for tasks to queue
[2026-05-09T15:48:55.549+0000] {logging_mixin.py:190} INFO - [2026-05-09T15:48:55.548+0000] {dagbag.py:588} INFO - Filling up the DagBag from /opt/airflow/dags/mediapulse360_pipeline.py
[2026-05-09T15:48:55.568+0000] {processor.py:925} INFO - DAG(s) 'mediapulse360_pipeline' retrieved from /opt/airflow/dags/mediapulse360_pipeline.py
[2026-05-09T15:48:55.599+0000] {logging_mixin.py:190} INFO - [2026-05-09T15:48:55.599+0000] {dag.py:3239} INFO - Sync 1 DAGs
[2026-05-09T15:48:55.624+0000] {logging_mixin.py:190} INFO - [2026-05-09T15:48:55.623+0000] {dag.py:4180} INFO - Setting next_dagrun for mediapulse360_pipeline to 2026-05-09 15:00:00+00:00, run_after=2026-05-09 16:00:00+00:00
[2026-05-09T15:48:55.648+0000] {processor.py:208} INFO - Processing /opt/airflow/dags/mediapulse360_pipeline.py took 0.111 seconds
[2026-05-09T15:49:26.051+0000] {processor.py:186} INFO - Started process (PID=2767) to work on /opt/airflow/dags/mediapulse360_pipeline.py
[2026-05-09T15:49:26.060+0000] {processor.py:914} INFO - Processing file /opt/airflow/dags/mediapulse360_pipeline.py for tasks to queue
[2026-05-09T15:49:26.062+0000] {logging_mixin.py:190} INFO - [2026-05-09T15:49:26.061+0000] {dagbag.py:588} INFO - Filling up the DagBag from /opt/airflow/dags/mediapulse360_pipeline.py
[2026-05-09T15:49:26.076+0000] {processor.py:925} INFO - DAG(s) 'mediapulse360_pipeline' retrieved from /opt/airflow/dags/mediapulse360_pipeline.py
[2026-05-09T15:49:26.104+0000] {logging_mixin.py:190} INFO - [2026-05-09T15:49:26.104+0000] {dag.py:3239} INFO - Sync 1 DAGs
[2026-05-09T15:49:26.124+0000] {logging_mixin.py:190} INFO - [2026-05-09T15:49:26.124+0000] {dag.py:4180} INFO - Setting next_dagrun for mediapulse360_pipeline to 2026-05-09 15:00:00+00:00, run_after=2026-05-09 16:00:00+00:00
[2026-05-09T15:49:26.142+0000] {processor.py:208} INFO - Processing /opt/airflow/dags/mediapulse360_pipeline.py took 0.099 seconds
[2026-05-09T15:49:56.388+0000] {processor.py:186} INFO - Started process (PID=2777) to work on /opt/airflow/dags/mediapulse360_pipeline.py
[2026-05-09T15:49:56.389+0000] {processor.py:914} INFO - Processing file /opt/airflow/dags/mediapulse360_pipeline.py for tasks to queue
[2026-05-09T15:49:56.391+0000] {logging_mixin.py:190} INFO - [2026-05-09T15:49:56.390+0000] {dagbag.py:588} INFO - Filling up the DagBag from /opt/airflow/dags/mediapulse360_pipeline.py
[2026-05-09T15:49:56.412+0000] {processor.py:925} INFO - DAG(s) 'mediapulse360_pipeline' retrieved from /opt/airflow/dags/mediapulse360_pipeline.py
[2026-05-09T15:49:56.442+0000] {logging_mixin.py:190} INFO - [2026-05-09T15:49:56.442+0000] {dag.py:3239} INFO - Sync 1 DAGs
[2026-05-09T15:49:56.465+0000] {logging_mixin.py:190} INFO - [2026-05-09T15:49:56.465+0000] {dag.py:4180} INFO - Setting next_dagrun for mediapulse360_pipeline to 2026-05-09 15:00:00+00:00, run_after=2026-05-09 16:00:00+00:00
[2026-05-09T15:49:56.486+0000] {processor.py:208} INFO - Processing /opt/airflow/dags/mediapulse360_pipeline.py took 0.108 seconds
[2026-05-09T15:50:26.850+0000] {processor.py:186} INFO - Started process (PID=2787) to work on /opt/airflow/dags/mediapulse360_pipeline.py
[2026-05-09T15:50:26.851+0000] {processor.py:914} INFO - Processing file /opt/airflow/dags/mediapulse360_pipeline.py for tasks to queue
[2026-05-09T15:50:26.853+0000] {logging_mixin.py:190} INFO - [2026-05-09T15:50:26.853+0000] {dagbag.py:588} INFO - Filling up the DagBag from /opt/airflow/dags/mediapulse360_pipeline.py
[2026-05-09T15:50:26.870+0000] {processor.py:925} INFO - DAG(s) 'mediapulse360_pipeline' retrieved from /opt/airflow/dags/mediapulse360_pipeline.py
[2026-05-09T15:50:26.907+0000] {logging_mixin.py:190} INFO - [2026-05-09T15:50:26.907+0000] {dag.py:3239} INFO - Sync 1 DAGs
[2026-05-09T15:50:26.933+0000] {logging_mixin.py:190} INFO - [2026-05-09T15:50:26.933+0000] {dag.py:4180} INFO - Setting next_dagrun for mediapulse360_pipeline to 2026-05-09 15:00:00+00:00, run_after=2026-05-09 16:00:00+00:00
[2026-05-09T15:50:26.955+0000] {processor.py:208} INFO - Processing /opt/airflow/dags/mediapulse360_pipeline.py took 0.113 seconds
[2026-05-09T15:50:57.359+0000] {processor.py:186} INFO - Started process (PID=2797) to work on /opt/airflow/dags/mediapulse360_pipeline.py
[2026-05-09T15:50:57.360+0000] {processor.py:914} INFO - Processing file /opt/airflow/dags/mediapulse360_pipeline.py for tasks to queue
[2026-05-09T15:50:57.362+0000] {logging_mixin.py:190} INFO - [2026-05-09T15:50:57.361+0000] {dagbag.py:588} INFO - Filling up the DagBag from /opt/airflow/dags/mediapulse360_pipeline.py
[2026-05-09T15:50:57.381+0000] {processor.py:925} INFO - DAG(s) 'mediapulse360_pipeline' retrieved from /opt/airflow/dags/mediapulse360_pipeline.py
[2026-05-09T15:50:57.419+0000] {logging_mixin.py:190} INFO - [2026-05-09T15:50:57.419+0000] {dag.py:3239} INFO - Sync 1 DAGs
[2026-05-09T15:50:57.450+0000] {logging_mixin.py:190} INFO - [2026-05-09T15:50:57.450+0000] {dag.py:4180} INFO - Setting next_dagrun for mediapulse360_pipeline to 2026-05-09 15:00:00+00:00, run_after=2026-05-09 16:00:00+00:00
[2026-05-09T15:50:57.472+0000] {processor.py:208} INFO - Processing /opt/airflow/dags/mediapulse360_pipeline.py took 0.120 seconds
[2026-05-09T15:51:27.686+0000] {processor.py:186} INFO - Started process (PID=2807) to work on /opt/airflow/dags/mediapulse360_pipeline.py
[2026-05-09T15:51:27.687+0000] {processor.py:914} INFO - Processing file /opt/airflow/dags/mediapulse360_pipeline.py for tasks to queue
[2026-05-09T15:51:27.688+0000] {logging_mixin.py:190} INFO - [2026-05-09T15:51:27.688+0000] {dagbag.py:588} INFO - Filling up the DagBag from /opt/airflow/dags/mediapulse360_pipeline.py
[2026-05-09T15:51:27.708+0000] {processor.py:925} INFO - DAG(s) 'mediapulse360_pipeline' retrieved from /opt/airflow/dags/mediapulse360_pipeline.py
[2026-05-09T15:51:27.747+0000] {logging_mixin.py:190} INFO - [2026-05-09T15:51:27.747+0000] {dag.py:3239} INFO - Sync 1 DAGs
[2026-05-09T15:51:27.772+0000] {logging_mixin.py:190} INFO - [2026-05-09T15:51:27.772+0000] {dag.py:4180} INFO - Setting next_dagrun for mediapulse360_pipeline to 2026-05-09 15:00:00+00:00, run_after=2026-05-09 16:00:00+00:00
[2026-05-09T15:51:27.793+0000] {processor.py:208} INFO - Processing /opt/airflow/dags/mediapulse360_pipeline.py took 0.114 seconds
[2026-05-09T15:51:58.171+0000] {processor.py:186} INFO - Started process (PID=2817) to work on /opt/airflow/dags/mediapulse360_pipeline.py
[2026-05-09T15:51:58.172+0000] {processor.py:914} INFO - Processing file /opt/airflow/dags/mediapulse360_pipeline.py for tasks to queue
[2026-05-09T15:51:58.173+0000] {logging_mixin.py:190} INFO - [2026-05-09T15:51:58.173+0000] {dagbag.py:588} INFO - Filling up the DagBag from /opt/airflow/dags/mediapulse360_pipeline.py
[2026-05-09T15:51:58.188+0000] {processor.py:925} INFO - DAG(s) 'mediapulse360_pipeline' retrieved from /opt/airflow/dags/mediapulse360_pipeline.py
[2026-05-09T15:51:58.217+0000] {logging_mixin.py:190} INFO - [2026-05-09T15:51:58.217+0000] {dag.py:3239} INFO - Sync 1 DAGs
[2026-05-09T15:51:58.247+0000] {logging_mixin.py:190} INFO - [2026-05-09T15:51:58.247+0000] {dag.py:4180} INFO - Setting next_dagrun for mediapulse360_pipeline to 2026-05-09 15:00:00+00:00, run_after=2026-05-09 16:00:00+00:00
[2026-05-09T15:51:58.273+0000] {processor.py:208} INFO - Processing /opt/airflow/dags/mediapulse360_pipeline.py took 0.108 seconds
[2026-05-09T15:52:28.686+0000] {processor.py:186} INFO - Started process (PID=2827) to work on /opt/airflow/dags/mediapulse360_pipeline.py
[2026-05-09T15:52:28.688+0000] {processor.py:914} INFO - Processing file /opt/airflow/dags/mediapulse360_pipeline.py for tasks to queue
[2026-05-09T15:52:28.690+0000] {logging_mixin.py:190} INFO - [2026-05-09T15:52:28.690+0000] {dagbag.py:588} INFO - Filling up the DagBag from /opt/airflow/dags/mediapulse360_pipeline.py
[2026-05-09T15:52:28.706+0000] {processor.py:925} INFO - DAG(s) 'mediapulse360_pipeline' retrieved from /opt/airflow/dags/mediapulse360_pipeline.py
[2026-05-09T15:52:28.749+0000] {logging_mixin.py:190} INFO - [2026-05-09T15:52:28.748+0000] {dag.py:3239} INFO - Sync 1 DAGs
[2026-05-09T15:52:28.768+0000] {logging_mixin.py:190} INFO - [2026-05-09T15:52:28.768+0000] {dag.py:4180} INFO - Setting next_dagrun for mediapulse360_pipeline to 2026-05-09 15:00:00+00:00, run_after=2026-05-09 16:00:00+00:00
[2026-05-09T15:52:28.787+0000] {processor.py:208} INFO - Processing /opt/airflow/dags/mediapulse360_pipeline.py took 0.108 seconds
[2026-05-09T15:52:59.039+0000] {processor.py:186} INFO - Started process (PID=2837) to work on /opt/airflow/dags/mediapulse360_pipeline.py
[2026-05-09T15:52:59.040+0000] {processor.py:914} INFO - Processing file /opt/airflow/dags/mediapulse360_pipeline.py for tasks to queue
[2026-05-09T15:52:59.041+0000] {logging_mixin.py:190} INFO - [2026-05-09T15:52:59.041+0000] {dagbag.py:588} INFO - Filling up the DagBag from /opt/airflow/dags/mediapulse360_pipeline.py
[2026-05-09T15:52:59.055+0000] {processor.py:925} INFO - DAG(s) 'mediapulse360_pipeline' retrieved from /opt/airflow/dags/mediapulse360_pipeline.py
[2026-05-09T15:52:59.081+0000] {logging_mixin.py:190} INFO - [2026-05-09T15:52:59.080+0000] {dag.py:3239} INFO - Sync 1 DAGs
[2026-05-09T15:52:59.102+0000] {logging_mixin.py:190} INFO - [2026-05-09T15:52:59.102+0000] {dag.py:4180} INFO - Setting next_dagrun for mediapulse360_pipeline to 2026-05-09 15:00:00+00:00, run_after=2026-05-09 16:00:00+00:00
[2026-05-09T15:52:59.132+0000] {processor.py:208} INFO - Processing /opt/airflow/dags/mediapulse360_pipeline.py took 0.100 seconds
[2026-05-09T15:53:29.457+0000] {processor.py:186} INFO - Started process (PID=2847) to work on /opt/airflow/dags/mediapulse360_pipeline.py
[2026-05-09T15:53:29.462+0000] {processor.py:914} INFO - Processing file /opt/airflow/dags/mediapulse360_pipeline.py for tasks to queue
[2026-05-09T15:53:29.464+0000] {logging_mixin.py:190} INFO - [2026-05-09T15:53:29.463+0000] {dagbag.py:588} INFO - Filling up the DagBag from /opt/airflow/dags/mediapulse360_pipeline.py
[2026-05-09T15:53:29.483+0000] {processor.py:925} INFO - DAG(s) 'mediapulse360_pipeline' retrieved from /opt/airflow/dags/mediapulse360_pipeline.py
[2026-05-09T15:53:29.518+0000] {logging_mixin.py:190} INFO - [2026-05-09T15:53:29.518+0000] {dag.py:3239} INFO - Sync 1 DAGs
[2026-05-09T15:53:29.547+0000] {logging_mixin.py:190} INFO - [2026-05-09T15:53:29.547+0000] {dag.py:4180} INFO - Setting next_dagrun for mediapulse360_pipeline to 2026-05-09 15:00:00+00:00, run_after=2026-05-09 16:00:00+00:00
[2026-05-09T15:53:29.569+0000] {processor.py:208} INFO - Processing /opt/airflow/dags/mediapulse360_pipeline.py took 0.121 seconds
[2026-05-09T15:53:59.916+0000] {processor.py:186} INFO - Started process (PID=2857) to work on /opt/airflow/dags/mediapulse360_pipeline.py
[2026-05-09T15:53:59.917+0000] {processor.py:914} INFO - Processing file /opt/airflow/dags/mediapulse360_pipeline.py for tasks to queue
[2026-05-09T15:53:59.919+0000] {logging_mixin.py:190} INFO - [2026-05-09T15:53:59.918+0000] {dagbag.py:588} INFO - Filling up the DagBag from /opt/airflow/dags/mediapulse360_pipeline.py
[2026-05-09T15:53:59.933+0000] {processor.py:925} INFO - DAG(s) 'mediapulse360_pipeline' retrieved from /opt/airflow/dags/mediapulse360_pipeline.py
[2026-05-09T15:53:59.963+0000] {logging_mixin.py:190} INFO - [2026-05-09T15:53:59.963+0000] {dag.py:3239} INFO - Sync 1 DAGs
[2026-05-09T15:53:59.988+0000] {logging_mixin.py:190} INFO - [2026-05-09T15:53:59.988+0000] {dag.py:4180} INFO - Setting next_dagrun for mediapulse360_pipeline to 2026-05-09 15:00:00+00:00, run_after=2026-05-09 16:00:00+00:00
[2026-05-09T15:54:00.021+0000] {processor.py:208} INFO - Processing /opt/airflow/dags/mediapulse360_pipeline.py took 0.111 seconds
[2026-05-09T15:54:30.345+0000] {processor.py:186} INFO - Started process (PID=2867) to work on /opt/airflow/dags/mediapulse360_pipeline.py
[2026-05-09T15:54:30.347+0000] {processor.py:914} INFO - Processing file /opt/airflow/dags/mediapulse360_pipeline.py for tasks to queue
[2026-05-09T15:54:30.350+0000] {logging_mixin.py:190} INFO - [2026-05-09T15:54:30.348+0000] {dagbag.py:588} INFO - Filling up the DagBag from /opt/airflow/dags/mediapulse360_pipeline.py
[2026-05-09T15:54:30.367+0000] {processor.py:925} INFO - DAG(s) 'mediapulse360_pipeline' retrieved from /opt/airflow/dags/mediapulse360_pipeline.py
[2026-05-09T15:54:30.399+0000] {logging_mixin.py:190} INFO - [2026-05-09T15:54:30.398+0000] {dag.py:3239} INFO - Sync 1 DAGs
[2026-05-09T15:54:30.427+0000] {logging_mixin.py:190} INFO - [2026-05-09T15:54:30.427+0000] {dag.py:4180} INFO - Setting next_dagrun for mediapulse360_pipeline to 2026-05-09 15:00:00+00:00, run_after=2026-05-09 16:00:00+00:00
[2026-05-09T15:54:30.455+0000] {processor.py:208} INFO - Processing /opt/airflow/dags/mediapulse360_pipeline.py took 0.117 seconds
[2026-05-09T15:55:00.820+0000] {processor.py:186} INFO - Started process (PID=2877) to work on /opt/airflow/dags/mediapulse360_pipeline.py
[2026-05-09T15:55:00.822+0000] {processor.py:914} INFO - Processing file /opt/airflow/dags/mediapulse360_pipeline.py for tasks to queue
[2026-05-09T15:55:00.830+0000] {logging_mixin.py:190} INFO - [2026-05-09T15:55:00.830+0000] {dagbag.py:588} INFO - Filling up the DagBag from /opt/airflow/dags/mediapulse360_pipeline.py
[2026-05-09T15:55:00.852+0000] {processor.py:925} INFO - DAG(s) 'mediapulse360_pipeline' retrieved from /opt/airflow/dags/mediapulse360_pipeline.py
[2026-05-09T15:55:00.893+0000] {logging_mixin.py:190} INFO - [2026-05-09T15:55:00.893+0000] {dag.py:3239} INFO - Sync 1 DAGs
[2026-05-09T15:55:00.924+0000] {logging_mixin.py:190} INFO - [2026-05-09T15:55:00.924+0000] {dag.py:4180} INFO - Setting next_dagrun for mediapulse360_pipeline to 2026-05-09 15:00:00+00:00, run_after=2026-05-09 16:00:00+00:00
[2026-05-09T15:55:00.951+0000] {processor.py:208} INFO - Processing /opt/airflow/dags/mediapulse360_pipeline.py took 0.140 seconds
[2026-05-09T15:55:31.187+0000] {processor.py:186} INFO - Started process (PID=2887) to work on /opt/airflow/dags/mediapulse360_pipeline.py
[2026-05-09T15:55:31.190+0000] {processor.py:914} INFO - Processing file /opt/airflow/dags/mediapulse360_pipeline.py for tasks to queue
[2026-05-09T15:55:31.192+0000] {logging_mixin.py:190} INFO - [2026-05-09T15:55:31.192+0000] {dagbag.py:588} INFO - Filling up the DagBag from /opt/airflow/dags/mediapulse360_pipeline.py
[2026-05-09T15:55:31.212+0000] {processor.py:925} INFO - DAG(s) 'mediapulse360_pipeline' retrieved from /opt/airflow/dags/mediapulse360_pipeline.py
[2026-05-09T15:55:31.263+0000] {logging_mixin.py:190} INFO - [2026-05-09T15:55:31.263+0000] {dag.py:3239} INFO - Sync 1 DAGs
[2026-05-09T15:55:31.301+0000] {logging_mixin.py:190} INFO - [2026-05-09T15:55:31.301+0000] {dag.py:4180} INFO - Setting next_dagrun for mediapulse360_pipeline to 2026-05-09 15:00:00+00:00, run_after=2026-05-09 16:00:00+00:00
[2026-05-09T15:55:31.333+0000] {processor.py:208} INFO - Processing /opt/airflow/dags/mediapulse360_pipeline.py took 0.157 seconds
[2026-05-09T15:56:01.554+0000] {processor.py:186} INFO - Started process (PID=2897) to work on /opt/airflow/dags/mediapulse360_pipeline.py
[2026-05-09T15:56:01.555+0000] {processor.py:914} INFO - Processing file /opt/airflow/dags/mediapulse360_pipeline.py for tasks to queue
[2026-05-09T15:56:01.557+0000] {logging_mixin.py:190} INFO - [2026-05-09T15:56:01.556+0000] {dagbag.py:588} INFO - Filling up the DagBag from /opt/airflow/dags/mediapulse360_pipeline.py
[2026-05-09T15:56:01.573+0000] {processor.py:925} INFO - DAG(s) 'mediapulse360_pipeline' retrieved from /opt/airflow/dags/mediapulse360_pipeline.py
[2026-05-09T15:56:01.642+0000] {logging_mixin.py:190} INFO - [2026-05-09T15:56:01.642+0000] {dag.py:3239} INFO - Sync 1 DAGs
[2026-05-09T15:56:01.678+0000] {logging_mixin.py:190} INFO - [2026-05-09T15:56:01.678+0000] {dag.py:4180} INFO - Setting next_dagrun for mediapulse360_pipeline to 2026-05-09 15:00:00+00:00, run_after=2026-05-09 16:00:00+00:00
[2026-05-09T15:56:01.706+0000] {processor.py:208} INFO - Processing /opt/airflow/dags/mediapulse360_pipeline.py took 0.160 seconds
[2026-05-09T15:56:32.035+0000] {processor.py:186} INFO - Started process (PID=2907) to work on /opt/airflow/dags/mediapulse360_pipeline.py
[2026-05-09T15:56:32.037+0000] {processor.py:914} INFO - Processing file /opt/airflow/dags/mediapulse360_pipeline.py for tasks to queue
[2026-05-09T15:56:32.039+0000] {logging_mixin.py:190} INFO - [2026-05-09T15:56:32.038+0000] {dagbag.py:588} INFO - Filling up the DagBag from /opt/airflow/dags/mediapulse360_pipeline.py
[2026-05-09T15:56:32.069+0000] {processor.py:925} INFO - DAG(s) 'mediapulse360_pipeline' retrieved from /opt/airflow/dags/mediapulse360_pipeline.py
[2026-05-09T15:56:32.115+0000] {logging_mixin.py:190} INFO - [2026-05-09T15:56:32.114+0000] {dag.py:3239} INFO - Sync 1 DAGs
[2026-05-09T15:56:32.151+0000] {logging_mixin.py:190} INFO - [2026-05-09T15:56:32.151+0000] {dag.py:4180} INFO - Setting next_dagrun for mediapulse360_pipeline to 2026-05-09 15:00:00+00:00, run_after=2026-05-09 16:00:00+00:00
[2026-05-09T15:56:32.203+0000] {processor.py:208} INFO - Processing /opt/airflow/dags/mediapulse360_pipeline.py took 0.178 seconds
[2026-05-09T15:57:02.417+0000] {processor.py:186} INFO - Started process (PID=2917) to work on /opt/airflow/dags/mediapulse360_pipeline.py
[2026-05-09T15:57:02.418+0000] {processor.py:914} INFO - Processing file /opt/airflow/dags/mediapulse360_pipeline.py for tasks to queue
[2026-05-09T15:57:02.420+0000] {logging_mixin.py:190} INFO - [2026-05-09T15:57:02.420+0000] {dagbag.py:588} INFO - Filling up the DagBag from /opt/airflow/dags/mediapulse360_pipeline.py
[2026-05-09T15:57:02.440+0000] {processor.py:925} INFO - DAG(s) 'mediapulse360_pipeline' retrieved from /opt/airflow/dags/mediapulse360_pipeline.py
[2026-05-09T15:57:02.478+0000] {logging_mixin.py:190} INFO - [2026-05-09T15:57:02.477+0000] {dag.py:3239} INFO - Sync 1 DAGs
[2026-05-09T15:57:02.508+0000] {logging_mixin.py:190} INFO - [2026-05-09T15:57:02.507+0000] {dag.py:4180} INFO - Setting next_dagrun for mediapulse360_pipeline to 2026-05-09 15:00:00+00:00, run_after=2026-05-09 16:00:00+00:00
[2026-05-09T15:57:02.531+0000] {processor.py:208} INFO - Processing /opt/airflow/dags/mediapulse360_pipeline.py took 0.122 seconds
[2026-05-09T15:57:32.895+0000] {processor.py:186} INFO - Started process (PID=2927) to work on /opt/airflow/dags/mediapulse360_pipeline.py
[2026-05-09T15:57:32.896+0000] {processor.py:914} INFO - Processing file /opt/airflow/dags/mediapulse360_pipeline.py for tasks to queue
[2026-05-09T15:57:32.897+0000] {logging_mixin.py:190} INFO - [2026-05-09T15:57:32.897+0000] {dagbag.py:588} INFO - Filling up the DagBag from /opt/airflow/dags/mediapulse360_pipeline.py
[2026-05-09T15:57:32.914+0000] {processor.py:925} INFO - DAG(s) 'mediapulse360_pipeline' retrieved from /opt/airflow/dags/mediapulse360_pipeline.py
[2026-05-09T15:57:32.946+0000] {logging_mixin.py:190} INFO - [2026-05-09T15:57:32.946+0000] {dag.py:3239} INFO - Sync 1 DAGs
[2026-05-09T15:57:32.973+0000] {logging_mixin.py:190} INFO - [2026-05-09T15:57:32.972+0000] {dag.py:4180} INFO - Setting next_dagrun for mediapulse360_pipeline to 2026-05-09 15:00:00+00:00, run_after=2026-05-09 16:00:00+00:00
[2026-05-09T15:57:33.005+0000] {processor.py:208} INFO - Processing /opt/airflow/dags/mediapulse360_pipeline.py took 0.117 seconds
[2026-05-09T15:58:03.309+0000] {processor.py:186} INFO - Started process (PID=2937) to work on /opt/airflow/dags/mediapulse360_pipeline.py
[2026-05-09T15:58:03.310+0000] {processor.py:914} INFO - Processing file /opt/airflow/dags/mediapulse360_pipeline.py for tasks to queue
[2026-05-09T15:58:03.311+0000] {logging_mixin.py:190} INFO - [2026-05-09T15:58:03.311+0000] {dagbag.py:588} INFO - Filling up the DagBag from /opt/airflow/dags/mediapulse360_pipeline.py
[2026-05-09T15:58:03.325+0000] {processor.py:925} INFO - DAG(s) 'mediapulse360_pipeline' retrieved from /opt/airflow/dags/mediapulse360_pipeline.py
[2026-05-09T15:58:03.354+0000] {logging_mixin.py:190} INFO - [2026-05-09T15:58:03.353+0000] {dag.py:3239} INFO - Sync 1 DAGs
[2026-05-09T15:58:03.376+0000] {logging_mixin.py:190} INFO - [2026-05-09T15:58:03.376+0000] {dag.py:4180} INFO - Setting next_dagrun for mediapulse360_pipeline to 2026-05-09 15:00:00+00:00, run_after=2026-05-09 16:00:00+00:00
[2026-05-09T15:58:03.397+0000] {processor.py:208} INFO - Processing /opt/airflow/dags/mediapulse360_pipeline.py took 0.094 seconds
[2026-05-09T15:58:33.710+0000] {processor.py:186} INFO - Started process (PID=2947) to work on /opt/airflow/dags/mediapulse360_pipeline.py
[2026-05-09T15:58:33.712+0000] {processor.py:914} INFO - Processing file /opt/airflow/dags/mediapulse360_pipeline.py for tasks to queue
[2026-05-09T15:58:33.713+0000] {logging_mixin.py:190} INFO - [2026-05-09T15:58:33.713+0000] {dagbag.py:588} INFO - Filling up the DagBag from /opt/airflow/dags/mediapulse360_pipeline.py
[2026-05-09T15:58:33.729+0000] {processor.py:925} INFO - DAG(s) 'mediapulse360_pipeline' retrieved from /opt/airflow/dags/mediapulse360_pipeline.py
[2026-05-09T15:58:33.755+0000] {logging_mixin.py:190} INFO - [2026-05-09T15:58:33.755+0000] {dag.py:3239} INFO - Sync 1 DAGs
[2026-05-09T15:58:33.777+0000] {logging_mixin.py:190} INFO - [2026-05-09T15:58:33.776+0000] {dag.py:4180} INFO - Setting next_dagrun for mediapulse360_pipeline to 2026-05-09 15:00:00+00:00, run_after=2026-05-09 16:00:00+00:00
[2026-05-09T15:58:33.806+0000] {processor.py:208} INFO - Processing /opt/airflow/dags/mediapulse360_pipeline.py took 0.103 seconds
[2026-05-09T15:59:04.233+0000] {processor.py:186} INFO - Started process (PID=2957) to work on /opt/airflow/dags/mediapulse360_pipeline.py
[2026-05-09T15:59:04.234+0000] {processor.py:914} INFO - Processing file /opt/airflow/dags/mediapulse360_pipeline.py for tasks to queue
[2026-05-09T15:59:04.236+0000] {logging_mixin.py:190} INFO - [2026-05-09T15:59:04.235+0000] {dagbag.py:588} INFO - Filling up the DagBag from /opt/airflow/dags/mediapulse360_pipeline.py
[2026-05-09T15:59:04.257+0000] {processor.py:925} INFO - DAG(s) 'mediapulse360_pipeline' retrieved from /opt/airflow/dags/mediapulse360_pipeline.py
[2026-05-09T15:59:04.295+0000] {logging_mixin.py:190} INFO - [2026-05-09T15:59:04.294+0000] {dag.py:3239} INFO - Sync 1 DAGs
[2026-05-09T15:59:04.328+0000] {logging_mixin.py:190} INFO - [2026-05-09T15:59:04.328+0000] {dag.py:4180} INFO - Setting next_dagrun for mediapulse360_pipeline to 2026-05-09 15:00:00+00:00, run_after=2026-05-09 16:00:00+00:00
[2026-05-09T15:59:04.353+0000] {processor.py:208} INFO - Processing /opt/airflow/dags/mediapulse360_pipeline.py took 0.127 seconds
[2026-05-09T15:59:34.561+0000] {processor.py:186} INFO - Started process (PID=2967) to work on /opt/airflow/dags/mediapulse360_pipeline.py
[2026-05-09T15:59:34.562+0000] {processor.py:914} INFO - Processing file /opt/airflow/dags/mediapulse360_pipeline.py for tasks to queue
[2026-05-09T15:59:34.563+0000] {logging_mixin.py:190} INFO - [2026-05-09T15:59:34.563+0000] {dagbag.py:588} INFO - Filling up the DagBag from /opt/airflow/dags/mediapulse360_pipeline.py
[2026-05-09T15:59:34.581+0000] {processor.py:925} INFO - DAG(s) 'mediapulse360_pipeline' retrieved from /opt/airflow/dags/mediapulse360_pipeline.py
[2026-05-09T15:59:34.607+0000] {logging_mixin.py:190} INFO - [2026-05-09T15:59:34.607+0000] {dag.py:3239} INFO - Sync 1 DAGs
[2026-05-09T15:59:34.629+0000] {logging_mixin.py:190} INFO - [2026-05-09T15:59:34.629+0000] {dag.py:4180} INFO - Setting next_dagrun for mediapulse360_pipeline to 2026-05-09 15:00:00+00:00, run_after=2026-05-09 16:00:00+00:00
[2026-05-09T15:59:34.657+0000] {processor.py:208} INFO - Processing /opt/airflow/dags/mediapulse360_pipeline.py took 0.102 seconds
[2026-05-09T16:00:05.055+0000] {processor.py:186} INFO - Started process (PID=2982) to work on /opt/airflow/dags/mediapulse360_pipeline.py
[2026-05-09T16:00:05.075+0000] {processor.py:914} INFO - Processing file /opt/airflow/dags/mediapulse360_pipeline.py for tasks to queue
[2026-05-09T16:00:05.089+0000] {logging_mixin.py:190} INFO - [2026-05-09T16:00:05.088+0000] {dagbag.py:588} INFO - Filling up the DagBag from /opt/airflow/dags/mediapulse360_pipeline.py
[2026-05-09T16:00:05.184+0000] {processor.py:925} INFO - DAG(s) 'mediapulse360_pipeline' retrieved from /opt/airflow/dags/mediapulse360_pipeline.py
[2026-05-09T16:00:05.807+0000] {logging_mixin.py:190} INFO - [2026-05-09T16:00:05.807+0000] {dag.py:3239} INFO - Sync 1 DAGs
[2026-05-09T16:00:06.624+0000] {logging_mixin.py:190} INFO - [2026-05-09T16:00:06.621+0000] {dag.py:4180} INFO - Setting next_dagrun for mediapulse360_pipeline to 2026-05-09 16:00:00+00:00, run_after=2026-05-09 17:00:00+00:00
[2026-05-09T16:00:07.033+0000] {processor.py:208} INFO - Processing /opt/airflow/dags/mediapulse360_pipeline.py took 1.995 seconds
[2026-05-09T16:00:37.476+0000] {processor.py:186} INFO - Started process (PID=3042) to work on /opt/airflow/dags/mediapulse360_pipeline.py
[2026-05-09T16:00:37.478+0000] {processor.py:914} INFO - Processing file /opt/airflow/dags/mediapulse360_pipeline.py for tasks to queue
[2026-05-09T16:00:37.480+0000] {logging_mixin.py:190} INFO - [2026-05-09T16:00:37.479+0000] {dagbag.py:588} INFO - Filling up the DagBag from /opt/airflow/dags/mediapulse360_pipeline.py
[2026-05-09T16:00:37.500+0000] {processor.py:925} INFO - DAG(s) 'mediapulse360_pipeline' retrieved from /opt/airflow/dags/mediapulse360_pipeline.py
[2026-05-09T16:00:37.555+0000] {logging_mixin.py:190} INFO - [2026-05-09T16:00:37.554+0000] {dag.py:3239} INFO - Sync 1 DAGs
[2026-05-09T16:00:37.581+0000] {logging_mixin.py:190} INFO - [2026-05-09T16:00:37.581+0000] {dag.py:4180} INFO - Setting next_dagrun for mediapulse360_pipeline to 2026-05-09 16:00:00+00:00, run_after=2026-05-09 17:00:00+00:00
[2026-05-09T16:00:37.631+0000] {processor.py:208} INFO - Processing /opt/airflow/dags/mediapulse360_pipeline.py took 0.173 seconds
[2026-05-09T16:01:07.951+0000] {processor.py:186} INFO - Started process (PID=3109) to work on /opt/airflow/dags/mediapulse360_pipeline.py
[2026-05-09T16:01:07.953+0000] {processor.py:914} INFO - Processing file /opt/airflow/dags/mediapulse360_pipeline.py for tasks to queue
[2026-05-09T16:01:07.955+0000] {logging_mixin.py:190} INFO - [2026-05-09T16:01:07.954+0000] {dagbag.py:588} INFO - Filling up the DagBag from /opt/airflow/dags/mediapulse360_pipeline.py
[2026-05-09T16:01:07.973+0000] {processor.py:925} INFO - DAG(s) 'mediapulse360_pipeline' retrieved from /opt/airflow/dags/mediapulse360_pipeline.py
[2026-05-09T16:01:08.007+0000] {logging_mixin.py:190} INFO - [2026-05-09T16:01:08.006+0000] {dag.py:3239} INFO - Sync 1 DAGs
[2026-05-09T16:01:08.028+0000] {logging_mixin.py:190} INFO - [2026-05-09T16:01:08.027+0000] {dag.py:4180} INFO - Setting next_dagrun for mediapulse360_pipeline to 2026-05-09 16:00:00+00:00, run_after=2026-05-09 17:00:00+00:00
[2026-05-09T16:01:08.053+0000] {processor.py:208} INFO - Processing /opt/airflow/dags/mediapulse360_pipeline.py took 0.111 seconds
[2026-05-09T16:01:38.386+0000] {processor.py:186} INFO - Started process (PID=3119) to work on /opt/airflow/dags/mediapulse360_pipeline.py
[2026-05-09T16:01:38.387+0000] {processor.py:914} INFO - Processing file /opt/airflow/dags/mediapulse360_pipeline.py for tasks to queue
[2026-05-09T16:01:38.388+0000] {logging_mixin.py:190} INFO - [2026-05-09T16:01:38.388+0000] {dagbag.py:588} INFO - Filling up the DagBag from /opt/airflow/dags/mediapulse360_pipeline.py
[2026-05-09T16:01:38.409+0000] {processor.py:925} INFO - DAG(s) 'mediapulse360_pipeline' retrieved from /opt/airflow/dags/mediapulse360_pipeline.py
[2026-05-09T16:01:38.444+0000] {logging_mixin.py:190} INFO - [2026-05-09T16:01:38.444+0000] {dag.py:3239} INFO - Sync 1 DAGs
[2026-05-09T16:01:38.472+0000] {logging_mixin.py:190} INFO - [2026-05-09T16:01:38.472+0000] {dag.py:4180} INFO - Setting next_dagrun for mediapulse360_pipeline to 2026-05-09 16:00:00+00:00, run_after=2026-05-09 17:00:00+00:00
[2026-05-09T16:01:38.498+0000] {processor.py:208} INFO - Processing /opt/airflow/dags/mediapulse360_pipeline.py took 0.120 seconds
[2026-05-09T16:02:08.778+0000] {processor.py:186} INFO - Started process (PID=3129) to work on /opt/airflow/dags/mediapulse360_pipeline.py
[2026-05-09T16:02:08.779+0000] {processor.py:914} INFO - Processing file /opt/airflow/dags/mediapulse360_pipeline.py for tasks to queue
[2026-05-09T16:02:08.781+0000] {logging_mixin.py:190} INFO - [2026-05-09T16:02:08.780+0000] {dagbag.py:588} INFO - Filling up the DagBag from /opt/airflow/dags/mediapulse360_pipeline.py
[2026-05-09T16:02:08.801+0000] {processor.py:925} INFO - DAG(s) 'mediapulse360_pipeline' retrieved from /opt/airflow/dags/mediapulse360_pipeline.py
[2026-05-09T16:02:08.841+0000] {logging_mixin.py:190} INFO - [2026-05-09T16:02:08.840+0000] {dag.py:3239} INFO - Sync 1 DAGs
[2026-05-09T16:02:08.881+0000] {logging_mixin.py:190} INFO - [2026-05-09T16:02:08.880+0000] {dag.py:4180} INFO - Setting next_dagrun for mediapulse360_pipeline to 2026-05-09 16:00:00+00:00, run_after=2026-05-09 17:00:00+00:00
[2026-05-09T16:02:08.921+0000] {processor.py:208} INFO - Processing /opt/airflow/dags/mediapulse360_pipeline.py took 0.151 seconds
[2026-05-09T16:02:39.255+0000] {processor.py:186} INFO - Started process (PID=3139) to work on /opt/airflow/dags/mediapulse360_pipeline.py
[2026-05-09T16:02:39.256+0000] {processor.py:914} INFO - Processing file /opt/airflow/dags/mediapulse360_pipeline.py for tasks to queue
[2026-05-09T16:02:39.257+0000] {logging_mixin.py:190} INFO - [2026-05-09T16:02:39.257+0000] {dagbag.py:588} INFO - Filling up the DagBag from /opt/airflow/dags/mediapulse360_pipeline.py
[2026-05-09T16:02:39.273+0000] {processor.py:925} INFO - DAG(s) 'mediapulse360_pipeline' retrieved from /opt/airflow/dags/mediapulse360_pipeline.py
[2026-05-09T16:02:39.305+0000] {logging_mixin.py:190} INFO - [2026-05-09T16:02:39.305+0000] {dag.py:3239} INFO - Sync 1 DAGs
[2026-05-09T16:02:39.327+0000] {logging_mixin.py:190} INFO - [2026-05-09T16:02:39.327+0000] {dag.py:4180} INFO - Setting next_dagrun for mediapulse360_pipeline to 2026-05-09 16:00:00+00:00, run_after=2026-05-09 17:00:00+00:00
[2026-05-09T16:02:39.355+0000] {processor.py:208} INFO - Processing /opt/airflow/dags/mediapulse360_pipeline.py took 0.107 seconds
[2026-05-09T16:03:09.664+0000] {processor.py:186} INFO - Started process (PID=3149) to work on /opt/airflow/dags/mediapulse360_pipeline.py
[2026-05-09T16:03:09.666+0000] {processor.py:914} INFO - Processing file /opt/airflow/dags/mediapulse360_pipeline.py for tasks to queue
[2026-05-09T16:03:09.670+0000] {logging_mixin.py:190} INFO - [2026-05-09T16:03:09.669+0000] {dagbag.py:588} INFO - Filling up the DagBag from /opt/airflow/dags/mediapulse360_pipeline.py
[2026-05-09T16:03:09.697+0000] {processor.py:925} INFO - DAG(s) 'mediapulse360_pipeline' retrieved from /opt/airflow/dags/mediapulse360_pipeline.py
[2026-05-09T16:03:09.737+0000] {logging_mixin.py:190} INFO - [2026-05-09T16:03:09.736+0000] {dag.py:3239} INFO - Sync 1 DAGs
[2026-05-09T16:03:09.785+0000] {logging_mixin.py:190} INFO - [2026-05-09T16:03:09.785+0000] {dag.py:4180} INFO - Setting next_dagrun for mediapulse360_pipeline to 2026-05-09 16:00:00+00:00, run_after=2026-05-09 17:00:00+00:00
[2026-05-09T16:03:09.832+0000] {processor.py:208} INFO - Processing /opt/airflow/dags/mediapulse360_pipeline.py took 0.178 seconds
[2026-05-09T16:03:40.045+0000] {processor.py:186} INFO - Started process (PID=3159) to work on /opt/airflow/dags/mediapulse360_pipeline.py
[2026-05-09T16:03:40.047+0000] {processor.py:914} INFO - Processing file /opt/airflow/dags/mediapulse360_pipeline.py for tasks to queue
[2026-05-09T16:03:40.050+0000] {logging_mixin.py:190} INFO - [2026-05-09T16:03:40.049+0000] {dagbag.py:588} INFO - Filling up the DagBag from /opt/airflow/dags/mediapulse360_pipeline.py
[2026-05-09T16:03:40.078+0000] {processor.py:925} INFO - DAG(s) 'mediapulse360_pipeline' retrieved from /opt/airflow/dags/mediapulse360_pipeline.py
[2026-05-09T16:03:40.124+0000] {logging_mixin.py:190} INFO - [2026-05-09T16:03:40.123+0000] {dag.py:3239} INFO - Sync 1 DAGs
[2026-05-09T16:03:40.153+0000] {logging_mixin.py:190} INFO - [2026-05-09T16:03:40.153+0000] {dag.py:4180} INFO - Setting next_dagrun for mediapulse360_pipeline to 2026-05-09 16:00:00+00:00, run_after=2026-05-09 17:00:00+00:00
[2026-05-09T16:03:40.180+0000] {processor.py:208} INFO - Processing /opt/airflow/dags/mediapulse360_pipeline.py took 0.146 seconds
[2026-05-09T16:04:10.425+0000] {processor.py:186} INFO - Started process (PID=3169) to work on /opt/airflow/dags/mediapulse360_pipeline.py
[2026-05-09T16:04:10.426+0000] {processor.py:914} INFO - Processing file /opt/airflow/dags/mediapulse360_pipeline.py for tasks to queue
[2026-05-09T16:04:10.428+0000] {logging_mixin.py:190} INFO - [2026-05-09T16:04:10.427+0000] {dagbag.py:588} INFO - Filling up the DagBag from /opt/airflow/dags/mediapulse360_pipeline.py
[2026-05-09T16:04:10.450+0000] {processor.py:925} INFO - DAG(s) 'mediapulse360_pipeline' retrieved from /opt/airflow/dags/mediapulse360_pipeline.py
[2026-05-09T16:04:10.483+0000] {logging_mixin.py:190} INFO - [2026-05-09T16:04:10.482+0000] {dag.py:3239} INFO - Sync 1 DAGs
[2026-05-09T16:04:10.508+0000] {logging_mixin.py:190} INFO - [2026-05-09T16:04:10.507+0000] {dag.py:4180} INFO - Setting next_dagrun for mediapulse360_pipeline to 2026-05-09 16:00:00+00:00, run_after=2026-05-09 17:00:00+00:00
[2026-05-09T16:04:10.538+0000] {processor.py:208} INFO - Processing /opt/airflow/dags/mediapulse360_pipeline.py took 0.120 seconds
[2026-05-09T16:04:40.828+0000] {processor.py:186} INFO - Started process (PID=3179) to work on /opt/airflow/dags/mediapulse360_pipeline.py
[2026-05-09T16:04:40.831+0000] {processor.py:914} INFO - Processing file /opt/airflow/dags/mediapulse360_pipeline.py for tasks to queue
[2026-05-09T16:04:40.832+0000] {logging_mixin.py:190} INFO - [2026-05-09T16:04:40.832+0000] {dagbag.py:588} INFO - Filling up the DagBag from /opt/airflow/dags/mediapulse360_pipeline.py
[2026-05-09T16:04:40.850+0000] {processor.py:925} INFO - DAG(s) 'mediapulse360_pipeline' retrieved from /opt/airflow/dags/mediapulse360_pipeline.py
[2026-05-09T16:04:40.883+0000] {logging_mixin.py:190} INFO - [2026-05-09T16:04:40.882+0000] {dag.py:3239} INFO - Sync 1 DAGs
[2026-05-09T16:04:40.905+0000] {logging_mixin.py:190} INFO - [2026-05-09T16:04:40.905+0000] {dag.py:4180} INFO - Setting next_dagrun for mediapulse360_pipeline to 2026-05-09 16:00:00+00:00, run_after=2026-05-09 17:00:00+00:00
[2026-05-09T16:04:40.926+0000] {processor.py:208} INFO - Processing /opt/airflow/dags/mediapulse360_pipeline.py took 0.104 seconds
[2026-05-09T16:05:11.303+0000] {processor.py:186} INFO - Started process (PID=3189) to work on /opt/airflow/dags/mediapulse360_pipeline.py
[2026-05-09T16:05:11.307+0000] {processor.py:914} INFO - Processing file /opt/airflow/dags/mediapulse360_pipeline.py for tasks to queue
[2026-05-09T16:05:11.311+0000] {logging_mixin.py:190} INFO - [2026-05-09T16:05:11.309+0000] {dagbag.py:588} INFO - Filling up the DagBag from /opt/airflow/dags/mediapulse360_pipeline.py
[2026-05-09T16:05:11.334+0000] {processor.py:925} INFO - DAG(s) 'mediapulse360_pipeline' retrieved from /opt/airflow/dags/mediapulse360_pipeline.py
[2026-05-09T16:05:11.377+0000] {logging_mixin.py:190} INFO - [2026-05-09T16:05:11.377+0000] {dag.py:3239} INFO - Sync 1 DAGs
[2026-05-09T16:05:11.412+0000] {logging_mixin.py:190} INFO - [2026-05-09T16:05:11.412+0000] {dag.py:4180} INFO - Setting next_dagrun for mediapulse360_pipeline to 2026-05-09 16:00:00+00:00, run_after=2026-05-09 17:00:00+00:00
[2026-05-09T16:05:11.444+0000] {processor.py:208} INFO - Processing /opt/airflow/dags/mediapulse360_pipeline.py took 0.151 seconds
[2026-05-09T16:05:41.906+0000] {processor.py:186} INFO - Started process (PID=3199) to work on /opt/airflow/dags/mediapulse360_pipeline.py
[2026-05-09T16:05:41.908+0000] {processor.py:914} INFO - Processing file /opt/airflow/dags/mediapulse360_pipeline.py for tasks to queue
[2026-05-09T16:05:41.909+0000] {logging_mixin.py:190} INFO - [2026-05-09T16:05:41.909+0000] {dagbag.py:588} INFO - Filling up the DagBag from /opt/airflow/dags/mediapulse360_pipeline.py
[2026-05-09T16:05:41.934+0000] {processor.py:925} INFO - DAG(s) 'mediapulse360_pipeline' retrieved from /opt/airflow/dags/mediapulse360_pipeline.py
[2026-05-09T16:05:41.968+0000] {logging_mixin.py:190} INFO - [2026-05-09T16:05:41.968+0000] {dag.py:3239} INFO - Sync 1 DAGs
[2026-05-09T16:05:41.995+0000] {logging_mixin.py:190} INFO - [2026-05-09T16:05:41.995+0000] {dag.py:4180} INFO - Setting next_dagrun for mediapulse360_pipeline to 2026-05-09 16:00:00+00:00, run_after=2026-05-09 17:00:00+00:00
[2026-05-09T16:05:42.020+0000] {processor.py:208} INFO - Processing /opt/airflow/dags/mediapulse360_pipeline.py took 0.125 seconds
[2026-05-09T16:06:12.270+0000] {processor.py:186} INFO - Started process (PID=3209) to work on /opt/airflow/dags/mediapulse360_pipeline.py
[2026-05-09T16:06:12.271+0000] {processor.py:914} INFO - Processing file /opt/airflow/dags/mediapulse360_pipeline.py for tasks to queue
[2026-05-09T16:06:12.273+0000] {logging_mixin.py:190} INFO - [2026-05-09T16:06:12.272+0000] {dagbag.py:588} INFO - Filling up the DagBag from /opt/airflow/dags/mediapulse360_pipeline.py
[2026-05-09T16:06:12.296+0000] {processor.py:925} INFO - DAG(s) 'mediapulse360_pipeline' retrieved from /opt/airflow/dags/mediapulse360_pipeline.py
[2026-05-09T16:06:12.329+0000] {logging_mixin.py:190} INFO - [2026-05-09T16:06:12.328+0000] {dag.py:3239} INFO - Sync 1 DAGs
[2026-05-09T16:06:12.354+0000] {logging_mixin.py:190} INFO - [2026-05-09T16:06:12.353+0000] {dag.py:4180} INFO - Setting next_dagrun for mediapulse360_pipeline to 2026-05-09 16:00:00+00:00, run_after=2026-05-09 17:00:00+00:00
[2026-05-09T16:06:12.380+0000] {processor.py:208} INFO - Processing /opt/airflow/dags/mediapulse360_pipeline.py took 0.120 seconds
[2026-05-09T16:06:42.757+0000] {processor.py:186} INFO - Started process (PID=3219) to work on /opt/airflow/dags/mediapulse360_pipeline.py
[2026-05-09T16:06:42.760+0000] {processor.py:914} INFO - Processing file /opt/airflow/dags/mediapulse360_pipeline.py for tasks to queue
[2026-05-09T16:06:42.762+0000] {logging_mixin.py:190} INFO - [2026-05-09T16:06:42.761+0000] {dagbag.py:588} INFO - Filling up the DagBag from /opt/airflow/dags/mediapulse360_pipeline.py
[2026-05-09T16:06:42.805+0000] {processor.py:925} INFO - DAG(s) 'mediapulse360_pipeline' retrieved from /opt/airflow/dags/mediapulse360_pipeline.py
[2026-05-09T16:06:42.877+0000] {logging_mixin.py:190} INFO - [2026-05-09T16:06:42.876+0000] {dag.py:3239} INFO - Sync 1 DAGs
[2026-05-09T16:06:42.914+0000] {logging_mixin.py:190} INFO - [2026-05-09T16:06:42.913+0000] {dag.py:4180} INFO - Setting next_dagrun for mediapulse360_pipeline to 2026-05-09 16:00:00+00:00, run_after=2026-05-09 17:00:00+00:00
[2026-05-09T16:06:42.944+0000] {processor.py:208} INFO - Processing /opt/airflow/dags/mediapulse360_pipeline.py took 0.202 seconds
[2026-05-09T16:07:13.089+0000] {processor.py:186} INFO - Started process (PID=3229) to work on /opt/airflow/dags/mediapulse360_pipeline.py
[2026-05-09T16:07:13.090+0000] {processor.py:914} INFO - Processing file /opt/airflow/dags/mediapulse360_pipeline.py for tasks to queue
[2026-05-09T16:07:13.092+0000] {logging_mixin.py:190} INFO - [2026-05-09T16:07:13.091+0000] {dagbag.py:588} INFO - Filling up the DagBag from /opt/airflow/dags/mediapulse360_pipeline.py
[2026-05-09T16:07:13.113+0000] {processor.py:925} INFO - DAG(s) 'mediapulse360_pipeline' retrieved from /opt/airflow/dags/mediapulse360_pipeline.py
[2026-05-09T16:07:13.158+0000] {logging_mixin.py:190} INFO - [2026-05-09T16:07:13.158+0000] {dag.py:3239} INFO - Sync 1 DAGs
[2026-05-09T16:07:13.192+0000] {logging_mixin.py:190} INFO - [2026-05-09T16:07:13.192+0000] {dag.py:4180} INFO - Setting next_dagrun for mediapulse360_pipeline to 2026-05-09 16:00:00+00:00, run_after=2026-05-09 17:00:00+00:00
[2026-05-09T16:07:13.222+0000] {processor.py:208} INFO - Processing /opt/airflow/dags/mediapulse360_pipeline.py took 0.143 seconds
[2026-05-09T16:07:43.609+0000] {processor.py:186} INFO - Started process (PID=3239) to work on /opt/airflow/dags/mediapulse360_pipeline.py
[2026-05-09T16:07:43.614+0000] {processor.py:914} INFO - Processing file /opt/airflow/dags/mediapulse360_pipeline.py for tasks to queue
[2026-05-09T16:07:43.617+0000] {logging_mixin.py:190} INFO - [2026-05-09T16:07:43.616+0000] {dagbag.py:588} INFO - Filling up the DagBag from /opt/airflow/dags/mediapulse360_pipeline.py
[2026-05-09T16:07:43.644+0000] {processor.py:925} INFO - DAG(s) 'mediapulse360_pipeline' retrieved from /opt/airflow/dags/mediapulse360_pipeline.py
[2026-05-09T16:07:43.725+0000] {logging_mixin.py:190} INFO - [2026-05-09T16:07:43.724+0000] {dag.py:3239} INFO - Sync 1 DAGs
[2026-05-09T16:07:44.076+0000] {logging_mixin.py:190} INFO - [2026-05-09T16:07:44.075+0000] {dag.py:4180} INFO - Setting next_dagrun for mediapulse360_pipeline to 2026-05-09 16:00:00+00:00, run_after=2026-05-09 17:00:00+00:00
[2026-05-09T16:07:44.133+0000] {processor.py:208} INFO - Processing /opt/airflow/dags/mediapulse360_pipeline.py took 0.544 seconds
[2026-05-09T16:08:14.648+0000] {processor.py:186} INFO - Started process (PID=3249) to work on /opt/airflow/dags/mediapulse360_pipeline.py
[2026-05-09T16:08:14.650+0000] {processor.py:914} INFO - Processing file /opt/airflow/dags/mediapulse360_pipeline.py for tasks to queue
[2026-05-09T16:08:14.652+0000] {logging_mixin.py:190} INFO - [2026-05-09T16:08:14.651+0000] {dagbag.py:588} INFO - Filling up the DagBag from /opt/airflow/dags/mediapulse360_pipeline.py
[2026-05-09T16:08:14.672+0000] {processor.py:925} INFO - DAG(s) 'mediapulse360_pipeline' retrieved from /opt/airflow/dags/mediapulse360_pipeline.py
[2026-05-09T16:08:14.719+0000] {logging_mixin.py:190} INFO - [2026-05-09T16:08:14.719+0000] {dag.py:3239} INFO - Sync 1 DAGs
[2026-05-09T16:08:14.768+0000] {logging_mixin.py:190} INFO - [2026-05-09T16:08:14.768+0000] {dag.py:4180} INFO - Setting next_dagrun for mediapulse360_pipeline to 2026-05-09 16:00:00+00:00, run_after=2026-05-09 17:00:00+00:00
[2026-05-09T16:08:14.821+0000] {processor.py:208} INFO - Processing /opt/airflow/dags/mediapulse360_pipeline.py took 0.182 seconds
[2026-05-09T16:08:45.153+0000] {processor.py:186} INFO - Started process (PID=3259) to work on /opt/airflow/dags/mediapulse360_pipeline.py
[2026-05-09T16:08:45.154+0000] {processor.py:914} INFO - Processing file /opt/airflow/dags/mediapulse360_pipeline.py for tasks to queue
[2026-05-09T16:08:45.156+0000] {logging_mixin.py:190} INFO - [2026-05-09T16:08:45.156+0000] {dagbag.py:588} INFO - Filling up the DagBag from /opt/airflow/dags/mediapulse360_pipeline.py
[2026-05-09T16:08:45.177+0000] {processor.py:925} INFO - DAG(s) 'mediapulse360_pipeline' retrieved from /opt/airflow/dags/mediapulse360_pipeline.py
[2026-05-09T16:08:45.213+0000] {logging_mixin.py:190} INFO - [2026-05-09T16:08:45.213+0000] {dag.py:3239} INFO - Sync 1 DAGs
[2026-05-09T16:08:45.243+0000] {logging_mixin.py:190} INFO - [2026-05-09T16:08:45.242+0000] {dag.py:4180} INFO - Setting next_dagrun for mediapulse360_pipeline to 2026-05-09 16:00:00+00:00, run_after=2026-05-09 17:00:00+00:00
[2026-05-09T16:08:45.337+0000] {processor.py:208} INFO - Processing /opt/airflow/dags/mediapulse360_pipeline.py took 0.195 seconds
[2026-05-09T16:09:15.493+0000] {processor.py:186} INFO - Started process (PID=3269) to work on /opt/airflow/dags/mediapulse360_pipeline.py
[2026-05-09T16:09:15.494+0000] {processor.py:914} INFO - Processing file /opt/airflow/dags/mediapulse360_pipeline.py for tasks to queue
[2026-05-09T16:09:15.497+0000] {logging_mixin.py:190} INFO - [2026-05-09T16:09:15.496+0000] {dagbag.py:588} INFO - Filling up the DagBag from /opt/airflow/dags/mediapulse360_pipeline.py
[2026-05-09T16:09:15.519+0000] {processor.py:925} INFO - DAG(s) 'mediapulse360_pipeline' retrieved from /opt/airflow/dags/mediapulse360_pipeline.py
[2026-05-09T16:09:15.552+0000] {logging_mixin.py:190} INFO - [2026-05-09T16:09:15.551+0000] {dag.py:3239} INFO - Sync 1 DAGs
[2026-05-09T16:09:15.584+0000] {logging_mixin.py:190} INFO - [2026-05-09T16:09:15.583+0000] {dag.py:4180} INFO - Setting next_dagrun for mediapulse360_pipeline to 2026-05-09 16:00:00+00:00, run_after=2026-05-09 17:00:00+00:00
[2026-05-09T16:09:15.607+0000] {processor.py:208} INFO - Processing /opt/airflow/dags/mediapulse360_pipeline.py took 0.120 seconds
[2026-05-09T16:09:46.054+0000] {processor.py:186} INFO - Started process (PID=3279) to work on /opt/airflow/dags/mediapulse360_pipeline.py
[2026-05-09T16:09:46.055+0000] {processor.py:914} INFO - Processing file /opt/airflow/dags/mediapulse360_pipeline.py for tasks to queue
[2026-05-09T16:09:46.060+0000] {logging_mixin.py:190} INFO - [2026-05-09T16:09:46.059+0000] {dagbag.py:588} INFO - Filling up the DagBag from /opt/airflow/dags/mediapulse360_pipeline.py
[2026-05-09T16:09:46.100+0000] {processor.py:925} INFO - DAG(s) 'mediapulse360_pipeline' retrieved from /opt/airflow/dags/mediapulse360_pipeline.py
[2026-05-09T16:09:46.164+0000] {logging_mixin.py:190} INFO - [2026-05-09T16:09:46.164+0000] {dag.py:3239} INFO - Sync 1 DAGs
[2026-05-09T16:09:46.279+0000] {logging_mixin.py:190} INFO - [2026-05-09T16:09:46.278+0000] {dag.py:4180} INFO - Setting next_dagrun for mediapulse360_pipeline to 2026-05-09 16:00:00+00:00, run_after=2026-05-09 17:00:00+00:00
[2026-05-09T16:09:46.331+0000] {processor.py:208} INFO - Processing /opt/airflow/dags/mediapulse360_pipeline.py took 0.286 seconds
[2026-05-09T16:10:16.702+0000] {processor.py:186} INFO - Started process (PID=3289) to work on /opt/airflow/dags/mediapulse360_pipeline.py
[2026-05-09T16:10:16.704+0000] {processor.py:914} INFO - Processing file /opt/airflow/dags/mediapulse360_pipeline.py for tasks to queue
[2026-05-09T16:10:16.707+0000] {logging_mixin.py:190} INFO - [2026-05-09T16:10:16.706+0000] {dagbag.py:588} INFO - Filling up the DagBag from /opt/airflow/dags/mediapulse360_pipeline.py
[2026-05-09T16:10:16.728+0000] {processor.py:925} INFO - DAG(s) 'mediapulse360_pipeline' retrieved from /opt/airflow/dags/mediapulse360_pipeline.py
[2026-05-09T16:10:16.761+0000] {logging_mixin.py:190} INFO - [2026-05-09T16:10:16.761+0000] {dag.py:3239} INFO - Sync 1 DAGs
[2026-05-09T16:10:16.784+0000] {logging_mixin.py:190} INFO - [2026-05-09T16:10:16.784+0000] {dag.py:4180} INFO - Setting next_dagrun for mediapulse360_pipeline to 2026-05-09 16:00:00+00:00, run_after=2026-05-09 17:00:00+00:00
[2026-05-09T16:10:16.809+0000] {processor.py:208} INFO - Processing /opt/airflow/dags/mediapulse360_pipeline.py took 0.117 seconds
[2026-05-09T16:10:47.029+0000] {processor.py:186} INFO - Started process (PID=3299) to work on /opt/airflow/dags/mediapulse360_pipeline.py
[2026-05-09T16:10:47.030+0000] {processor.py:914} INFO - Processing file /opt/airflow/dags/mediapulse360_pipeline.py for tasks to queue
[2026-05-09T16:10:47.033+0000] {logging_mixin.py:190} INFO - [2026-05-09T16:10:47.033+0000] {dagbag.py:588} INFO - Filling up the DagBag from /opt/airflow/dags/mediapulse360_pipeline.py
[2026-05-09T16:10:47.050+0000] {processor.py:925} INFO - DAG(s) 'mediapulse360_pipeline' retrieved from /opt/airflow/dags/mediapulse360_pipeline.py
[2026-05-09T16:10:47.082+0000] {logging_mixin.py:190} INFO - [2026-05-09T16:10:47.081+0000] {dag.py:3239} INFO - Sync 1 DAGs
[2026-05-09T16:10:47.108+0000] {logging_mixin.py:190} INFO - [2026-05-09T16:10:47.108+0000] {dag.py:4180} INFO - Setting next_dagrun for mediapulse360_pipeline to 2026-05-09 16:00:00+00:00, run_after=2026-05-09 17:00:00+00:00
[2026-05-09T16:10:47.129+0000] {processor.py:208} INFO - Processing /opt/airflow/dags/mediapulse360_pipeline.py took 0.107 seconds
[2026-05-09T16:11:17.483+0000] {processor.py:186} INFO - Started process (PID=3309) to work on /opt/airflow/dags/mediapulse360_pipeline.py
[2026-05-09T16:11:17.484+0000] {processor.py:914} INFO - Processing file /opt/airflow/dags/mediapulse360_pipeline.py for tasks to queue
[2026-05-09T16:11:17.486+0000] {logging_mixin.py:190} INFO - [2026-05-09T16:11:17.486+0000] {dagbag.py:588} INFO - Filling up the DagBag from /opt/airflow/dags/mediapulse360_pipeline.py
[2026-05-09T16:11:17.508+0000] {processor.py:925} INFO - DAG(s) 'mediapulse360_pipeline' retrieved from /opt/airflow/dags/mediapulse360_pipeline.py
[2026-05-09T16:11:17.540+0000] {logging_mixin.py:190} INFO - [2026-05-09T16:11:17.540+0000] {dag.py:3239} INFO - Sync 1 DAGs
[2026-05-09T16:11:17.566+0000] {logging_mixin.py:190} INFO - [2026-05-09T16:11:17.566+0000] {dag.py:4180} INFO - Setting next_dagrun for mediapulse360_pipeline to 2026-05-09 16:00:00+00:00, run_after=2026-05-09 17:00:00+00:00
[2026-05-09T16:11:17.599+0000] {processor.py:208} INFO - Processing /opt/airflow/dags/mediapulse360_pipeline.py took 0.124 seconds
[2026-05-09T16:11:47.792+0000] {processor.py:186} INFO - Started process (PID=3319) to work on /opt/airflow/dags/mediapulse360_pipeline.py
[2026-05-09T16:11:47.794+0000] {processor.py:914} INFO - Processing file /opt/airflow/dags/mediapulse360_pipeline.py for tasks to queue
[2026-05-09T16:11:47.795+0000] {logging_mixin.py:190} INFO - [2026-05-09T16:11:47.795+0000] {dagbag.py:588} INFO - Filling up the DagBag from /opt/airflow/dags/mediapulse360_pipeline.py
[2026-05-09T16:11:47.816+0000] {processor.py:925} INFO - DAG(s) 'mediapulse360_pipeline' retrieved from /opt/airflow/dags/mediapulse360_pipeline.py
[2026-05-09T16:11:47.853+0000] {logging_mixin.py:190} INFO - [2026-05-09T16:11:47.852+0000] {dag.py:3239} INFO - Sync 1 DAGs
[2026-05-09T16:11:47.877+0000] {logging_mixin.py:190} INFO - [2026-05-09T16:11:47.877+0000] {dag.py:4180} INFO - Setting next_dagrun for mediapulse360_pipeline to 2026-05-09 16:00:00+00:00, run_after=2026-05-09 17:00:00+00:00
[2026-05-09T16:11:47.899+0000] {processor.py:208} INFO - Processing /opt/airflow/dags/mediapulse360_pipeline.py took 0.113 seconds
[2026-05-09T16:12:18.272+0000] {processor.py:186} INFO - Started process (PID=3329) to work on /opt/airflow/dags/mediapulse360_pipeline.py
[2026-05-09T16:12:18.274+0000] {processor.py:914} INFO - Processing file /opt/airflow/dags/mediapulse360_pipeline.py for tasks to queue
[2026-05-09T16:12:18.275+0000] {logging_mixin.py:190} INFO - [2026-05-09T16:12:18.275+0000] {dagbag.py:588} INFO - Filling up the DagBag from /opt/airflow/dags/mediapulse360_pipeline.py
[2026-05-09T16:12:18.359+0000] {processor.py:925} INFO - DAG(s) 'mediapulse360_pipeline' retrieved from /opt/airflow/dags/mediapulse360_pipeline.py
[2026-05-09T16:12:18.393+0000] {logging_mixin.py:190} INFO - [2026-05-09T16:12:18.393+0000] {dag.py:3239} INFO - Sync 1 DAGs
[2026-05-09T16:12:18.435+0000] {logging_mixin.py:190} INFO - [2026-05-09T16:12:18.435+0000] {dag.py:4180} INFO - Setting next_dagrun for mediapulse360_pipeline to 2026-05-09 16:00:00+00:00, run_after=2026-05-09 17:00:00+00:00
[2026-05-09T16:12:18.470+0000] {processor.py:208} INFO - Processing /opt/airflow/dags/mediapulse360_pipeline.py took 0.237 seconds
[2026-05-09T16:12:48.635+0000] {processor.py:186} INFO - Started process (PID=3339) to work on /opt/airflow/dags/mediapulse360_pipeline.py
[2026-05-09T16:12:48.636+0000] {processor.py:914} INFO - Processing file /opt/airflow/dags/mediapulse360_pipeline.py for tasks to queue
[2026-05-09T16:12:48.637+0000] {logging_mixin.py:190} INFO - [2026-05-09T16:12:48.637+0000] {dagbag.py:588} INFO - Filling up the DagBag from /opt/airflow/dags/mediapulse360_pipeline.py
[2026-05-09T16:12:48.654+0000] {processor.py:925} INFO - DAG(s) 'mediapulse360_pipeline' retrieved from /opt/airflow/dags/mediapulse360_pipeline.py
[2026-05-09T16:12:48.684+0000] {logging_mixin.py:190} INFO - [2026-05-09T16:12:48.684+0000] {dag.py:3239} INFO - Sync 1 DAGs
[2026-05-09T16:12:48.707+0000] {logging_mixin.py:190} INFO - [2026-05-09T16:12:48.707+0000] {dag.py:4180} INFO - Setting next_dagrun for mediapulse360_pipeline to 2026-05-09 16:00:00+00:00, run_after=2026-05-09 17:00:00+00:00
[2026-05-09T16:12:48.731+0000] {processor.py:208} INFO - Processing /opt/airflow/dags/mediapulse360_pipeline.py took 0.102 seconds
[2026-05-09T16:13:19.176+0000] {processor.py:186} INFO - Started process (PID=3349) to work on /opt/airflow/dags/mediapulse360_pipeline.py
[2026-05-09T16:13:19.177+0000] {processor.py:914} INFO - Processing file /opt/airflow/dags/mediapulse360_pipeline.py for tasks to queue
[2026-05-09T16:13:19.178+0000] {logging_mixin.py:190} INFO - [2026-05-09T16:13:19.178+0000] {dagbag.py:588} INFO - Filling up the DagBag from /opt/airflow/dags/mediapulse360_pipeline.py
[2026-05-09T16:13:19.196+0000] {processor.py:925} INFO - DAG(s) 'mediapulse360_pipeline' retrieved from /opt/airflow/dags/mediapulse360_pipeline.py
[2026-05-09T16:13:19.223+0000] {logging_mixin.py:190} INFO - [2026-05-09T16:13:19.223+0000] {dag.py:3239} INFO - Sync 1 DAGs
[2026-05-09T16:13:19.245+0000] {logging_mixin.py:190} INFO - [2026-05-09T16:13:19.244+0000] {dag.py:4180} INFO - Setting next_dagrun for mediapulse360_pipeline to 2026-05-09 16:00:00+00:00, run_after=2026-05-09 17:00:00+00:00
[2026-05-09T16:13:19.268+0000] {processor.py:208} INFO - Processing /opt/airflow/dags/mediapulse360_pipeline.py took 0.099 seconds
[2026-05-09T16:13:49.503+0000] {processor.py:186} INFO - Started process (PID=3359) to work on /opt/airflow/dags/mediapulse360_pipeline.py
[2026-05-09T16:13:49.505+0000] {processor.py:914} INFO - Processing file /opt/airflow/dags/mediapulse360_pipeline.py for tasks to queue
[2026-05-09T16:13:49.508+0000] {logging_mixin.py:190} INFO - [2026-05-09T16:13:49.507+0000] {dagbag.py:588} INFO - Filling up the DagBag from /opt/airflow/dags/mediapulse360_pipeline.py
[2026-05-09T16:13:49.639+0000] {processor.py:925} INFO - DAG(s) 'mediapulse360_pipeline' retrieved from /opt/airflow/dags/mediapulse360_pipeline.py
[2026-05-09T16:13:49.837+0000] {logging_mixin.py:190} INFO - [2026-05-09T16:13:49.837+0000] {dag.py:3239} INFO - Sync 1 DAGs
[2026-05-09T16:13:49.962+0000] {logging_mixin.py:190} INFO - [2026-05-09T16:13:49.962+0000] {dag.py:4180} INFO - Setting next_dagrun for mediapulse360_pipeline to 2026-05-09 16:00:00+00:00, run_after=2026-05-09 17:00:00+00:00
[2026-05-09T16:13:50.010+0000] {processor.py:208} INFO - Processing /opt/airflow/dags/mediapulse360_pipeline.py took 0.518 seconds
[2026-05-09T16:14:20.343+0000] {processor.py:186} INFO - Started process (PID=3369) to work on /opt/airflow/dags/mediapulse360_pipeline.py
[2026-05-09T16:14:20.344+0000] {processor.py:914} INFO - Processing file /opt/airflow/dags/mediapulse360_pipeline.py for tasks to queue
[2026-05-09T16:14:20.346+0000] {logging_mixin.py:190} INFO - [2026-05-09T16:14:20.345+0000] {dagbag.py:588} INFO - Filling up the DagBag from /opt/airflow/dags/mediapulse360_pipeline.py
[2026-05-09T16:14:20.364+0000] {processor.py:925} INFO - DAG(s) 'mediapulse360_pipeline' retrieved from /opt/airflow/dags/mediapulse360_pipeline.py
[2026-05-09T16:14:20.419+0000] {logging_mixin.py:190} INFO - [2026-05-09T16:14:20.418+0000] {dag.py:3239} INFO - Sync 1 DAGs
[2026-05-09T16:14:20.451+0000] {logging_mixin.py:190} INFO - [2026-05-09T16:14:20.451+0000] {dag.py:4180} INFO - Setting next_dagrun for mediapulse360_pipeline to 2026-05-09 16:00:00+00:00, run_after=2026-05-09 17:00:00+00:00
[2026-05-09T16:14:20.481+0000] {processor.py:208} INFO - Processing /opt/airflow/dags/mediapulse360_pipeline.py took 0.147 seconds
[2026-05-09T16:14:51.348+0000] {processor.py:186} INFO - Started process (PID=3379) to work on /opt/airflow/dags/mediapulse360_pipeline.py
[2026-05-09T16:14:51.366+0000] {processor.py:914} INFO - Processing file /opt/airflow/dags/mediapulse360_pipeline.py for tasks to queue
[2026-05-09T16:14:51.393+0000] {logging_mixin.py:190} INFO - [2026-05-09T16:14:51.391+0000] {dagbag.py:588} INFO - Filling up the DagBag from /opt/airflow/dags/mediapulse360_pipeline.py
[2026-05-09T16:14:51.477+0000] {processor.py:925} INFO - DAG(s) 'mediapulse360_pipeline' retrieved from /opt/airflow/dags/mediapulse360_pipeline.py
[2026-05-09T16:14:51.553+0000] {logging_mixin.py:190} INFO - [2026-05-09T16:14:51.551+0000] {dag.py:3239} INFO - Sync 1 DAGs
[2026-05-09T16:14:51.634+0000] {logging_mixin.py:190} INFO - [2026-05-09T16:14:51.634+0000] {dag.py:4180} INFO - Setting next_dagrun for mediapulse360_pipeline to 2026-05-09 16:00:00+00:00, run_after=2026-05-09 17:00:00+00:00
[2026-05-09T16:14:51.799+0000] {processor.py:208} INFO - Processing /opt/airflow/dags/mediapulse360_pipeline.py took 0.479 seconds
[2026-05-09T16:15:22.326+0000] {processor.py:186} INFO - Started process (PID=3389) to work on /opt/airflow/dags/mediapulse360_pipeline.py
[2026-05-09T16:15:22.327+0000] {processor.py:914} INFO - Processing file /opt/airflow/dags/mediapulse360_pipeline.py for tasks to queue
[2026-05-09T16:15:22.329+0000] {logging_mixin.py:190} INFO - [2026-05-09T16:15:22.328+0000] {dagbag.py:588} INFO - Filling up the DagBag from /opt/airflow/dags/mediapulse360_pipeline.py
[2026-05-09T16:15:22.350+0000] {processor.py:925} INFO - DAG(s) 'mediapulse360_pipeline' retrieved from /opt/airflow/dags/mediapulse360_pipeline.py
[2026-05-09T16:15:22.382+0000] {logging_mixin.py:190} INFO - [2026-05-09T16:15:22.382+0000] {dag.py:3239} INFO - Sync 1 DAGs
[2026-05-09T16:15:22.445+0000] {logging_mixin.py:190} INFO - [2026-05-09T16:15:22.445+0000] {dag.py:4180} INFO - Setting next_dagrun for mediapulse360_pipeline to 2026-05-09 16:00:00+00:00, run_after=2026-05-09 17:00:00+00:00
[2026-05-09T16:15:22.476+0000] {processor.py:208} INFO - Processing /opt/airflow/dags/mediapulse360_pipeline.py took 0.157 seconds
[2026-05-09T16:15:52.932+0000] {processor.py:186} INFO - Started process (PID=3399) to work on /opt/airflow/dags/mediapulse360_pipeline.py
[2026-05-09T16:15:52.934+0000] {processor.py:914} INFO - Processing file /opt/airflow/dags/mediapulse360_pipeline.py for tasks to queue
[2026-05-09T16:15:52.936+0000] {logging_mixin.py:190} INFO - [2026-05-09T16:15:52.935+0000] {dagbag.py:588} INFO - Filling up the DagBag from /opt/airflow/dags/mediapulse360_pipeline.py
[2026-05-09T16:15:52.968+0000] {processor.py:925} INFO - DAG(s) 'mediapulse360_pipeline' retrieved from /opt/airflow/dags/mediapulse360_pipeline.py
[2026-05-09T16:15:53.016+0000] {logging_mixin.py:190} INFO - [2026-05-09T16:15:53.016+0000] {dag.py:3239} INFO - Sync 1 DAGs
[2026-05-09T16:15:53.044+0000] {logging_mixin.py:190} INFO - [2026-05-09T16:15:53.044+0000] {dag.py:4180} INFO - Setting next_dagrun for mediapulse360_pipeline to 2026-05-09 16:00:00+00:00, run_after=2026-05-09 17:00:00+00:00
[2026-05-09T16:15:53.071+0000] {processor.py:208} INFO - Processing /opt/airflow/dags/mediapulse360_pipeline.py took 0.151 seconds
[2026-05-09T16:16:23.242+0000] {processor.py:186} INFO - Started process (PID=3409) to work on /opt/airflow/dags/mediapulse360_pipeline.py
[2026-05-09T16:16:23.243+0000] {processor.py:914} INFO - Processing file /opt/airflow/dags/mediapulse360_pipeline.py for tasks to queue
[2026-05-09T16:16:23.245+0000] {logging_mixin.py:190} INFO - [2026-05-09T16:16:23.245+0000] {dagbag.py:588} INFO - Filling up the DagBag from /opt/airflow/dags/mediapulse360_pipeline.py
[2026-05-09T16:16:23.273+0000] {processor.py:925} INFO - DAG(s) 'mediapulse360_pipeline' retrieved from /opt/airflow/dags/mediapulse360_pipeline.py
[2026-05-09T16:16:23.310+0000] {logging_mixin.py:190} INFO - [2026-05-09T16:16:23.309+0000] {dag.py:3239} INFO - Sync 1 DAGs
[2026-05-09T16:16:23.344+0000] {logging_mixin.py:190} INFO - [2026-05-09T16:16:23.344+0000] {dag.py:4180} INFO - Setting next_dagrun for mediapulse360_pipeline to 2026-05-09 16:00:00+00:00, run_after=2026-05-09 17:00:00+00:00
[2026-05-09T16:16:23.373+0000] {processor.py:208} INFO - Processing /opt/airflow/dags/mediapulse360_pipeline.py took 0.141 seconds
[2026-05-09T16:16:53.729+0000] {processor.py:186} INFO - Started process (PID=3419) to work on /opt/airflow/dags/mediapulse360_pipeline.py
[2026-05-09T16:16:53.730+0000] {processor.py:914} INFO - Processing file /opt/airflow/dags/mediapulse360_pipeline.py for tasks to queue
[2026-05-09T16:16:53.732+0000] {logging_mixin.py:190} INFO - [2026-05-09T16:16:53.731+0000] {dagbag.py:588} INFO - Filling up the DagBag from /opt/airflow/dags/mediapulse360_pipeline.py
[2026-05-09T16:16:53.750+0000] {processor.py:925} INFO - DAG(s) 'mediapulse360_pipeline' retrieved from /opt/airflow/dags/mediapulse360_pipeline.py
[2026-05-09T16:16:53.788+0000] {logging_mixin.py:190} INFO - [2026-05-09T16:16:53.788+0000] {dag.py:3239} INFO - Sync 1 DAGs
[2026-05-09T16:16:53.822+0000] {logging_mixin.py:190} INFO - [2026-05-09T16:16:53.822+0000] {dag.py:4180} INFO - Setting next_dagrun for mediapulse360_pipeline to 2026-05-09 16:00:00+00:00, run_after=2026-05-09 17:00:00+00:00
[2026-05-09T16:16:53.846+0000] {processor.py:208} INFO - Processing /opt/airflow/dags/mediapulse360_pipeline.py took 0.124 seconds
[2026-05-09T16:17:24.215+0000] {processor.py:186} INFO - Started process (PID=3429) to work on /opt/airflow/dags/mediapulse360_pipeline.py
[2026-05-09T16:17:24.217+0000] {processor.py:914} INFO - Processing file /opt/airflow/dags/mediapulse360_pipeline.py for tasks to queue
[2026-05-09T16:17:24.220+0000] {logging_mixin.py:190} INFO - [2026-05-09T16:17:24.219+0000] {dagbag.py:588} INFO - Filling up the DagBag from /opt/airflow/dags/mediapulse360_pipeline.py
[2026-05-09T16:17:24.239+0000] {processor.py:925} INFO - DAG(s) 'mediapulse360_pipeline' retrieved from /opt/airflow/dags/mediapulse360_pipeline.py
[2026-05-09T16:17:24.270+0000] {logging_mixin.py:190} INFO - [2026-05-09T16:17:24.270+0000] {dag.py:3239} INFO - Sync 1 DAGs
[2026-05-09T16:17:24.290+0000] {logging_mixin.py:190} INFO - [2026-05-09T16:17:24.290+0000] {dag.py:4180} INFO - Setting next_dagrun for mediapulse360_pipeline to 2026-05-09 16:00:00+00:00, run_after=2026-05-09 17:00:00+00:00
[2026-05-09T16:17:24.312+0000] {processor.py:208} INFO - Processing /opt/airflow/dags/mediapulse360_pipeline.py took 0.104 seconds
[2026-05-09T16:17:54.669+0000] {processor.py:186} INFO - Started process (PID=3439) to work on /opt/airflow/dags/mediapulse360_pipeline.py
[2026-05-09T16:17:54.670+0000] {processor.py:914} INFO - Processing file /opt/airflow/dags/mediapulse360_pipeline.py for tasks to queue
[2026-05-09T16:17:54.672+0000] {logging_mixin.py:190} INFO - [2026-05-09T16:17:54.671+0000] {dagbag.py:588} INFO - Filling up the DagBag from /opt/airflow/dags/mediapulse360_pipeline.py
[2026-05-09T16:17:54.695+0000] {processor.py:925} INFO - DAG(s) 'mediapulse360_pipeline' retrieved from /opt/airflow/dags/mediapulse360_pipeline.py
[2026-05-09T16:17:54.729+0000] {logging_mixin.py:190} INFO - [2026-05-09T16:17:54.729+0000] {dag.py:3239} INFO - Sync 1 DAGs
[2026-05-09T16:17:54.751+0000] {logging_mixin.py:190} INFO - [2026-05-09T16:17:54.750+0000] {dag.py:4180} INFO - Setting next_dagrun for mediapulse360_pipeline to 2026-05-09 16:00:00+00:00, run_after=2026-05-09 17:00:00+00:00
[2026-05-09T16:17:54.773+0000] {processor.py:208} INFO - Processing /opt/airflow/dags/mediapulse360_pipeline.py took 0.111 seconds
[2026-05-09T16:18:24.969+0000] {processor.py:186} INFO - Started process (PID=3449) to work on /opt/airflow/dags/mediapulse360_pipeline.py
[2026-05-09T16:18:24.971+0000] {processor.py:914} INFO - Processing file /opt/airflow/dags/mediapulse360_pipeline.py for tasks to queue
[2026-05-09T16:18:24.973+0000] {logging_mixin.py:190} INFO - [2026-05-09T16:18:24.972+0000] {dagbag.py:588} INFO - Filling up the DagBag from /opt/airflow/dags/mediapulse360_pipeline.py
[2026-05-09T16:18:24.996+0000] {processor.py:925} INFO - DAG(s) 'mediapulse360_pipeline' retrieved from /opt/airflow/dags/mediapulse360_pipeline.py
[2026-05-09T16:18:25.044+0000] {logging_mixin.py:190} INFO - [2026-05-09T16:18:25.044+0000] {dag.py:3239} INFO - Sync 1 DAGs
[2026-05-09T16:18:25.076+0000] {logging_mixin.py:190} INFO - [2026-05-09T16:18:25.076+0000] {dag.py:4180} INFO - Setting next_dagrun for mediapulse360_pipeline to 2026-05-09 16:00:00+00:00, run_after=2026-05-09 17:00:00+00:00
[2026-05-09T16:18:25.102+0000] {processor.py:208} INFO - Processing /opt/airflow/dags/mediapulse360_pipeline.py took 0.142 seconds
[2026-05-09T16:18:55.472+0000] {processor.py:186} INFO - Started process (PID=3459) to work on /opt/airflow/dags/mediapulse360_pipeline.py
[2026-05-09T16:18:55.473+0000] {processor.py:914} INFO - Processing file /opt/airflow/dags/mediapulse360_pipeline.py for tasks to queue
[2026-05-09T16:18:55.475+0000] {logging_mixin.py:190} INFO - [2026-05-09T16:18:55.474+0000] {dagbag.py:588} INFO - Filling up the DagBag from /opt/airflow/dags/mediapulse360_pipeline.py
[2026-05-09T16:18:55.494+0000] {processor.py:925} INFO - DAG(s) 'mediapulse360_pipeline' retrieved from /opt/airflow/dags/mediapulse360_pipeline.py
[2026-05-09T16:18:55.519+0000] {logging_mixin.py:190} INFO - [2026-05-09T16:18:55.519+0000] {dag.py:3239} INFO - Sync 1 DAGs
[2026-05-09T16:18:55.540+0000] {logging_mixin.py:190} INFO - [2026-05-09T16:18:55.540+0000] {dag.py:4180} INFO - Setting next_dagrun for mediapulse360_pipeline to 2026-05-09 16:00:00+00:00, run_after=2026-05-09 17:00:00+00:00
[2026-05-09T16:18:55.566+0000] {processor.py:208} INFO - Processing /opt/airflow/dags/mediapulse360_pipeline.py took 0.100 seconds
[2026-05-09T16:19:25.891+0000] {processor.py:186} INFO - Started process (PID=3469) to work on /opt/airflow/dags/mediapulse360_pipeline.py
[2026-05-09T16:19:25.893+0000] {processor.py:914} INFO - Processing file /opt/airflow/dags/mediapulse360_pipeline.py for tasks to queue
[2026-05-09T16:19:25.894+0000] {logging_mixin.py:190} INFO - [2026-05-09T16:19:25.894+0000] {dagbag.py:588} INFO - Filling up the DagBag from /opt/airflow/dags/mediapulse360_pipeline.py
[2026-05-09T16:19:25.911+0000] {processor.py:925} INFO - DAG(s) 'mediapulse360_pipeline' retrieved from /opt/airflow/dags/mediapulse360_pipeline.py
[2026-05-09T16:19:25.937+0000] {logging_mixin.py:190} INFO - [2026-05-09T16:19:25.937+0000] {dag.py:3239} INFO - Sync 1 DAGs
[2026-05-09T16:19:25.960+0000] {logging_mixin.py:190} INFO - [2026-05-09T16:19:25.960+0000] {dag.py:4180} INFO - Setting next_dagrun for mediapulse360_pipeline to 2026-05-09 16:00:00+00:00, run_after=2026-05-09 17:00:00+00:00
[2026-05-09T16:19:25.983+0000] {processor.py:208} INFO - Processing /opt/airflow/dags/mediapulse360_pipeline.py took 0.099 seconds
[2026-05-09T16:19:56.226+0000] {processor.py:186} INFO - Started process (PID=3479) to work on /opt/airflow/dags/mediapulse360_pipeline.py
[2026-05-09T16:19:56.227+0000] {processor.py:914} INFO - Processing file /opt/airflow/dags/mediapulse360_pipeline.py for tasks to queue
[2026-05-09T16:19:56.228+0000] {logging_mixin.py:190} INFO - [2026-05-09T16:19:56.228+0000] {dagbag.py:588} INFO - Filling up the DagBag from /opt/airflow/dags/mediapulse360_pipeline.py
[2026-05-09T16:19:56.244+0000] {processor.py:925} INFO - DAG(s) 'mediapulse360_pipeline' retrieved from /opt/airflow/dags/mediapulse360_pipeline.py
[2026-05-09T16:19:56.271+0000] {logging_mixin.py:190} INFO - [2026-05-09T16:19:56.271+0000] {dag.py:3239} INFO - Sync 1 DAGs
[2026-05-09T16:19:56.291+0000] {logging_mixin.py:190} INFO - [2026-05-09T16:19:56.291+0000] {dag.py:4180} INFO - Setting next_dagrun for mediapulse360_pipeline to 2026-05-09 16:00:00+00:00, run_after=2026-05-09 17:00:00+00:00
[2026-05-09T16:19:56.312+0000] {processor.py:208} INFO - Processing /opt/airflow/dags/mediapulse360_pipeline.py took 0.092 seconds
[2026-05-09T16:20:26.686+0000] {processor.py:186} INFO - Started process (PID=3489) to work on /opt/airflow/dags/mediapulse360_pipeline.py
[2026-05-09T16:20:26.687+0000] {processor.py:914} INFO - Processing file /opt/airflow/dags/mediapulse360_pipeline.py for tasks to queue
[2026-05-09T16:20:26.688+0000] {logging_mixin.py:190} INFO - [2026-05-09T16:20:26.688+0000] {dagbag.py:588} INFO - Filling up the DagBag from /opt/airflow/dags/mediapulse360_pipeline.py
[2026-05-09T16:20:26.707+0000] {processor.py:925} INFO - DAG(s) 'mediapulse360_pipeline' retrieved from /opt/airflow/dags/mediapulse360_pipeline.py
[2026-05-09T16:20:26.740+0000] {logging_mixin.py:190} INFO - [2026-05-09T16:20:26.740+0000] {dag.py:3239} INFO - Sync 1 DAGs
[2026-05-09T16:20:26.762+0000] {logging_mixin.py:190} INFO - [2026-05-09T16:20:26.761+0000] {dag.py:4180} INFO - Setting next_dagrun for mediapulse360_pipeline to 2026-05-09 16:00:00+00:00, run_after=2026-05-09 17:00:00+00:00
[2026-05-09T16:20:26.794+0000] {processor.py:208} INFO - Processing /opt/airflow/dags/mediapulse360_pipeline.py took 0.118 seconds
[2026-05-09T16:20:56.976+0000] {processor.py:186} INFO - Started process (PID=3499) to work on /opt/airflow/dags/mediapulse360_pipeline.py
[2026-05-09T16:20:56.977+0000] {processor.py:914} INFO - Processing file /opt/airflow/dags/mediapulse360_pipeline.py for tasks to queue
[2026-05-09T16:20:56.980+0000] {logging_mixin.py:190} INFO - [2026-05-09T16:20:56.980+0000] {dagbag.py:588} INFO - Filling up the DagBag from /opt/airflow/dags/mediapulse360_pipeline.py
[2026-05-09T16:20:57.003+0000] {processor.py:925} INFO - DAG(s) 'mediapulse360_pipeline' retrieved from /opt/airflow/dags/mediapulse360_pipeline.py
[2026-05-09T16:20:57.034+0000] {logging_mixin.py:190} INFO - [2026-05-09T16:20:57.034+0000] {dag.py:3239} INFO - Sync 1 DAGs
[2026-05-09T16:20:57.069+0000] {logging_mixin.py:190} INFO - [2026-05-09T16:20:57.069+0000] {dag.py:4180} INFO - Setting next_dagrun for mediapulse360_pipeline to 2026-05-09 16:00:00+00:00, run_after=2026-05-09 17:00:00+00:00
[2026-05-09T16:20:57.102+0000] {processor.py:208} INFO - Processing /opt/airflow/dags/mediapulse360_pipeline.py took 0.136 seconds
[2026-05-09T16:21:27.442+0000] {processor.py:186} INFO - Started process (PID=3509) to work on /opt/airflow/dags/mediapulse360_pipeline.py
[2026-05-09T16:21:27.443+0000] {processor.py:914} INFO - Processing file /opt/airflow/dags/mediapulse360_pipeline.py for tasks to queue
[2026-05-09T16:21:27.445+0000] {logging_mixin.py:190} INFO - [2026-05-09T16:21:27.445+0000] {dagbag.py:588} INFO - Filling up the DagBag from /opt/airflow/dags/mediapulse360_pipeline.py
[2026-05-09T16:21:27.464+0000] {processor.py:925} INFO - DAG(s) 'mediapulse360_pipeline' retrieved from /opt/airflow/dags/mediapulse360_pipeline.py
[2026-05-09T16:21:27.496+0000] {logging_mixin.py:190} INFO - [2026-05-09T16:21:27.496+0000] {dag.py:3239} INFO - Sync 1 DAGs
[2026-05-09T16:21:27.529+0000] {logging_mixin.py:190} INFO - [2026-05-09T16:21:27.529+0000] {dag.py:4180} INFO - Setting next_dagrun for mediapulse360_pipeline to 2026-05-09 16:00:00+00:00, run_after=2026-05-09 17:00:00+00:00
[2026-05-09T16:21:27.558+0000] {processor.py:208} INFO - Processing /opt/airflow/dags/mediapulse360_pipeline.py took 0.124 seconds
[2026-05-09T16:21:57.744+0000] {processor.py:186} INFO - Started process (PID=3519) to work on /opt/airflow/dags/mediapulse360_pipeline.py
[2026-05-09T16:21:57.746+0000] {processor.py:914} INFO - Processing file /opt/airflow/dags/mediapulse360_pipeline.py for tasks to queue
[2026-05-09T16:21:57.749+0000] {logging_mixin.py:190} INFO - [2026-05-09T16:21:57.748+0000] {dagbag.py:588} INFO - Filling up the DagBag from /opt/airflow/dags/mediapulse360_pipeline.py
[2026-05-09T16:21:57.773+0000] {processor.py:925} INFO - DAG(s) 'mediapulse360_pipeline' retrieved from /opt/airflow/dags/mediapulse360_pipeline.py
[2026-05-09T16:21:57.829+0000] {logging_mixin.py:190} INFO - [2026-05-09T16:21:57.829+0000] {dag.py:3239} INFO - Sync 1 DAGs
[2026-05-09T16:21:57.861+0000] {logging_mixin.py:190} INFO - [2026-05-09T16:21:57.860+0000] {dag.py:4180} INFO - Setting next_dagrun for mediapulse360_pipeline to 2026-05-09 16:00:00+00:00, run_after=2026-05-09 17:00:00+00:00
[2026-05-09T16:21:57.885+0000] {processor.py:208} INFO - Processing /opt/airflow/dags/mediapulse360_pipeline.py took 0.149 seconds
[2026-05-09T16:22:28.204+0000] {processor.py:186} INFO - Started process (PID=3529) to work on /opt/airflow/dags/mediapulse360_pipeline.py
[2026-05-09T16:22:28.206+0000] {processor.py:914} INFO - Processing file /opt/airflow/dags/mediapulse360_pipeline.py for tasks to queue
[2026-05-09T16:22:28.208+0000] {logging_mixin.py:190} INFO - [2026-05-09T16:22:28.207+0000] {dagbag.py:588} INFO - Filling up the DagBag from /opt/airflow/dags/mediapulse360_pipeline.py
[2026-05-09T16:22:28.229+0000] {processor.py:925} INFO - DAG(s) 'mediapulse360_pipeline' retrieved from /opt/airflow/dags/mediapulse360_pipeline.py
[2026-05-09T16:22:28.273+0000] {logging_mixin.py:190} INFO - [2026-05-09T16:22:28.273+0000] {dag.py:3239} INFO - Sync 1 DAGs
[2026-05-09T16:22:28.319+0000] {logging_mixin.py:190} INFO - [2026-05-09T16:22:28.318+0000] {dag.py:4180} INFO - Setting next_dagrun for mediapulse360_pipeline to 2026-05-09 16:00:00+00:00, run_after=2026-05-09 17:00:00+00:00
[2026-05-09T16:22:28.355+0000] {processor.py:208} INFO - Processing /opt/airflow/dags/mediapulse360_pipeline.py took 0.159 seconds
[2026-05-09T16:22:58.797+0000] {processor.py:186} INFO - Started process (PID=3539) to work on /opt/airflow/dags/mediapulse360_pipeline.py
[2026-05-09T16:22:58.799+0000] {processor.py:914} INFO - Processing file /opt/airflow/dags/mediapulse360_pipeline.py for tasks to queue
[2026-05-09T16:22:58.801+0000] {logging_mixin.py:190} INFO - [2026-05-09T16:22:58.801+0000] {dagbag.py:588} INFO - Filling up the DagBag from /opt/airflow/dags/mediapulse360_pipeline.py
[2026-05-09T16:22:58.825+0000] {processor.py:925} INFO - DAG(s) 'mediapulse360_pipeline' retrieved from /opt/airflow/dags/mediapulse360_pipeline.py
[2026-05-09T16:22:58.863+0000] {logging_mixin.py:190} INFO - [2026-05-09T16:22:58.863+0000] {dag.py:3239} INFO - Sync 1 DAGs
[2026-05-09T16:22:58.889+0000] {logging_mixin.py:190} INFO - [2026-05-09T16:22:58.888+0000] {dag.py:4180} INFO - Setting next_dagrun for mediapulse360_pipeline to 2026-05-09 16:00:00+00:00, run_after=2026-05-09 17:00:00+00:00
[2026-05-09T16:22:58.917+0000] {processor.py:208} INFO - Processing /opt/airflow/dags/mediapulse360_pipeline.py took 0.129 seconds
[2026-05-09T16:23:29.172+0000] {processor.py:186} INFO - Started process (PID=3549) to work on /opt/airflow/dags/mediapulse360_pipeline.py
[2026-05-09T16:23:29.174+0000] {processor.py:914} INFO - Processing file /opt/airflow/dags/mediapulse360_pipeline.py for tasks to queue
[2026-05-09T16:23:29.175+0000] {logging_mixin.py:190} INFO - [2026-05-09T16:23:29.175+0000] {dagbag.py:588} INFO - Filling up the DagBag from /opt/airflow/dags/mediapulse360_pipeline.py
[2026-05-09T16:23:29.191+0000] {processor.py:925} INFO - DAG(s) 'mediapulse360_pipeline' retrieved from /opt/airflow/dags/mediapulse360_pipeline.py
[2026-05-09T16:23:29.219+0000] {logging_mixin.py:190} INFO - [2026-05-09T16:23:29.219+0000] {dag.py:3239} INFO - Sync 1 DAGs
[2026-05-09T16:23:29.239+0000] {logging_mixin.py:190} INFO - [2026-05-09T16:23:29.239+0000] {dag.py:4180} INFO - Setting next_dagrun for mediapulse360_pipeline to 2026-05-09 16:00:00+00:00, run_after=2026-05-09 17:00:00+00:00
[2026-05-09T16:23:29.259+0000] {processor.py:208} INFO - Processing /opt/airflow/dags/mediapulse360_pipeline.py took 0.093 seconds
[2026-05-09T16:23:59.660+0000] {processor.py:186} INFO - Started process (PID=3559) to work on /opt/airflow/dags/mediapulse360_pipeline.py
[2026-05-09T16:23:59.662+0000] {processor.py:914} INFO - Processing file /opt/airflow/dags/mediapulse360_pipeline.py for tasks to queue
[2026-05-09T16:23:59.664+0000] {logging_mixin.py:190} INFO - [2026-05-09T16:23:59.664+0000] {dagbag.py:588} INFO - Filling up the DagBag from /opt/airflow/dags/mediapulse360_pipeline.py
[2026-05-09T16:23:59.685+0000] {processor.py:925} INFO - DAG(s) 'mediapulse360_pipeline' retrieved from /opt/airflow/dags/mediapulse360_pipeline.py
[2026-05-09T16:23:59.719+0000] {logging_mixin.py:190} INFO - [2026-05-09T16:23:59.719+0000] {dag.py:3239} INFO - Sync 1 DAGs
[2026-05-09T16:23:59.741+0000] {logging_mixin.py:190} INFO - [2026-05-09T16:23:59.740+0000] {dag.py:4180} INFO - Setting next_dagrun for mediapulse360_pipeline to 2026-05-09 16:00:00+00:00, run_after=2026-05-09 17:00:00+00:00
[2026-05-09T16:23:59.768+0000] {processor.py:208} INFO - Processing /opt/airflow/dags/mediapulse360_pipeline.py took 0.116 seconds
[2026-05-09T16:24:30.102+0000] {processor.py:186} INFO - Started process (PID=3569) to work on /opt/airflow/dags/mediapulse360_pipeline.py
[2026-05-09T16:24:30.103+0000] {processor.py:914} INFO - Processing file /opt/airflow/dags/mediapulse360_pipeline.py for tasks to queue
[2026-05-09T16:24:30.106+0000] {logging_mixin.py:190} INFO - [2026-05-09T16:24:30.105+0000] {dagbag.py:588} INFO - Filling up the DagBag from /opt/airflow/dags/mediapulse360_pipeline.py
[2026-05-09T16:24:30.124+0000] {processor.py:925} INFO - DAG(s) 'mediapulse360_pipeline' retrieved from /opt/airflow/dags/mediapulse360_pipeline.py
[2026-05-09T16:24:30.156+0000] {logging_mixin.py:190} INFO - [2026-05-09T16:24:30.156+0000] {dag.py:3239} INFO - Sync 1 DAGs
[2026-05-09T16:24:30.177+0000] {logging_mixin.py:190} INFO - [2026-05-09T16:24:30.177+0000] {dag.py:4180} INFO - Setting next_dagrun for mediapulse360_pipeline to 2026-05-09 16:00:00+00:00, run_after=2026-05-09 17:00:00+00:00
[2026-05-09T16:24:30.199+0000] {processor.py:208} INFO - Processing /opt/airflow/dags/mediapulse360_pipeline.py took 0.104 seconds
[2026-05-09T16:25:00.553+0000] {processor.py:186} INFO - Started process (PID=3579) to work on /opt/airflow/dags/mediapulse360_pipeline.py
[2026-05-09T16:25:00.554+0000] {processor.py:914} INFO - Processing file /opt/airflow/dags/mediapulse360_pipeline.py for tasks to queue
[2026-05-09T16:25:00.556+0000] {logging_mixin.py:190} INFO - [2026-05-09T16:25:00.555+0000] {dagbag.py:588} INFO - Filling up the DagBag from /opt/airflow/dags/mediapulse360_pipeline.py
[2026-05-09T16:25:00.572+0000] {processor.py:925} INFO - DAG(s) 'mediapulse360_pipeline' retrieved from /opt/airflow/dags/mediapulse360_pipeline.py
[2026-05-09T16:25:00.603+0000] {logging_mixin.py:190} INFO - [2026-05-09T16:25:00.602+0000] {dag.py:3239} INFO - Sync 1 DAGs
[2026-05-09T16:25:00.625+0000] {logging_mixin.py:190} INFO - [2026-05-09T16:25:00.625+0000] {dag.py:4180} INFO - Setting next_dagrun for mediapulse360_pipeline to 2026-05-09 16:00:00+00:00, run_after=2026-05-09 17:00:00+00:00
[2026-05-09T16:25:00.650+0000] {processor.py:208} INFO - Processing /opt/airflow/dags/mediapulse360_pipeline.py took 0.106 seconds
[2026-05-09T16:25:31.202+0000] {processor.py:186} INFO - Started process (PID=3589) to work on /opt/airflow/dags/mediapulse360_pipeline.py
[2026-05-09T16:25:31.204+0000] {processor.py:914} INFO - Processing file /opt/airflow/dags/mediapulse360_pipeline.py for tasks to queue
[2026-05-09T16:25:31.205+0000] {logging_mixin.py:190} INFO - [2026-05-09T16:25:31.205+0000] {dagbag.py:588} INFO - Filling up the DagBag from /opt/airflow/dags/mediapulse360_pipeline.py
[2026-05-09T16:25:31.238+0000] {processor.py:925} INFO - DAG(s) 'mediapulse360_pipeline' retrieved from /opt/airflow/dags/mediapulse360_pipeline.py
[2026-05-09T16:25:31.284+0000] {logging_mixin.py:190} INFO - [2026-05-09T16:25:31.283+0000] {dag.py:3239} INFO - Sync 1 DAGs
[2026-05-09T16:25:31.366+0000] {logging_mixin.py:190} INFO - [2026-05-09T16:25:31.366+0000] {dag.py:4180} INFO - Setting next_dagrun for mediapulse360_pipeline to 2026-05-09 16:00:00+00:00, run_after=2026-05-09 17:00:00+00:00
[2026-05-09T16:25:31.567+0000] {processor.py:208} INFO - Processing /opt/airflow/dags/mediapulse360_pipeline.py took 0.373 seconds
[2026-05-09T16:26:01.903+0000] {processor.py:186} INFO - Started process (PID=3599) to work on /opt/airflow/dags/mediapulse360_pipeline.py
[2026-05-09T16:26:01.906+0000] {processor.py:914} INFO - Processing file /opt/airflow/dags/mediapulse360_pipeline.py for tasks to queue
[2026-05-09T16:26:01.908+0000] {logging_mixin.py:190} INFO - [2026-05-09T16:26:01.908+0000] {dagbag.py:588} INFO - Filling up the DagBag from /opt/airflow/dags/mediapulse360_pipeline.py
[2026-05-09T16:26:01.941+0000] {processor.py:925} INFO - DAG(s) 'mediapulse360_pipeline' retrieved from /opt/airflow/dags/mediapulse360_pipeline.py
[2026-05-09T16:26:01.981+0000] {logging_mixin.py:190} INFO - [2026-05-09T16:26:01.981+0000] {dag.py:3239} INFO - Sync 1 DAGs
[2026-05-09T16:26:02.013+0000] {logging_mixin.py:190} INFO - [2026-05-09T16:26:02.013+0000] {dag.py:4180} INFO - Setting next_dagrun for mediapulse360_pipeline to 2026-05-09 16:00:00+00:00, run_after=2026-05-09 17:00:00+00:00
[2026-05-09T16:26:02.051+0000] {processor.py:208} INFO - Processing /opt/airflow/dags/mediapulse360_pipeline.py took 0.156 seconds
[2026-05-09T16:26:32.421+0000] {processor.py:186} INFO - Started process (PID=3609) to work on /opt/airflow/dags/mediapulse360_pipeline.py
[2026-05-09T16:26:32.422+0000] {processor.py:914} INFO - Processing file /opt/airflow/dags/mediapulse360_pipeline.py for tasks to queue
[2026-05-09T16:26:32.423+0000] {logging_mixin.py:190} INFO - [2026-05-09T16:26:32.423+0000] {dagbag.py:588} INFO - Filling up the DagBag from /opt/airflow/dags/mediapulse360_pipeline.py
[2026-05-09T16:26:32.443+0000] {processor.py:925} INFO - DAG(s) 'mediapulse360_pipeline' retrieved from /opt/airflow/dags/mediapulse360_pipeline.py
[2026-05-09T16:26:32.472+0000] {logging_mixin.py:190} INFO - [2026-05-09T16:26:32.471+0000] {dag.py:3239} INFO - Sync 1 DAGs
[2026-05-09T16:26:32.494+0000] {logging_mixin.py:190} INFO - [2026-05-09T16:26:32.494+0000] {dag.py:4180} INFO - Setting next_dagrun for mediapulse360_pipeline to 2026-05-09 16:00:00+00:00, run_after=2026-05-09 17:00:00+00:00
[2026-05-09T16:26:32.519+0000] {processor.py:208} INFO - Processing /opt/airflow/dags/mediapulse360_pipeline.py took 0.106 seconds
[2026-05-09T16:27:02.741+0000] {processor.py:186} INFO - Started process (PID=3619) to work on /opt/airflow/dags/mediapulse360_pipeline.py
[2026-05-09T16:27:02.742+0000] {processor.py:914} INFO - Processing file /opt/airflow/dags/mediapulse360_pipeline.py for tasks to queue
[2026-05-09T16:27:02.745+0000] {logging_mixin.py:190} INFO - [2026-05-09T16:27:02.745+0000] {dagbag.py:588} INFO - Filling up the DagBag from /opt/airflow/dags/mediapulse360_pipeline.py
[2026-05-09T16:27:02.775+0000] {processor.py:925} INFO - DAG(s) 'mediapulse360_pipeline' retrieved from /opt/airflow/dags/mediapulse360_pipeline.py
[2026-05-09T16:27:02.816+0000] {logging_mixin.py:190} INFO - [2026-05-09T16:27:02.816+0000] {dag.py:3239} INFO - Sync 1 DAGs
[2026-05-09T16:27:02.842+0000] {logging_mixin.py:190} INFO - [2026-05-09T16:27:02.842+0000] {dag.py:4180} INFO - Setting next_dagrun for mediapulse360_pipeline to 2026-05-09 16:00:00+00:00, run_after=2026-05-09 17:00:00+00:00
[2026-05-09T16:27:02.863+0000] {processor.py:208} INFO - Processing /opt/airflow/dags/mediapulse360_pipeline.py took 0.129 seconds
[2026-05-09T16:27:33.213+0000] {processor.py:186} INFO - Started process (PID=3629) to work on /opt/airflow/dags/mediapulse360_pipeline.py
[2026-05-09T16:27:33.215+0000] {processor.py:914} INFO - Processing file /opt/airflow/dags/mediapulse360_pipeline.py for tasks to queue
[2026-05-09T16:27:33.216+0000] {logging_mixin.py:190} INFO - [2026-05-09T16:27:33.216+0000] {dagbag.py:588} INFO - Filling up the DagBag from /opt/airflow/dags/mediapulse360_pipeline.py
[2026-05-09T16:27:33.240+0000] {processor.py:925} INFO - DAG(s) 'mediapulse360_pipeline' retrieved from /opt/airflow/dags/mediapulse360_pipeline.py
[2026-05-09T16:27:33.279+0000] {logging_mixin.py:190} INFO - [2026-05-09T16:27:33.279+0000] {dag.py:3239} INFO - Sync 1 DAGs
[2026-05-09T16:27:33.309+0000] {logging_mixin.py:190} INFO - [2026-05-09T16:27:33.309+0000] {dag.py:4180} INFO - Setting next_dagrun for mediapulse360_pipeline to 2026-05-09 16:00:00+00:00, run_after=2026-05-09 17:00:00+00:00
[2026-05-09T16:27:33.350+0000] {processor.py:208} INFO - Processing /opt/airflow/dags/mediapulse360_pipeline.py took 0.146 seconds
[2026-05-09T16:28:03.626+0000] {processor.py:186} INFO - Started process (PID=3639) to work on /opt/airflow/dags/mediapulse360_pipeline.py
[2026-05-09T16:28:03.628+0000] {processor.py:914} INFO - Processing file /opt/airflow/dags/mediapulse360_pipeline.py for tasks to queue
[2026-05-09T16:28:03.629+0000] {logging_mixin.py:190} INFO - [2026-05-09T16:28:03.629+0000] {dagbag.py:588} INFO - Filling up the DagBag from /opt/airflow/dags/mediapulse360_pipeline.py
[2026-05-09T16:28:03.644+0000] {processor.py:925} INFO - DAG(s) 'mediapulse360_pipeline' retrieved from /opt/airflow/dags/mediapulse360_pipeline.py
[2026-05-09T16:28:03.673+0000] {logging_mixin.py:190} INFO - [2026-05-09T16:28:03.673+0000] {dag.py:3239} INFO - Sync 1 DAGs
[2026-05-09T16:28:03.694+0000] {logging_mixin.py:190} INFO - [2026-05-09T16:28:03.694+0000] {dag.py:4180} INFO - Setting next_dagrun for mediapulse360_pipeline to 2026-05-09 16:00:00+00:00, run_after=2026-05-09 17:00:00+00:00
[2026-05-09T16:28:03.715+0000] {processor.py:208} INFO - Processing /opt/airflow/dags/mediapulse360_pipeline.py took 0.095 seconds
[2026-05-09T16:28:34.196+0000] {processor.py:186} INFO - Started process (PID=3649) to work on /opt/airflow/dags/mediapulse360_pipeline.py
[2026-05-09T16:28:34.201+0000] {processor.py:914} INFO - Processing file /opt/airflow/dags/mediapulse360_pipeline.py for tasks to queue
[2026-05-09T16:28:34.209+0000] {logging_mixin.py:190} INFO - [2026-05-09T16:28:34.208+0000] {dagbag.py:588} INFO - Filling up the DagBag from /opt/airflow/dags/mediapulse360_pipeline.py
[2026-05-09T16:28:34.239+0000] {processor.py:925} INFO - DAG(s) 'mediapulse360_pipeline' retrieved from /opt/airflow/dags/mediapulse360_pipeline.py
[2026-05-09T16:28:34.272+0000] {logging_mixin.py:190} INFO - [2026-05-09T16:28:34.272+0000] {dag.py:3239} INFO - Sync 1 DAGs
[2026-05-09T16:28:34.315+0000] {logging_mixin.py:190} INFO - [2026-05-09T16:28:34.315+0000] {dag.py:4180} INFO - Setting next_dagrun for mediapulse360_pipeline to 2026-05-09 16:00:00+00:00, run_after=2026-05-09 17:00:00+00:00
[2026-05-09T16:28:34.333+0000] {processor.py:208} INFO - Processing /opt/airflow/dags/mediapulse360_pipeline.py took 0.153 seconds
[2026-05-09T16:29:04.688+0000] {processor.py:186} INFO - Started process (PID=3659) to work on /opt/airflow/dags/mediapulse360_pipeline.py
[2026-05-09T16:29:04.691+0000] {processor.py:914} INFO - Processing file /opt/airflow/dags/mediapulse360_pipeline.py for tasks to queue
[2026-05-09T16:29:04.696+0000] {logging_mixin.py:190} INFO - [2026-05-09T16:29:04.695+0000] {dagbag.py:588} INFO - Filling up the DagBag from /opt/airflow/dags/mediapulse360_pipeline.py
[2026-05-09T16:29:04.734+0000] {processor.py:925} INFO - DAG(s) 'mediapulse360_pipeline' retrieved from /opt/airflow/dags/mediapulse360_pipeline.py
[2026-05-09T16:29:04.794+0000] {logging_mixin.py:190} INFO - [2026-05-09T16:29:04.794+0000] {dag.py:3239} INFO - Sync 1 DAGs
[2026-05-09T16:29:04.830+0000] {logging_mixin.py:190} INFO - [2026-05-09T16:29:04.829+0000] {dag.py:4180} INFO - Setting next_dagrun for mediapulse360_pipeline to 2026-05-09 16:00:00+00:00, run_after=2026-05-09 17:00:00+00:00
[2026-05-09T16:29:04.857+0000] {processor.py:208} INFO - Processing /opt/airflow/dags/mediapulse360_pipeline.py took 0.186 seconds
[2026-05-09T16:29:35.211+0000] {processor.py:186} INFO - Started process (PID=3669) to work on /opt/airflow/dags/mediapulse360_pipeline.py
[2026-05-09T16:29:35.214+0000] {processor.py:914} INFO - Processing file /opt/airflow/dags/mediapulse360_pipeline.py for tasks to queue
[2026-05-09T16:29:35.216+0000] {logging_mixin.py:190} INFO - [2026-05-09T16:29:35.215+0000] {dagbag.py:588} INFO - Filling up the DagBag from /opt/airflow/dags/mediapulse360_pipeline.py
[2026-05-09T16:29:35.250+0000] {processor.py:925} INFO - DAG(s) 'mediapulse360_pipeline' retrieved from /opt/airflow/dags/mediapulse360_pipeline.py
[2026-05-09T16:29:35.306+0000] {logging_mixin.py:190} INFO - [2026-05-09T16:29:35.305+0000] {dag.py:3239} INFO - Sync 1 DAGs
[2026-05-09T16:29:35.341+0000] {logging_mixin.py:190} INFO - [2026-05-09T16:29:35.340+0000] {dag.py:4180} INFO - Setting next_dagrun for mediapulse360_pipeline to 2026-05-09 16:00:00+00:00, run_after=2026-05-09 17:00:00+00:00
[2026-05-09T16:29:35.365+0000] {processor.py:208} INFO - Processing /opt/airflow/dags/mediapulse360_pipeline.py took 0.172 seconds
[2026-05-09T16:30:05.514+0000] {processor.py:186} INFO - Started process (PID=3679) to work on /opt/airflow/dags/mediapulse360_pipeline.py
[2026-05-09T16:30:05.516+0000] {processor.py:914} INFO - Processing file /opt/airflow/dags/mediapulse360_pipeline.py for tasks to queue
[2026-05-09T16:30:05.517+0000] {logging_mixin.py:190} INFO - [2026-05-09T16:30:05.517+0000] {dagbag.py:588} INFO - Filling up the DagBag from /opt/airflow/dags/mediapulse360_pipeline.py
[2026-05-09T16:30:05.535+0000] {processor.py:925} INFO - DAG(s) 'mediapulse360_pipeline' retrieved from /opt/airflow/dags/mediapulse360_pipeline.py
[2026-05-09T16:30:05.562+0000] {logging_mixin.py:190} INFO - [2026-05-09T16:30:05.562+0000] {dag.py:3239} INFO - Sync 1 DAGs
[2026-05-09T16:30:05.582+0000] {logging_mixin.py:190} INFO - [2026-05-09T16:30:05.582+0000] {dag.py:4180} INFO - Setting next_dagrun for mediapulse360_pipeline to 2026-05-09 16:00:00+00:00, run_after=2026-05-09 17:00:00+00:00
[2026-05-09T16:30:05.605+0000] {processor.py:208} INFO - Processing /opt/airflow/dags/mediapulse360_pipeline.py took 0.097 seconds
[2026-05-09T16:30:35.978+0000] {processor.py:186} INFO - Started process (PID=3689) to work on /opt/airflow/dags/mediapulse360_pipeline.py
[2026-05-09T16:30:35.980+0000] {processor.py:914} INFO - Processing file /opt/airflow/dags/mediapulse360_pipeline.py for tasks to queue
[2026-05-09T16:30:35.981+0000] {logging_mixin.py:190} INFO - [2026-05-09T16:30:35.980+0000] {dagbag.py:588} INFO - Filling up the DagBag from /opt/airflow/dags/mediapulse360_pipeline.py
[2026-05-09T16:30:35.997+0000] {processor.py:925} INFO - DAG(s) 'mediapulse360_pipeline' retrieved from /opt/airflow/dags/mediapulse360_pipeline.py
[2026-05-09T16:30:36.024+0000] {logging_mixin.py:190} INFO - [2026-05-09T16:30:36.024+0000] {dag.py:3239} INFO - Sync 1 DAGs
[2026-05-09T16:30:36.045+0000] {logging_mixin.py:190} INFO - [2026-05-09T16:30:36.045+0000] {dag.py:4180} INFO - Setting next_dagrun for mediapulse360_pipeline to 2026-05-09 16:00:00+00:00, run_after=2026-05-09 17:00:00+00:00
[2026-05-09T16:30:36.066+0000] {processor.py:208} INFO - Processing /opt/airflow/dags/mediapulse360_pipeline.py took 0.096 seconds
[2026-05-09T16:31:06.461+0000] {processor.py:186} INFO - Started process (PID=3699) to work on /opt/airflow/dags/mediapulse360_pipeline.py
[2026-05-09T16:31:06.463+0000] {processor.py:914} INFO - Processing file /opt/airflow/dags/mediapulse360_pipeline.py for tasks to queue
[2026-05-09T16:31:06.465+0000] {logging_mixin.py:190} INFO - [2026-05-09T16:31:06.464+0000] {dagbag.py:588} INFO - Filling up the DagBag from /opt/airflow/dags/mediapulse360_pipeline.py
[2026-05-09T16:31:06.491+0000] {processor.py:925} INFO - DAG(s) 'mediapulse360_pipeline' retrieved from /opt/airflow/dags/mediapulse360_pipeline.py
[2026-05-09T16:31:06.525+0000] {logging_mixin.py:190} INFO - [2026-05-09T16:31:06.525+0000] {dag.py:3239} INFO - Sync 1 DAGs
[2026-05-09T16:31:06.548+0000] {logging_mixin.py:190} INFO - [2026-05-09T16:31:06.548+0000] {dag.py:4180} INFO - Setting next_dagrun for mediapulse360_pipeline to 2026-05-09 16:00:00+00:00, run_after=2026-05-09 17:00:00+00:00
[2026-05-09T16:31:06.573+0000] {processor.py:208} INFO - Processing /opt/airflow/dags/mediapulse360_pipeline.py took 0.122 seconds
[2026-05-09T16:31:36.842+0000] {processor.py:186} INFO - Started process (PID=3709) to work on /opt/airflow/dags/mediapulse360_pipeline.py
[2026-05-09T16:31:36.844+0000] {processor.py:914} INFO - Processing file /opt/airflow/dags/mediapulse360_pipeline.py for tasks to queue
[2026-05-09T16:31:36.846+0000] {logging_mixin.py:190} INFO - [2026-05-09T16:31:36.846+0000] {dagbag.py:588} INFO - Filling up the DagBag from /opt/airflow/dags/mediapulse360_pipeline.py
[2026-05-09T16:31:36.869+0000] {processor.py:925} INFO - DAG(s) 'mediapulse360_pipeline' retrieved from /opt/airflow/dags/mediapulse360_pipeline.py
[2026-05-09T16:31:36.903+0000] {logging_mixin.py:190} INFO - [2026-05-09T16:31:36.903+0000] {dag.py:3239} INFO - Sync 1 DAGs
[2026-05-09T16:31:36.929+0000] {logging_mixin.py:190} INFO - [2026-05-09T16:31:36.928+0000] {dag.py:4180} INFO - Setting next_dagrun for mediapulse360_pipeline to 2026-05-09 16:00:00+00:00, run_after=2026-05-09 17:00:00+00:00
[2026-05-09T16:31:36.949+0000] {processor.py:208} INFO - Processing /opt/airflow/dags/mediapulse360_pipeline.py took 0.118 seconds
[2026-05-09T16:32:07.166+0000] {processor.py:186} INFO - Started process (PID=3719) to work on /opt/airflow/dags/mediapulse360_pipeline.py
[2026-05-09T16:32:07.168+0000] {processor.py:914} INFO - Processing file /opt/airflow/dags/mediapulse360_pipeline.py for tasks to queue
[2026-05-09T16:32:07.170+0000] {logging_mixin.py:190} INFO - [2026-05-09T16:32:07.169+0000] {dagbag.py:588} INFO - Filling up the DagBag from /opt/airflow/dags/mediapulse360_pipeline.py
[2026-05-09T16:32:07.191+0000] {processor.py:925} INFO - DAG(s) 'mediapulse360_pipeline' retrieved from /opt/airflow/dags/mediapulse360_pipeline.py
[2026-05-09T16:32:07.263+0000] {logging_mixin.py:190} INFO - [2026-05-09T16:32:07.262+0000] {dag.py:3239} INFO - Sync 1 DAGs
[2026-05-09T16:32:07.284+0000] {logging_mixin.py:190} INFO - [2026-05-09T16:32:07.284+0000] {dag.py:4180} INFO - Setting next_dagrun for mediapulse360_pipeline to 2026-05-09 16:00:00+00:00, run_after=2026-05-09 17:00:00+00:00
[2026-05-09T16:32:07.308+0000] {processor.py:208} INFO - Processing /opt/airflow/dags/mediapulse360_pipeline.py took 0.149 seconds
[2026-05-09T16:32:37.657+0000] {processor.py:186} INFO - Started process (PID=3729) to work on /opt/airflow/dags/mediapulse360_pipeline.py
[2026-05-09T16:32:37.662+0000] {processor.py:914} INFO - Processing file /opt/airflow/dags/mediapulse360_pipeline.py for tasks to queue
[2026-05-09T16:32:37.665+0000] {logging_mixin.py:190} INFO - [2026-05-09T16:32:37.664+0000] {dagbag.py:588} INFO - Filling up the DagBag from /opt/airflow/dags/mediapulse360_pipeline.py
[2026-05-09T16:32:37.685+0000] {processor.py:925} INFO - DAG(s) 'mediapulse360_pipeline' retrieved from /opt/airflow/dags/mediapulse360_pipeline.py
[2026-05-09T16:32:37.722+0000] {logging_mixin.py:190} INFO - [2026-05-09T16:32:37.721+0000] {dag.py:3239} INFO - Sync 1 DAGs
[2026-05-09T16:32:37.748+0000] {logging_mixin.py:190} INFO - [2026-05-09T16:32:37.748+0000] {dag.py:4180} INFO - Setting next_dagrun for mediapulse360_pipeline to 2026-05-09 16:00:00+00:00, run_after=2026-05-09 17:00:00+00:00
[2026-05-09T16:32:37.779+0000] {processor.py:208} INFO - Processing /opt/airflow/dags/mediapulse360_pipeline.py took 0.133 seconds
[2026-05-09T16:33:08.064+0000] {processor.py:186} INFO - Started process (PID=3739) to work on /opt/airflow/dags/mediapulse360_pipeline.py
[2026-05-09T16:33:08.066+0000] {processor.py:914} INFO - Processing file /opt/airflow/dags/mediapulse360_pipeline.py for tasks to queue
[2026-05-09T16:33:08.069+0000] {logging_mixin.py:190} INFO - [2026-05-09T16:33:08.068+0000] {dagbag.py:588} INFO - Filling up the DagBag from /opt/airflow/dags/mediapulse360_pipeline.py
[2026-05-09T16:33:08.097+0000] {processor.py:925} INFO - DAG(s) 'mediapulse360_pipeline' retrieved from /opt/airflow/dags/mediapulse360_pipeline.py
[2026-05-09T16:33:08.136+0000] {logging_mixin.py:190} INFO - [2026-05-09T16:33:08.136+0000] {dag.py:3239} INFO - Sync 1 DAGs
[2026-05-09T16:33:08.162+0000] {logging_mixin.py:190} INFO - [2026-05-09T16:33:08.161+0000] {dag.py:4180} INFO - Setting next_dagrun for mediapulse360_pipeline to 2026-05-09 16:00:00+00:00, run_after=2026-05-09 17:00:00+00:00
[2026-05-09T16:33:08.188+0000] {processor.py:208} INFO - Processing /opt/airflow/dags/mediapulse360_pipeline.py took 0.132 seconds
[2026-05-09T16:33:38.581+0000] {processor.py:186} INFO - Started process (PID=3749) to work on /opt/airflow/dags/mediapulse360_pipeline.py
[2026-05-09T16:33:38.583+0000] {processor.py:914} INFO - Processing file /opt/airflow/dags/mediapulse360_pipeline.py for tasks to queue
[2026-05-09T16:33:38.588+0000] {logging_mixin.py:190} INFO - [2026-05-09T16:33:38.587+0000] {dagbag.py:588} INFO - Filling up the DagBag from /opt/airflow/dags/mediapulse360_pipeline.py
[2026-05-09T16:33:38.616+0000] {processor.py:925} INFO - DAG(s) 'mediapulse360_pipeline' retrieved from /opt/airflow/dags/mediapulse360_pipeline.py
[2026-05-09T16:33:38.657+0000] {logging_mixin.py:190} INFO - [2026-05-09T16:33:38.656+0000] {dag.py:3239} INFO - Sync 1 DAGs
[2026-05-09T16:33:38.691+0000] {logging_mixin.py:190} INFO - [2026-05-09T16:33:38.691+0000] {dag.py:4180} INFO - Setting next_dagrun for mediapulse360_pipeline to 2026-05-09 16:00:00+00:00, run_after=2026-05-09 17:00:00+00:00
[2026-05-09T16:33:38.729+0000] {processor.py:208} INFO - Processing /opt/airflow/dags/mediapulse360_pipeline.py took 0.158 seconds
[2026-05-09T16:34:08.929+0000] {processor.py:186} INFO - Started process (PID=3759) to work on /opt/airflow/dags/mediapulse360_pipeline.py
[2026-05-09T16:34:08.931+0000] {processor.py:914} INFO - Processing file /opt/airflow/dags/mediapulse360_pipeline.py for tasks to queue
[2026-05-09T16:34:08.934+0000] {logging_mixin.py:190} INFO - [2026-05-09T16:34:08.934+0000] {dagbag.py:588} INFO - Filling up the DagBag from /opt/airflow/dags/mediapulse360_pipeline.py
[2026-05-09T16:34:08.962+0000] {processor.py:925} INFO - DAG(s) 'mediapulse360_pipeline' retrieved from /opt/airflow/dags/mediapulse360_pipeline.py
[2026-05-09T16:34:09.021+0000] {logging_mixin.py:190} INFO - [2026-05-09T16:34:09.021+0000] {dag.py:3239} INFO - Sync 1 DAGs
[2026-05-09T16:34:09.066+0000] {logging_mixin.py:190} INFO - [2026-05-09T16:34:09.066+0000] {dag.py:4180} INFO - Setting next_dagrun for mediapulse360_pipeline to 2026-05-09 16:00:00+00:00, run_after=2026-05-09 17:00:00+00:00
[2026-05-09T16:34:09.112+0000] {processor.py:208} INFO - Processing /opt/airflow/dags/mediapulse360_pipeline.py took 0.193 seconds
[2026-05-09T16:34:39.444+0000] {processor.py:186} INFO - Started process (PID=3769) to work on /opt/airflow/dags/mediapulse360_pipeline.py
[2026-05-09T16:34:39.445+0000] {processor.py:914} INFO - Processing file /opt/airflow/dags/mediapulse360_pipeline.py for tasks to queue
[2026-05-09T16:34:39.448+0000] {logging_mixin.py:190} INFO - [2026-05-09T16:34:39.447+0000] {dagbag.py:588} INFO - Filling up the DagBag from /opt/airflow/dags/mediapulse360_pipeline.py
[2026-05-09T16:34:39.470+0000] {processor.py:925} INFO - DAG(s) 'mediapulse360_pipeline' retrieved from /opt/airflow/dags/mediapulse360_pipeline.py
[2026-05-09T16:34:39.510+0000] {logging_mixin.py:190} INFO - [2026-05-09T16:34:39.509+0000] {dag.py:3239} INFO - Sync 1 DAGs
[2026-05-09T16:34:39.535+0000] {logging_mixin.py:190} INFO - [2026-05-09T16:34:39.535+0000] {dag.py:4180} INFO - Setting next_dagrun for mediapulse360_pipeline to 2026-05-09 16:00:00+00:00, run_after=2026-05-09 17:00:00+00:00
[2026-05-09T16:34:39.554+0000] {processor.py:208} INFO - Processing /opt/airflow/dags/mediapulse360_pipeline.py took 0.118 seconds
[2026-05-09T16:35:09.891+0000] {processor.py:186} INFO - Started process (PID=3779) to work on /opt/airflow/dags/mediapulse360_pipeline.py
[2026-05-09T16:35:09.893+0000] {processor.py:914} INFO - Processing file /opt/airflow/dags/mediapulse360_pipeline.py for tasks to queue
[2026-05-09T16:35:09.894+0000] {logging_mixin.py:190} INFO - [2026-05-09T16:35:09.894+0000] {dagbag.py:588} INFO - Filling up the DagBag from /opt/airflow/dags/mediapulse360_pipeline.py
[2026-05-09T16:35:09.908+0000] {processor.py:925} INFO - DAG(s) 'mediapulse360_pipeline' retrieved from /opt/airflow/dags/mediapulse360_pipeline.py
[2026-05-09T16:35:09.934+0000] {logging_mixin.py:190} INFO - [2026-05-09T16:35:09.934+0000] {dag.py:3239} INFO - Sync 1 DAGs
[2026-05-09T16:35:09.954+0000] {logging_mixin.py:190} INFO - [2026-05-09T16:35:09.954+0000] {dag.py:4180} INFO - Setting next_dagrun for mediapulse360_pipeline to 2026-05-09 16:00:00+00:00, run_after=2026-05-09 17:00:00+00:00
[2026-05-09T16:35:09.986+0000] {processor.py:208} INFO - Processing /opt/airflow/dags/mediapulse360_pipeline.py took 0.100 seconds
[2026-05-09T16:35:40.346+0000] {processor.py:186} INFO - Started process (PID=3789) to work on /opt/airflow/dags/mediapulse360_pipeline.py
[2026-05-09T16:35:40.347+0000] {processor.py:914} INFO - Processing file /opt/airflow/dags/mediapulse360_pipeline.py for tasks to queue
[2026-05-09T16:35:40.349+0000] {logging_mixin.py:190} INFO - [2026-05-09T16:35:40.349+0000] {dagbag.py:588} INFO - Filling up the DagBag from /opt/airflow/dags/mediapulse360_pipeline.py
[2026-05-09T16:35:40.367+0000] {processor.py:925} INFO - DAG(s) 'mediapulse360_pipeline' retrieved from /opt/airflow/dags/mediapulse360_pipeline.py
[2026-05-09T16:35:40.394+0000] {logging_mixin.py:190} INFO - [2026-05-09T16:35:40.393+0000] {dag.py:3239} INFO - Sync 1 DAGs
[2026-05-09T16:35:40.414+0000] {logging_mixin.py:190} INFO - [2026-05-09T16:35:40.414+0000] {dag.py:4180} INFO - Setting next_dagrun for mediapulse360_pipeline to 2026-05-09 16:00:00+00:00, run_after=2026-05-09 17:00:00+00:00
[2026-05-09T16:35:40.436+0000] {processor.py:208} INFO - Processing /opt/airflow/dags/mediapulse360_pipeline.py took 0.096 seconds
[2026-05-09T16:36:10.799+0000] {processor.py:186} INFO - Started process (PID=3799) to work on /opt/airflow/dags/mediapulse360_pipeline.py
[2026-05-09T16:36:10.801+0000] {processor.py:914} INFO - Processing file /opt/airflow/dags/mediapulse360_pipeline.py for tasks to queue
[2026-05-09T16:36:10.803+0000] {logging_mixin.py:190} INFO - [2026-05-09T16:36:10.802+0000] {dagbag.py:588} INFO - Filling up the DagBag from /opt/airflow/dags/mediapulse360_pipeline.py
[2026-05-09T16:36:10.825+0000] {processor.py:925} INFO - DAG(s) 'mediapulse360_pipeline' retrieved from /opt/airflow/dags/mediapulse360_pipeline.py
[2026-05-09T16:36:10.859+0000] {logging_mixin.py:190} INFO - [2026-05-09T16:36:10.858+0000] {dag.py:3239} INFO - Sync 1 DAGs
[2026-05-09T16:36:10.886+0000] {logging_mixin.py:190} INFO - [2026-05-09T16:36:10.886+0000] {dag.py:4180} INFO - Setting next_dagrun for mediapulse360_pipeline to 2026-05-09 16:00:00+00:00, run_after=2026-05-09 17:00:00+00:00
[2026-05-09T16:36:10.906+0000] {processor.py:208} INFO - Processing /opt/airflow/dags/mediapulse360_pipeline.py took 0.115 seconds
[2026-05-09T16:36:41.206+0000] {processor.py:186} INFO - Started process (PID=3809) to work on /opt/airflow/dags/mediapulse360_pipeline.py
[2026-05-09T16:36:41.207+0000] {processor.py:914} INFO - Processing file /opt/airflow/dags/mediapulse360_pipeline.py for tasks to queue
[2026-05-09T16:36:41.208+0000] {logging_mixin.py:190} INFO - [2026-05-09T16:36:41.208+0000] {dagbag.py:588} INFO - Filling up the DagBag from /opt/airflow/dags/mediapulse360_pipeline.py
[2026-05-09T16:36:41.225+0000] {processor.py:925} INFO - DAG(s) 'mediapulse360_pipeline' retrieved from /opt/airflow/dags/mediapulse360_pipeline.py
[2026-05-09T16:36:41.252+0000] {logging_mixin.py:190} INFO - [2026-05-09T16:36:41.252+0000] {dag.py:3239} INFO - Sync 1 DAGs
[2026-05-09T16:36:41.271+0000] {logging_mixin.py:190} INFO - [2026-05-09T16:36:41.271+0000] {dag.py:4180} INFO - Setting next_dagrun for mediapulse360_pipeline to 2026-05-09 16:00:00+00:00, run_after=2026-05-09 17:00:00+00:00
[2026-05-09T16:36:41.294+0000] {processor.py:208} INFO - Processing /opt/airflow/dags/mediapulse360_pipeline.py took 0.094 seconds
[2026-05-09T16:37:11.699+0000] {processor.py:186} INFO - Started process (PID=3819) to work on /opt/airflow/dags/mediapulse360_pipeline.py
[2026-05-09T16:37:11.700+0000] {processor.py:914} INFO - Processing file /opt/airflow/dags/mediapulse360_pipeline.py for tasks to queue
[2026-05-09T16:37:11.702+0000] {logging_mixin.py:190} INFO - [2026-05-09T16:37:11.701+0000] {dagbag.py:588} INFO - Filling up the DagBag from /opt/airflow/dags/mediapulse360_pipeline.py
[2026-05-09T16:37:11.721+0000] {processor.py:925} INFO - DAG(s) 'mediapulse360_pipeline' retrieved from /opt/airflow/dags/mediapulse360_pipeline.py
[2026-05-09T16:37:11.746+0000] {logging_mixin.py:190} INFO - [2026-05-09T16:37:11.746+0000] {dag.py:3239} INFO - Sync 1 DAGs
[2026-05-09T16:37:11.766+0000] {logging_mixin.py:190} INFO - [2026-05-09T16:37:11.766+0000] {dag.py:4180} INFO - Setting next_dagrun for mediapulse360_pipeline to 2026-05-09 16:00:00+00:00, run_after=2026-05-09 17:00:00+00:00
[2026-05-09T16:37:11.787+0000] {processor.py:208} INFO - Processing /opt/airflow/dags/mediapulse360_pipeline.py took 0.095 seconds
[2026-05-09T16:37:42.082+0000] {processor.py:186} INFO - Started process (PID=3829) to work on /opt/airflow/dags/mediapulse360_pipeline.py
[2026-05-09T16:37:42.083+0000] {processor.py:914} INFO - Processing file /opt/airflow/dags/mediapulse360_pipeline.py for tasks to queue
[2026-05-09T16:37:42.085+0000] {logging_mixin.py:190} INFO - [2026-05-09T16:37:42.085+0000] {dagbag.py:588} INFO - Filling up the DagBag from /opt/airflow/dags/mediapulse360_pipeline.py
[2026-05-09T16:37:42.105+0000] {processor.py:925} INFO - DAG(s) 'mediapulse360_pipeline' retrieved from /opt/airflow/dags/mediapulse360_pipeline.py
[2026-05-09T16:37:42.140+0000] {logging_mixin.py:190} INFO - [2026-05-09T16:37:42.139+0000] {dag.py:3239} INFO - Sync 1 DAGs
[2026-05-09T16:37:42.161+0000] {logging_mixin.py:190} INFO - [2026-05-09T16:37:42.161+0000] {dag.py:4180} INFO - Setting next_dagrun for mediapulse360_pipeline to 2026-05-09 16:00:00+00:00, run_after=2026-05-09 17:00:00+00:00
[2026-05-09T16:37:42.185+0000] {processor.py:208} INFO - Processing /opt/airflow/dags/mediapulse360_pipeline.py took 0.110 seconds
[2026-05-09T16:38:12.778+0000] {processor.py:186} INFO - Started process (PID=3839) to work on /opt/airflow/dags/mediapulse360_pipeline.py
[2026-05-09T16:38:12.780+0000] {processor.py:914} INFO - Processing file /opt/airflow/dags/mediapulse360_pipeline.py for tasks to queue
[2026-05-09T16:38:12.784+0000] {logging_mixin.py:190} INFO - [2026-05-09T16:38:12.783+0000] {dagbag.py:588} INFO - Filling up the DagBag from /opt/airflow/dags/mediapulse360_pipeline.py
[2026-05-09T16:38:12.813+0000] {processor.py:925} INFO - DAG(s) 'mediapulse360_pipeline' retrieved from /opt/airflow/dags/mediapulse360_pipeline.py
[2026-05-09T16:38:12.870+0000] {logging_mixin.py:190} INFO - [2026-05-09T16:38:12.869+0000] {dag.py:3239} INFO - Sync 1 DAGs
[2026-05-09T16:38:12.900+0000] {logging_mixin.py:190} INFO - [2026-05-09T16:38:12.900+0000] {dag.py:4180} INFO - Setting next_dagrun for mediapulse360_pipeline to 2026-05-09 16:00:00+00:00, run_after=2026-05-09 17:00:00+00:00
[2026-05-09T16:38:12.922+0000] {processor.py:208} INFO - Processing /opt/airflow/dags/mediapulse360_pipeline.py took 0.154 seconds
[2026-05-09T16:38:43.076+0000] {processor.py:186} INFO - Started process (PID=3849) to work on /opt/airflow/dags/mediapulse360_pipeline.py
[2026-05-09T16:38:43.077+0000] {processor.py:914} INFO - Processing file /opt/airflow/dags/mediapulse360_pipeline.py for tasks to queue
[2026-05-09T16:38:43.079+0000] {logging_mixin.py:190} INFO - [2026-05-09T16:38:43.079+0000] {dagbag.py:588} INFO - Filling up the DagBag from /opt/airflow/dags/mediapulse360_pipeline.py
[2026-05-09T16:38:43.099+0000] {processor.py:925} INFO - DAG(s) 'mediapulse360_pipeline' retrieved from /opt/airflow/dags/mediapulse360_pipeline.py
[2026-05-09T16:38:43.130+0000] {logging_mixin.py:190} INFO - [2026-05-09T16:38:43.129+0000] {dag.py:3239} INFO - Sync 1 DAGs
[2026-05-09T16:38:43.157+0000] {logging_mixin.py:190} INFO - [2026-05-09T16:38:43.157+0000] {dag.py:4180} INFO - Setting next_dagrun for mediapulse360_pipeline to 2026-05-09 16:00:00+00:00, run_after=2026-05-09 17:00:00+00:00
[2026-05-09T16:38:43.189+0000] {processor.py:208} INFO - Processing /opt/airflow/dags/mediapulse360_pipeline.py took 0.120 seconds
[2026-05-09T16:39:13.513+0000] {processor.py:186} INFO - Started process (PID=3859) to work on /opt/airflow/dags/mediapulse360_pipeline.py
[2026-05-09T16:39:13.514+0000] {processor.py:914} INFO - Processing file /opt/airflow/dags/mediapulse360_pipeline.py for tasks to queue
[2026-05-09T16:39:13.517+0000] {logging_mixin.py:190} INFO - [2026-05-09T16:39:13.516+0000] {dagbag.py:588} INFO - Filling up the DagBag from /opt/airflow/dags/mediapulse360_pipeline.py
[2026-05-09T16:39:13.540+0000] {processor.py:925} INFO - DAG(s) 'mediapulse360_pipeline' retrieved from /opt/airflow/dags/mediapulse360_pipeline.py
[2026-05-09T16:39:13.568+0000] {logging_mixin.py:190} INFO - [2026-05-09T16:39:13.568+0000] {dag.py:3239} INFO - Sync 1 DAGs
[2026-05-09T16:39:13.588+0000] {logging_mixin.py:190} INFO - [2026-05-09T16:39:13.588+0000] {dag.py:4180} INFO - Setting next_dagrun for mediapulse360_pipeline to 2026-05-09 16:00:00+00:00, run_after=2026-05-09 17:00:00+00:00
[2026-05-09T16:39:13.614+0000] {processor.py:208} INFO - Processing /opt/airflow/dags/mediapulse360_pipeline.py took 0.111 seconds
[2026-05-09T16:39:43.835+0000] {processor.py:186} INFO - Started process (PID=3869) to work on /opt/airflow/dags/mediapulse360_pipeline.py
[2026-05-09T16:39:43.836+0000] {processor.py:914} INFO - Processing file /opt/airflow/dags/mediapulse360_pipeline.py for tasks to queue
[2026-05-09T16:39:43.838+0000] {logging_mixin.py:190} INFO - [2026-05-09T16:39:43.837+0000] {dagbag.py:588} INFO - Filling up the DagBag from /opt/airflow/dags/mediapulse360_pipeline.py
[2026-05-09T16:39:43.882+0000] {processor.py:925} INFO - DAG(s) 'mediapulse360_pipeline' retrieved from /opt/airflow/dags/mediapulse360_pipeline.py
[2026-05-09T16:39:43.914+0000] {logging_mixin.py:190} INFO - [2026-05-09T16:39:43.913+0000] {dag.py:3239} INFO - Sync 1 DAGs
[2026-05-09T16:39:43.943+0000] {logging_mixin.py:190} INFO - [2026-05-09T16:39:43.942+0000] {dag.py:4180} INFO - Setting next_dagrun for mediapulse360_pipeline to 2026-05-09 16:00:00+00:00, run_after=2026-05-09 17:00:00+00:00
[2026-05-09T16:39:43.974+0000] {processor.py:208} INFO - Processing /opt/airflow/dags/mediapulse360_pipeline.py took 0.148 seconds
