[2026-05-09T10:40:20.146+0000] {processor.py:161} INFO - Started process (PID=167) to work on /opt/airflow/dags/news_pipeline_dag.py
[2026-05-09T10:40:20.148+0000] {processor.py:830} INFO - Processing file /opt/airflow/dags/news_pipeline_dag.py for tasks to queue
[2026-05-09T10:40:20.150+0000] {logging_mixin.py:188} INFO - [2026-05-09T10:40:20.149+0000] {dagbag.py:538} INFO - Filling up the DagBag from /opt/airflow/dags/news_pipeline_dag.py
[2026-05-09T10:40:20.234+0000] {processor.py:840} INFO - DAG(s) 'news_data_architecture_pipeline' retrieved from /opt/airflow/dags/news_pipeline_dag.py
[2026-05-09T10:40:20.936+0000] {logging_mixin.py:188} INFO - [2026-05-09T10:40:20.934+0000] {override.py:1769} INFO - Created Permission View: can edit on DAG:news_data_architecture_pipeline
[2026-05-09T10:40:20.953+0000] {logging_mixin.py:188} INFO - [2026-05-09T10:40:20.953+0000] {override.py:1769} INFO - Created Permission View: can read on DAG:news_data_architecture_pipeline
[2026-05-09T10:40:20.966+0000] {logging_mixin.py:188} INFO - [2026-05-09T10:40:20.966+0000] {override.py:1769} INFO - Created Permission View: can delete on DAG:news_data_architecture_pipeline
[2026-05-09T10:40:20.967+0000] {logging_mixin.py:188} INFO - [2026-05-09T10:40:20.967+0000] {dag.py:3036} INFO - Sync 1 DAGs
[2026-05-09T10:40:20.990+0000] {logging_mixin.py:188} INFO - [2026-05-09T10:40:20.989+0000] {dag.py:3058} INFO - Creating ORM DAG for news_data_architecture_pipeline
[2026-05-09T10:40:21.033+0000] {logging_mixin.py:188} INFO - [2026-05-09T10:40:21.033+0000] {dag.py:3823} INFO - Setting next_dagrun for news_data_architecture_pipeline to 2026-05-09 09:00:00+00:00, run_after=2026-05-09 10:00:00+00:00
[2026-05-09T10:40:21.071+0000] {processor.py:183} INFO - Processing /opt/airflow/dags/news_pipeline_dag.py took 0.930 seconds
[2026-05-09T10:40:51.780+0000] {processor.py:161} INFO - Started process (PID=179) to work on /opt/airflow/dags/news_pipeline_dag.py
[2026-05-09T10:40:51.783+0000] {processor.py:830} INFO - Processing file /opt/airflow/dags/news_pipeline_dag.py for tasks to queue
[2026-05-09T10:40:51.784+0000] {logging_mixin.py:188} INFO - [2026-05-09T10:40:51.784+0000] {dagbag.py:538} INFO - Filling up the DagBag from /opt/airflow/dags/news_pipeline_dag.py
[2026-05-09T10:40:51.824+0000] {processor.py:840} INFO - DAG(s) 'news_data_architecture_pipeline' retrieved from /opt/airflow/dags/news_pipeline_dag.py
[2026-05-09T10:40:51.869+0000] {logging_mixin.py:188} INFO - [2026-05-09T10:40:51.869+0000] {dag.py:3036} INFO - Sync 1 DAGs
[2026-05-09T10:40:51.901+0000] {logging_mixin.py:188} INFO - [2026-05-09T10:40:51.901+0000] {dag.py:3823} INFO - Setting next_dagrun for news_data_architecture_pipeline to 2026-05-09 09:00:00+00:00, run_after=2026-05-09 10:00:00+00:00
[2026-05-09T10:40:51.925+0000] {processor.py:183} INFO - Processing /opt/airflow/dags/news_pipeline_dag.py took 0.152 seconds
[2026-05-09T10:41:22.440+0000] {processor.py:161} INFO - Started process (PID=189) to work on /opt/airflow/dags/news_pipeline_dag.py
[2026-05-09T10:41:22.441+0000] {processor.py:830} INFO - Processing file /opt/airflow/dags/news_pipeline_dag.py for tasks to queue
[2026-05-09T10:41:22.443+0000] {logging_mixin.py:188} INFO - [2026-05-09T10:41:22.442+0000] {dagbag.py:538} INFO - Filling up the DagBag from /opt/airflow/dags/news_pipeline_dag.py
[2026-05-09T10:41:22.466+0000] {processor.py:840} INFO - DAG(s) 'news_data_architecture_pipeline' retrieved from /opt/airflow/dags/news_pipeline_dag.py
[2026-05-09T10:41:22.505+0000] {logging_mixin.py:188} INFO - [2026-05-09T10:41:22.505+0000] {dag.py:3036} INFO - Sync 1 DAGs
[2026-05-09T10:41:22.530+0000] {logging_mixin.py:188} INFO - [2026-05-09T10:41:22.530+0000] {dag.py:3823} INFO - Setting next_dagrun for news_data_architecture_pipeline to 2026-05-09 09:00:00+00:00, run_after=2026-05-09 10:00:00+00:00
[2026-05-09T10:41:22.552+0000] {processor.py:183} INFO - Processing /opt/airflow/dags/news_pipeline_dag.py took 0.115 seconds
[2026-05-09T10:41:52.824+0000] {processor.py:161} INFO - Started process (PID=199) to work on /opt/airflow/dags/news_pipeline_dag.py
[2026-05-09T10:41:52.825+0000] {processor.py:830} INFO - Processing file /opt/airflow/dags/news_pipeline_dag.py for tasks to queue
[2026-05-09T10:41:52.826+0000] {logging_mixin.py:188} INFO - [2026-05-09T10:41:52.826+0000] {dagbag.py:538} INFO - Filling up the DagBag from /opt/airflow/dags/news_pipeline_dag.py
[2026-05-09T10:41:52.851+0000] {processor.py:840} INFO - DAG(s) 'news_data_architecture_pipeline' retrieved from /opt/airflow/dags/news_pipeline_dag.py
[2026-05-09T10:41:52.891+0000] {logging_mixin.py:188} INFO - [2026-05-09T10:41:52.891+0000] {dag.py:3036} INFO - Sync 1 DAGs
[2026-05-09T10:41:52.919+0000] {logging_mixin.py:188} INFO - [2026-05-09T10:41:52.919+0000] {dag.py:3823} INFO - Setting next_dagrun for news_data_architecture_pipeline to 2026-05-09 09:00:00+00:00, run_after=2026-05-09 10:00:00+00:00
[2026-05-09T10:41:52.943+0000] {processor.py:183} INFO - Processing /opt/airflow/dags/news_pipeline_dag.py took 0.123 seconds
[2026-05-09T10:42:23.332+0000] {processor.py:161} INFO - Started process (PID=209) to work on /opt/airflow/dags/news_pipeline_dag.py
[2026-05-09T10:42:23.333+0000] {processor.py:830} INFO - Processing file /opt/airflow/dags/news_pipeline_dag.py for tasks to queue
[2026-05-09T10:42:23.335+0000] {logging_mixin.py:188} INFO - [2026-05-09T10:42:23.334+0000] {dagbag.py:538} INFO - Filling up the DagBag from /opt/airflow/dags/news_pipeline_dag.py
[2026-05-09T10:42:23.372+0000] {processor.py:840} INFO - DAG(s) 'news_data_architecture_pipeline' retrieved from /opt/airflow/dags/news_pipeline_dag.py
[2026-05-09T10:42:23.411+0000] {logging_mixin.py:188} INFO - [2026-05-09T10:42:23.410+0000] {dag.py:3036} INFO - Sync 1 DAGs
[2026-05-09T10:42:23.445+0000] {logging_mixin.py:188} INFO - [2026-05-09T10:42:23.445+0000] {dag.py:3823} INFO - Setting next_dagrun for news_data_architecture_pipeline to 2026-05-09 09:00:00+00:00, run_after=2026-05-09 10:00:00+00:00
[2026-05-09T10:42:23.477+0000] {processor.py:183} INFO - Processing /opt/airflow/dags/news_pipeline_dag.py took 0.148 seconds
[2026-05-09T10:42:53.586+0000] {processor.py:161} INFO - Started process (PID=219) to work on /opt/airflow/dags/news_pipeline_dag.py
[2026-05-09T10:42:53.588+0000] {processor.py:830} INFO - Processing file /opt/airflow/dags/news_pipeline_dag.py for tasks to queue
[2026-05-09T10:42:53.590+0000] {logging_mixin.py:188} INFO - [2026-05-09T10:42:53.589+0000] {dagbag.py:538} INFO - Filling up the DagBag from /opt/airflow/dags/news_pipeline_dag.py
[2026-05-09T10:42:53.621+0000] {processor.py:840} INFO - DAG(s) 'news_data_architecture_pipeline' retrieved from /opt/airflow/dags/news_pipeline_dag.py
[2026-05-09T10:42:53.655+0000] {logging_mixin.py:188} INFO - [2026-05-09T10:42:53.654+0000] {dag.py:3036} INFO - Sync 1 DAGs
[2026-05-09T10:42:53.686+0000] {logging_mixin.py:188} INFO - [2026-05-09T10:42:53.685+0000] {dag.py:3823} INFO - Setting next_dagrun for news_data_architecture_pipeline to 2026-05-09 09:00:00+00:00, run_after=2026-05-09 10:00:00+00:00
[2026-05-09T10:42:53.711+0000] {processor.py:183} INFO - Processing /opt/airflow/dags/news_pipeline_dag.py took 0.131 seconds
[2026-05-09T10:43:24.003+0000] {processor.py:161} INFO - Started process (PID=229) to work on /opt/airflow/dags/news_pipeline_dag.py
[2026-05-09T10:43:24.004+0000] {processor.py:830} INFO - Processing file /opt/airflow/dags/news_pipeline_dag.py for tasks to queue
[2026-05-09T10:43:24.005+0000] {logging_mixin.py:188} INFO - [2026-05-09T10:43:24.005+0000] {dagbag.py:538} INFO - Filling up the DagBag from /opt/airflow/dags/news_pipeline_dag.py
[2026-05-09T10:43:24.030+0000] {processor.py:840} INFO - DAG(s) 'news_data_architecture_pipeline' retrieved from /opt/airflow/dags/news_pipeline_dag.py
[2026-05-09T10:43:24.060+0000] {logging_mixin.py:188} INFO - [2026-05-09T10:43:24.060+0000] {dag.py:3036} INFO - Sync 1 DAGs
[2026-05-09T10:43:24.082+0000] {logging_mixin.py:188} INFO - [2026-05-09T10:43:24.081+0000] {dag.py:3823} INFO - Setting next_dagrun for news_data_architecture_pipeline to 2026-05-09 09:00:00+00:00, run_after=2026-05-09 10:00:00+00:00
[2026-05-09T10:43:24.106+0000] {processor.py:183} INFO - Processing /opt/airflow/dags/news_pipeline_dag.py took 0.106 seconds
[2026-05-09T10:43:54.409+0000] {processor.py:161} INFO - Started process (PID=239) to work on /opt/airflow/dags/news_pipeline_dag.py
[2026-05-09T10:43:54.426+0000] {processor.py:830} INFO - Processing file /opt/airflow/dags/news_pipeline_dag.py for tasks to queue
[2026-05-09T10:43:54.429+0000] {logging_mixin.py:188} INFO - [2026-05-09T10:43:54.428+0000] {dagbag.py:538} INFO - Filling up the DagBag from /opt/airflow/dags/news_pipeline_dag.py
[2026-05-09T10:43:54.505+0000] {processor.py:840} INFO - DAG(s) 'news_data_architecture_pipeline' retrieved from /opt/airflow/dags/news_pipeline_dag.py
[2026-05-09T10:43:54.568+0000] {logging_mixin.py:188} INFO - [2026-05-09T10:43:54.568+0000] {dag.py:3036} INFO - Sync 1 DAGs
[2026-05-09T10:43:54.613+0000] {logging_mixin.py:188} INFO - [2026-05-09T10:43:54.613+0000] {dag.py:3823} INFO - Setting next_dagrun for news_data_architecture_pipeline to 2026-05-09 09:00:00+00:00, run_after=2026-05-09 10:00:00+00:00
[2026-05-09T10:43:54.644+0000] {processor.py:183} INFO - Processing /opt/airflow/dags/news_pipeline_dag.py took 0.243 seconds
[2026-05-09T10:44:24.926+0000] {processor.py:161} INFO - Started process (PID=249) to work on /opt/airflow/dags/news_pipeline_dag.py
[2026-05-09T10:44:24.928+0000] {processor.py:830} INFO - Processing file /opt/airflow/dags/news_pipeline_dag.py for tasks to queue
[2026-05-09T10:44:24.929+0000] {logging_mixin.py:188} INFO - [2026-05-09T10:44:24.928+0000] {dagbag.py:538} INFO - Filling up the DagBag from /opt/airflow/dags/news_pipeline_dag.py
[2026-05-09T10:44:24.968+0000] {processor.py:840} INFO - DAG(s) 'news_data_architecture_pipeline' retrieved from /opt/airflow/dags/news_pipeline_dag.py
[2026-05-09T10:44:25.001+0000] {logging_mixin.py:188} INFO - [2026-05-09T10:44:25.001+0000] {dag.py:3036} INFO - Sync 1 DAGs
[2026-05-09T10:44:25.026+0000] {logging_mixin.py:188} INFO - [2026-05-09T10:44:25.026+0000] {dag.py:3823} INFO - Setting next_dagrun for news_data_architecture_pipeline to 2026-05-09 09:00:00+00:00, run_after=2026-05-09 10:00:00+00:00
[2026-05-09T10:44:25.061+0000] {processor.py:183} INFO - Processing /opt/airflow/dags/news_pipeline_dag.py took 0.141 seconds
[2026-05-09T10:44:55.331+0000] {processor.py:161} INFO - Started process (PID=259) to work on /opt/airflow/dags/news_pipeline_dag.py
[2026-05-09T10:44:55.332+0000] {processor.py:830} INFO - Processing file /opt/airflow/dags/news_pipeline_dag.py for tasks to queue
[2026-05-09T10:44:55.333+0000] {logging_mixin.py:188} INFO - [2026-05-09T10:44:55.333+0000] {dagbag.py:538} INFO - Filling up the DagBag from /opt/airflow/dags/news_pipeline_dag.py
[2026-05-09T10:44:55.359+0000] {processor.py:840} INFO - DAG(s) 'news_data_architecture_pipeline' retrieved from /opt/airflow/dags/news_pipeline_dag.py
[2026-05-09T10:44:55.393+0000] {logging_mixin.py:188} INFO - [2026-05-09T10:44:55.393+0000] {dag.py:3036} INFO - Sync 1 DAGs
[2026-05-09T10:44:55.426+0000] {logging_mixin.py:188} INFO - [2026-05-09T10:44:55.426+0000] {dag.py:3823} INFO - Setting next_dagrun for news_data_architecture_pipeline to 2026-05-09 09:00:00+00:00, run_after=2026-05-09 10:00:00+00:00
[2026-05-09T10:44:55.455+0000] {processor.py:183} INFO - Processing /opt/airflow/dags/news_pipeline_dag.py took 0.129 seconds
[2026-05-09T10:45:26.215+0000] {processor.py:161} INFO - Started process (PID=313) to work on /opt/airflow/dags/news_pipeline_dag.py
[2026-05-09T10:45:26.217+0000] {processor.py:830} INFO - Processing file /opt/airflow/dags/news_pipeline_dag.py for tasks to queue
[2026-05-09T10:45:26.218+0000] {logging_mixin.py:188} INFO - [2026-05-09T10:45:26.218+0000] {dagbag.py:538} INFO - Filling up the DagBag from /opt/airflow/dags/news_pipeline_dag.py
[2026-05-09T10:45:26.248+0000] {processor.py:840} INFO - DAG(s) 'news_data_architecture_pipeline' retrieved from /opt/airflow/dags/news_pipeline_dag.py
[2026-05-09T10:45:26.281+0000] {logging_mixin.py:188} INFO - [2026-05-09T10:45:26.281+0000] {dag.py:3036} INFO - Sync 1 DAGs
[2026-05-09T10:45:26.312+0000] {logging_mixin.py:188} INFO - [2026-05-09T10:45:26.312+0000] {dag.py:3823} INFO - Setting next_dagrun for news_data_architecture_pipeline to 2026-05-09 09:00:00+00:00, run_after=2026-05-09 10:00:00+00:00
[2026-05-09T10:45:26.340+0000] {processor.py:183} INFO - Processing /opt/airflow/dags/news_pipeline_dag.py took 0.128 seconds
[2026-05-09T10:45:56.457+0000] {processor.py:161} INFO - Started process (PID=351) to work on /opt/airflow/dags/news_pipeline_dag.py
[2026-05-09T10:45:56.458+0000] {processor.py:830} INFO - Processing file /opt/airflow/dags/news_pipeline_dag.py for tasks to queue
[2026-05-09T10:45:56.460+0000] {logging_mixin.py:188} INFO - [2026-05-09T10:45:56.459+0000] {dagbag.py:538} INFO - Filling up the DagBag from /opt/airflow/dags/news_pipeline_dag.py
[2026-05-09T10:45:56.492+0000] {processor.py:840} INFO - DAG(s) 'news_data_architecture_pipeline' retrieved from /opt/airflow/dags/news_pipeline_dag.py
[2026-05-09T10:45:56.532+0000] {logging_mixin.py:188} INFO - [2026-05-09T10:45:56.531+0000] {dag.py:3036} INFO - Sync 1 DAGs
[2026-05-09T10:45:56.563+0000] {logging_mixin.py:188} INFO - [2026-05-09T10:45:56.563+0000] {dag.py:3823} INFO - Setting next_dagrun for news_data_architecture_pipeline to 2026-05-09 09:00:00+00:00, run_after=2026-05-09 10:00:00+00:00
[2026-05-09T10:45:56.587+0000] {processor.py:183} INFO - Processing /opt/airflow/dags/news_pipeline_dag.py took 0.134 seconds
[2026-05-09T10:46:26.857+0000] {processor.py:161} INFO - Started process (PID=361) to work on /opt/airflow/dags/news_pipeline_dag.py
[2026-05-09T10:46:26.858+0000] {processor.py:830} INFO - Processing file /opt/airflow/dags/news_pipeline_dag.py for tasks to queue
[2026-05-09T10:46:26.860+0000] {logging_mixin.py:188} INFO - [2026-05-09T10:46:26.859+0000] {dagbag.py:538} INFO - Filling up the DagBag from /opt/airflow/dags/news_pipeline_dag.py
[2026-05-09T10:46:26.893+0000] {processor.py:840} INFO - DAG(s) 'news_data_architecture_pipeline' retrieved from /opt/airflow/dags/news_pipeline_dag.py
[2026-05-09T10:46:26.927+0000] {logging_mixin.py:188} INFO - [2026-05-09T10:46:26.927+0000] {dag.py:3036} INFO - Sync 1 DAGs
[2026-05-09T10:46:26.951+0000] {logging_mixin.py:188} INFO - [2026-05-09T10:46:26.950+0000] {dag.py:3823} INFO - Setting next_dagrun for news_data_architecture_pipeline to 2026-05-09 09:00:00+00:00, run_after=2026-05-09 10:00:00+00:00
[2026-05-09T10:46:26.985+0000] {processor.py:183} INFO - Processing /opt/airflow/dags/news_pipeline_dag.py took 0.132 seconds
[2026-05-09T10:46:57.322+0000] {processor.py:161} INFO - Started process (PID=376) to work on /opt/airflow/dags/news_pipeline_dag.py
[2026-05-09T10:46:57.324+0000] {processor.py:830} INFO - Processing file /opt/airflow/dags/news_pipeline_dag.py for tasks to queue
[2026-05-09T10:46:57.325+0000] {logging_mixin.py:188} INFO - [2026-05-09T10:46:57.325+0000] {dagbag.py:538} INFO - Filling up the DagBag from /opt/airflow/dags/news_pipeline_dag.py
[2026-05-09T10:46:57.346+0000] {processor.py:840} INFO - DAG(s) 'news_data_architecture_pipeline' retrieved from /opt/airflow/dags/news_pipeline_dag.py
[2026-05-09T10:46:57.372+0000] {logging_mixin.py:188} INFO - [2026-05-09T10:46:57.372+0000] {dag.py:3036} INFO - Sync 1 DAGs
[2026-05-09T10:46:57.394+0000] {logging_mixin.py:188} INFO - [2026-05-09T10:46:57.394+0000] {dag.py:3823} INFO - Setting next_dagrun for news_data_architecture_pipeline to 2026-05-09 09:00:00+00:00, run_after=2026-05-09 10:00:00+00:00
[2026-05-09T10:46:57.428+0000] {processor.py:183} INFO - Processing /opt/airflow/dags/news_pipeline_dag.py took 0.109 seconds
[2026-05-09T10:47:20.777+0000] {processor.py:161} INFO - Started process (PID=168) to work on /opt/airflow/dags/news_pipeline_dag.py
[2026-05-09T10:47:20.780+0000] {processor.py:830} INFO - Processing file /opt/airflow/dags/news_pipeline_dag.py for tasks to queue
[2026-05-09T10:47:20.781+0000] {logging_mixin.py:188} INFO - [2026-05-09T10:47:20.781+0000] {dagbag.py:538} INFO - Filling up the DagBag from /opt/airflow/dags/news_pipeline_dag.py
[2026-05-09T10:47:20.935+0000] {processor.py:840} INFO - DAG(s) 'news_data_architecture_pipeline' retrieved from /opt/airflow/dags/news_pipeline_dag.py
[2026-05-09T10:47:21.131+0000] {logging_mixin.py:188} INFO - [2026-05-09T10:47:21.130+0000] {dag.py:3036} INFO - Sync 1 DAGs
[2026-05-09T10:47:21.217+0000] {logging_mixin.py:188} INFO - [2026-05-09T10:47:21.216+0000] {dag.py:3823} INFO - Setting next_dagrun for news_data_architecture_pipeline to 2026-05-09 09:00:00+00:00, run_after=2026-05-09 10:00:00+00:00
[2026-05-09T10:47:21.401+0000] {processor.py:183} INFO - Processing /opt/airflow/dags/news_pipeline_dag.py took 0.639 seconds
[2026-05-09T10:47:52.439+0000] {processor.py:161} INFO - Started process (PID=219) to work on /opt/airflow/dags/news_pipeline_dag.py
[2026-05-09T10:47:52.441+0000] {processor.py:830} INFO - Processing file /opt/airflow/dags/news_pipeline_dag.py for tasks to queue
[2026-05-09T10:47:52.444+0000] {logging_mixin.py:188} INFO - [2026-05-09T10:47:52.443+0000] {dagbag.py:538} INFO - Filling up the DagBag from /opt/airflow/dags/news_pipeline_dag.py
[2026-05-09T10:47:52.490+0000] {processor.py:840} INFO - DAG(s) 'news_data_architecture_pipeline' retrieved from /opt/airflow/dags/news_pipeline_dag.py
[2026-05-09T10:47:52.657+0000] {logging_mixin.py:188} INFO - [2026-05-09T10:47:52.657+0000] {dag.py:3036} INFO - Sync 1 DAGs
[2026-05-09T10:47:52.684+0000] {logging_mixin.py:188} INFO - [2026-05-09T10:47:52.684+0000] {dag.py:3823} INFO - Setting next_dagrun for news_data_architecture_pipeline to 2026-05-09 09:00:00+00:00, run_after=2026-05-09 10:00:00+00:00
[2026-05-09T10:47:52.743+0000] {processor.py:183} INFO - Processing /opt/airflow/dags/news_pipeline_dag.py took 0.271 seconds
[2026-05-09T10:48:23.050+0000] {processor.py:161} INFO - Started process (PID=237) to work on /opt/airflow/dags/news_pipeline_dag.py
[2026-05-09T10:48:23.051+0000] {processor.py:830} INFO - Processing file /opt/airflow/dags/news_pipeline_dag.py for tasks to queue
[2026-05-09T10:48:23.052+0000] {logging_mixin.py:188} INFO - [2026-05-09T10:48:23.052+0000] {dagbag.py:538} INFO - Filling up the DagBag from /opt/airflow/dags/news_pipeline_dag.py
[2026-05-09T10:48:23.082+0000] {processor.py:840} INFO - DAG(s) 'news_data_architecture_pipeline' retrieved from /opt/airflow/dags/news_pipeline_dag.py
[2026-05-09T10:48:23.110+0000] {logging_mixin.py:188} INFO - [2026-05-09T10:48:23.109+0000] {dag.py:3036} INFO - Sync 1 DAGs
[2026-05-09T10:48:23.136+0000] {logging_mixin.py:188} INFO - [2026-05-09T10:48:23.136+0000] {dag.py:3823} INFO - Setting next_dagrun for news_data_architecture_pipeline to 2026-05-09 09:00:00+00:00, run_after=2026-05-09 10:00:00+00:00
[2026-05-09T10:48:23.161+0000] {processor.py:183} INFO - Processing /opt/airflow/dags/news_pipeline_dag.py took 0.115 seconds
[2026-05-09T10:48:53.598+0000] {processor.py:161} INFO - Started process (PID=247) to work on /opt/airflow/dags/news_pipeline_dag.py
[2026-05-09T10:48:53.609+0000] {processor.py:830} INFO - Processing file /opt/airflow/dags/news_pipeline_dag.py for tasks to queue
[2026-05-09T10:48:53.611+0000] {logging_mixin.py:188} INFO - [2026-05-09T10:48:53.610+0000] {dagbag.py:538} INFO - Filling up the DagBag from /opt/airflow/dags/news_pipeline_dag.py
[2026-05-09T10:48:53.641+0000] {processor.py:840} INFO - DAG(s) 'news_data_architecture_pipeline' retrieved from /opt/airflow/dags/news_pipeline_dag.py
[2026-05-09T10:48:53.673+0000] {logging_mixin.py:188} INFO - [2026-05-09T10:48:53.673+0000] {dag.py:3036} INFO - Sync 1 DAGs
[2026-05-09T10:48:53.703+0000] {logging_mixin.py:188} INFO - [2026-05-09T10:48:53.703+0000] {dag.py:3823} INFO - Setting next_dagrun for news_data_architecture_pipeline to 2026-05-09 09:00:00+00:00, run_after=2026-05-09 10:00:00+00:00
[2026-05-09T10:48:53.729+0000] {processor.py:183} INFO - Processing /opt/airflow/dags/news_pipeline_dag.py took 0.136 seconds
[2026-05-09T10:49:24.041+0000] {processor.py:161} INFO - Started process (PID=257) to work on /opt/airflow/dags/news_pipeline_dag.py
[2026-05-09T10:49:24.043+0000] {processor.py:830} INFO - Processing file /opt/airflow/dags/news_pipeline_dag.py for tasks to queue
[2026-05-09T10:49:24.045+0000] {logging_mixin.py:188} INFO - [2026-05-09T10:49:24.044+0000] {dagbag.py:538} INFO - Filling up the DagBag from /opt/airflow/dags/news_pipeline_dag.py
[2026-05-09T10:49:24.085+0000] {processor.py:840} INFO - DAG(s) 'news_data_architecture_pipeline' retrieved from /opt/airflow/dags/news_pipeline_dag.py
[2026-05-09T10:49:24.129+0000] {logging_mixin.py:188} INFO - [2026-05-09T10:49:24.129+0000] {dag.py:3036} INFO - Sync 1 DAGs
[2026-05-09T10:49:24.163+0000] {logging_mixin.py:188} INFO - [2026-05-09T10:49:24.163+0000] {dag.py:3823} INFO - Setting next_dagrun for news_data_architecture_pipeline to 2026-05-09 09:00:00+00:00, run_after=2026-05-09 10:00:00+00:00
[2026-05-09T10:49:24.196+0000] {processor.py:183} INFO - Processing /opt/airflow/dags/news_pipeline_dag.py took 0.159 seconds
[2026-05-09T10:49:54.305+0000] {processor.py:161} INFO - Started process (PID=287) to work on /opt/airflow/dags/news_pipeline_dag.py
[2026-05-09T10:49:54.306+0000] {processor.py:830} INFO - Processing file /opt/airflow/dags/news_pipeline_dag.py for tasks to queue
[2026-05-09T10:49:54.309+0000] {logging_mixin.py:188} INFO - [2026-05-09T10:49:54.308+0000] {dagbag.py:538} INFO - Filling up the DagBag from /opt/airflow/dags/news_pipeline_dag.py
[2026-05-09T10:49:54.358+0000] {processor.py:840} INFO - DAG(s) 'news_data_architecture_pipeline' retrieved from /opt/airflow/dags/news_pipeline_dag.py
[2026-05-09T10:49:54.404+0000] {logging_mixin.py:188} INFO - [2026-05-09T10:49:54.403+0000] {dag.py:3036} INFO - Sync 1 DAGs
[2026-05-09T10:49:54.434+0000] {logging_mixin.py:188} INFO - [2026-05-09T10:49:54.434+0000] {dag.py:3823} INFO - Setting next_dagrun for news_data_architecture_pipeline to 2026-05-09 09:00:00+00:00, run_after=2026-05-09 10:00:00+00:00
[2026-05-09T10:49:54.455+0000] {processor.py:183} INFO - Processing /opt/airflow/dags/news_pipeline_dag.py took 0.157 seconds
[2026-05-09T10:50:24.716+0000] {processor.py:161} INFO - Started process (PID=337) to work on /opt/airflow/dags/news_pipeline_dag.py
[2026-05-09T10:50:24.718+0000] {processor.py:830} INFO - Processing file /opt/airflow/dags/news_pipeline_dag.py for tasks to queue
[2026-05-09T10:50:24.720+0000] {logging_mixin.py:188} INFO - [2026-05-09T10:50:24.719+0000] {dagbag.py:538} INFO - Filling up the DagBag from /opt/airflow/dags/news_pipeline_dag.py
[2026-05-09T10:50:24.759+0000] {processor.py:840} INFO - DAG(s) 'news_data_architecture_pipeline' retrieved from /opt/airflow/dags/news_pipeline_dag.py
[2026-05-09T10:50:24.800+0000] {logging_mixin.py:188} INFO - [2026-05-09T10:50:24.800+0000] {dag.py:3036} INFO - Sync 1 DAGs
[2026-05-09T10:50:24.841+0000] {logging_mixin.py:188} INFO - [2026-05-09T10:50:24.840+0000] {dag.py:3823} INFO - Setting next_dagrun for news_data_architecture_pipeline to 2026-05-09 09:00:00+00:00, run_after=2026-05-09 10:00:00+00:00
[2026-05-09T10:50:24.874+0000] {processor.py:183} INFO - Processing /opt/airflow/dags/news_pipeline_dag.py took 0.165 seconds
[2026-05-09T10:50:55.149+0000] {processor.py:161} INFO - Started process (PID=387) to work on /opt/airflow/dags/news_pipeline_dag.py
[2026-05-09T10:50:55.152+0000] {processor.py:830} INFO - Processing file /opt/airflow/dags/news_pipeline_dag.py for tasks to queue
[2026-05-09T10:50:55.154+0000] {logging_mixin.py:188} INFO - [2026-05-09T10:50:55.153+0000] {dagbag.py:538} INFO - Filling up the DagBag from /opt/airflow/dags/news_pipeline_dag.py
[2026-05-09T10:50:55.184+0000] {processor.py:840} INFO - DAG(s) 'news_data_architecture_pipeline' retrieved from /opt/airflow/dags/news_pipeline_dag.py
[2026-05-09T10:50:55.226+0000] {logging_mixin.py:188} INFO - [2026-05-09T10:50:55.226+0000] {dag.py:3036} INFO - Sync 1 DAGs
[2026-05-09T10:50:55.259+0000] {logging_mixin.py:188} INFO - [2026-05-09T10:50:55.258+0000] {dag.py:3823} INFO - Setting next_dagrun for news_data_architecture_pipeline to 2026-05-09 09:00:00+00:00, run_after=2026-05-09 10:00:00+00:00
[2026-05-09T10:50:55.290+0000] {processor.py:183} INFO - Processing /opt/airflow/dags/news_pipeline_dag.py took 0.149 seconds
[2026-05-09T10:51:25.549+0000] {processor.py:161} INFO - Started process (PID=397) to work on /opt/airflow/dags/news_pipeline_dag.py
[2026-05-09T10:51:25.551+0000] {processor.py:830} INFO - Processing file /opt/airflow/dags/news_pipeline_dag.py for tasks to queue
[2026-05-09T10:51:25.552+0000] {logging_mixin.py:188} INFO - [2026-05-09T10:51:25.551+0000] {dagbag.py:538} INFO - Filling up the DagBag from /opt/airflow/dags/news_pipeline_dag.py
[2026-05-09T10:51:25.585+0000] {processor.py:840} INFO - DAG(s) 'news_data_architecture_pipeline' retrieved from /opt/airflow/dags/news_pipeline_dag.py
[2026-05-09T10:51:25.635+0000] {logging_mixin.py:188} INFO - [2026-05-09T10:51:25.635+0000] {dag.py:3036} INFO - Sync 1 DAGs
[2026-05-09T10:51:25.678+0000] {logging_mixin.py:188} INFO - [2026-05-09T10:51:25.678+0000] {dag.py:3823} INFO - Setting next_dagrun for news_data_architecture_pipeline to 2026-05-09 09:00:00+00:00, run_after=2026-05-09 10:00:00+00:00
[2026-05-09T10:51:25.713+0000] {processor.py:183} INFO - Processing /opt/airflow/dags/news_pipeline_dag.py took 0.169 seconds
[2026-05-09T10:51:55.801+0000] {processor.py:161} INFO - Started process (PID=427) to work on /opt/airflow/dags/news_pipeline_dag.py
[2026-05-09T10:51:55.803+0000] {processor.py:830} INFO - Processing file /opt/airflow/dags/news_pipeline_dag.py for tasks to queue
[2026-05-09T10:51:55.809+0000] {logging_mixin.py:188} INFO - [2026-05-09T10:51:55.808+0000] {dagbag.py:538} INFO - Filling up the DagBag from /opt/airflow/dags/news_pipeline_dag.py
[2026-05-09T10:51:55.850+0000] {processor.py:840} INFO - DAG(s) 'news_data_architecture_pipeline' retrieved from /opt/airflow/dags/news_pipeline_dag.py
[2026-05-09T10:51:55.896+0000] {logging_mixin.py:188} INFO - [2026-05-09T10:51:55.895+0000] {dag.py:3036} INFO - Sync 1 DAGs
[2026-05-09T10:51:55.934+0000] {logging_mixin.py:188} INFO - [2026-05-09T10:51:55.933+0000] {dag.py:3823} INFO - Setting next_dagrun for news_data_architecture_pipeline to 2026-05-09 09:00:00+00:00, run_after=2026-05-09 10:00:00+00:00
[2026-05-09T10:51:55.976+0000] {processor.py:183} INFO - Processing /opt/airflow/dags/news_pipeline_dag.py took 0.181 seconds
[2026-05-09T10:52:26.321+0000] {processor.py:161} INFO - Started process (PID=465) to work on /opt/airflow/dags/news_pipeline_dag.py
[2026-05-09T10:52:26.322+0000] {processor.py:830} INFO - Processing file /opt/airflow/dags/news_pipeline_dag.py for tasks to queue
[2026-05-09T10:52:26.323+0000] {logging_mixin.py:188} INFO - [2026-05-09T10:52:26.323+0000] {dagbag.py:538} INFO - Filling up the DagBag from /opt/airflow/dags/news_pipeline_dag.py
[2026-05-09T10:52:26.349+0000] {processor.py:840} INFO - DAG(s) 'news_data_architecture_pipeline' retrieved from /opt/airflow/dags/news_pipeline_dag.py
[2026-05-09T10:52:26.376+0000] {logging_mixin.py:188} INFO - [2026-05-09T10:52:26.375+0000] {dag.py:3036} INFO - Sync 1 DAGs
[2026-05-09T10:52:26.397+0000] {logging_mixin.py:188} INFO - [2026-05-09T10:52:26.397+0000] {dag.py:3823} INFO - Setting next_dagrun for news_data_architecture_pipeline to 2026-05-09 09:00:00+00:00, run_after=2026-05-09 10:00:00+00:00
[2026-05-09T10:52:26.423+0000] {processor.py:183} INFO - Processing /opt/airflow/dags/news_pipeline_dag.py took 0.107 seconds
[2026-05-09T10:52:56.675+0000] {processor.py:161} INFO - Started process (PID=475) to work on /opt/airflow/dags/news_pipeline_dag.py
[2026-05-09T10:52:56.679+0000] {processor.py:830} INFO - Processing file /opt/airflow/dags/news_pipeline_dag.py for tasks to queue
[2026-05-09T10:52:56.682+0000] {logging_mixin.py:188} INFO - [2026-05-09T10:52:56.681+0000] {dagbag.py:538} INFO - Filling up the DagBag from /opt/airflow/dags/news_pipeline_dag.py
[2026-05-09T10:52:56.732+0000] {processor.py:840} INFO - DAG(s) 'news_data_architecture_pipeline' retrieved from /opt/airflow/dags/news_pipeline_dag.py
[2026-05-09T10:52:56.768+0000] {logging_mixin.py:188} INFO - [2026-05-09T10:52:56.768+0000] {dag.py:3036} INFO - Sync 1 DAGs
[2026-05-09T10:52:56.803+0000] {logging_mixin.py:188} INFO - [2026-05-09T10:52:56.803+0000] {dag.py:3823} INFO - Setting next_dagrun for news_data_architecture_pipeline to 2026-05-09 09:00:00+00:00, run_after=2026-05-09 10:00:00+00:00
[2026-05-09T10:52:56.835+0000] {processor.py:183} INFO - Processing /opt/airflow/dags/news_pipeline_dag.py took 0.167 seconds
[2026-05-09T10:53:27.103+0000] {processor.py:161} INFO - Started process (PID=513) to work on /opt/airflow/dags/news_pipeline_dag.py
[2026-05-09T10:53:27.105+0000] {processor.py:830} INFO - Processing file /opt/airflow/dags/news_pipeline_dag.py for tasks to queue
[2026-05-09T10:53:27.108+0000] {logging_mixin.py:188} INFO - [2026-05-09T10:53:27.108+0000] {dagbag.py:538} INFO - Filling up the DagBag from /opt/airflow/dags/news_pipeline_dag.py
[2026-05-09T10:53:27.134+0000] {processor.py:840} INFO - DAG(s) 'news_data_architecture_pipeline' retrieved from /opt/airflow/dags/news_pipeline_dag.py
[2026-05-09T10:53:27.167+0000] {logging_mixin.py:188} INFO - [2026-05-09T10:53:27.166+0000] {dag.py:3036} INFO - Sync 1 DAGs
[2026-05-09T10:53:27.193+0000] {logging_mixin.py:188} INFO - [2026-05-09T10:53:27.193+0000] {dag.py:3823} INFO - Setting next_dagrun for news_data_architecture_pipeline to 2026-05-09 09:00:00+00:00, run_after=2026-05-09 10:00:00+00:00
[2026-05-09T10:53:27.216+0000] {processor.py:183} INFO - Processing /opt/airflow/dags/news_pipeline_dag.py took 0.117 seconds
[2026-05-09T10:53:57.457+0000] {processor.py:161} INFO - Started process (PID=523) to work on /opt/airflow/dags/news_pipeline_dag.py
[2026-05-09T10:53:57.458+0000] {processor.py:830} INFO - Processing file /opt/airflow/dags/news_pipeline_dag.py for tasks to queue
[2026-05-09T10:53:57.459+0000] {logging_mixin.py:188} INFO - [2026-05-09T10:53:57.459+0000] {dagbag.py:538} INFO - Filling up the DagBag from /opt/airflow/dags/news_pipeline_dag.py
[2026-05-09T10:53:57.482+0000] {processor.py:840} INFO - DAG(s) 'news_data_architecture_pipeline' retrieved from /opt/airflow/dags/news_pipeline_dag.py
[2026-05-09T10:53:57.514+0000] {logging_mixin.py:188} INFO - [2026-05-09T10:53:57.514+0000] {dag.py:3036} INFO - Sync 1 DAGs
[2026-05-09T10:53:57.543+0000] {logging_mixin.py:188} INFO - [2026-05-09T10:53:57.543+0000] {dag.py:3823} INFO - Setting next_dagrun for news_data_architecture_pipeline to 2026-05-09 09:00:00+00:00, run_after=2026-05-09 10:00:00+00:00
[2026-05-09T10:53:57.569+0000] {processor.py:183} INFO - Processing /opt/airflow/dags/news_pipeline_dag.py took 0.116 seconds
[2026-05-09T10:54:27.807+0000] {processor.py:161} INFO - Started process (PID=573) to work on /opt/airflow/dags/news_pipeline_dag.py
[2026-05-09T10:54:27.808+0000] {processor.py:830} INFO - Processing file /opt/airflow/dags/news_pipeline_dag.py for tasks to queue
[2026-05-09T10:54:27.809+0000] {logging_mixin.py:188} INFO - [2026-05-09T10:54:27.809+0000] {dagbag.py:538} INFO - Filling up the DagBag from /opt/airflow/dags/news_pipeline_dag.py
[2026-05-09T10:54:27.835+0000] {processor.py:840} INFO - DAG(s) 'news_data_architecture_pipeline' retrieved from /opt/airflow/dags/news_pipeline_dag.py
[2026-05-09T10:54:27.875+0000] {logging_mixin.py:188} INFO - [2026-05-09T10:54:27.875+0000] {dag.py:3036} INFO - Sync 1 DAGs
[2026-05-09T10:54:27.922+0000] {logging_mixin.py:188} INFO - [2026-05-09T10:54:27.921+0000] {dag.py:3823} INFO - Setting next_dagrun for news_data_architecture_pipeline to 2026-05-09 09:00:00+00:00, run_after=2026-05-09 10:00:00+00:00
[2026-05-09T10:54:27.954+0000] {processor.py:183} INFO - Processing /opt/airflow/dags/news_pipeline_dag.py took 0.150 seconds
[2026-05-09T10:54:58.285+0000] {processor.py:161} INFO - Started process (PID=591) to work on /opt/airflow/dags/news_pipeline_dag.py
[2026-05-09T10:54:58.286+0000] {processor.py:830} INFO - Processing file /opt/airflow/dags/news_pipeline_dag.py for tasks to queue
[2026-05-09T10:54:58.288+0000] {logging_mixin.py:188} INFO - [2026-05-09T10:54:58.287+0000] {dagbag.py:538} INFO - Filling up the DagBag from /opt/airflow/dags/news_pipeline_dag.py
[2026-05-09T10:54:58.315+0000] {processor.py:840} INFO - DAG(s) 'news_data_architecture_pipeline' retrieved from /opt/airflow/dags/news_pipeline_dag.py
[2026-05-09T10:54:58.346+0000] {logging_mixin.py:188} INFO - [2026-05-09T10:54:58.346+0000] {dag.py:3036} INFO - Sync 1 DAGs
[2026-05-09T10:54:58.369+0000] {logging_mixin.py:188} INFO - [2026-05-09T10:54:58.369+0000] {dag.py:3823} INFO - Setting next_dagrun for news_data_architecture_pipeline to 2026-05-09 09:00:00+00:00, run_after=2026-05-09 10:00:00+00:00
[2026-05-09T10:54:58.399+0000] {processor.py:183} INFO - Processing /opt/airflow/dags/news_pipeline_dag.py took 0.117 seconds
[2026-05-09T10:55:28.648+0000] {processor.py:161} INFO - Started process (PID=629) to work on /opt/airflow/dags/news_pipeline_dag.py
[2026-05-09T10:55:28.649+0000] {processor.py:830} INFO - Processing file /opt/airflow/dags/news_pipeline_dag.py for tasks to queue
[2026-05-09T10:55:28.651+0000] {logging_mixin.py:188} INFO - [2026-05-09T10:55:28.650+0000] {dagbag.py:538} INFO - Filling up the DagBag from /opt/airflow/dags/news_pipeline_dag.py
[2026-05-09T10:55:28.676+0000] {processor.py:840} INFO - DAG(s) 'news_data_architecture_pipeline' retrieved from /opt/airflow/dags/news_pipeline_dag.py
[2026-05-09T10:55:28.706+0000] {logging_mixin.py:188} INFO - [2026-05-09T10:55:28.706+0000] {dag.py:3036} INFO - Sync 1 DAGs
[2026-05-09T10:55:28.731+0000] {logging_mixin.py:188} INFO - [2026-05-09T10:55:28.731+0000] {dag.py:3823} INFO - Setting next_dagrun for news_data_architecture_pipeline to 2026-05-09 09:00:00+00:00, run_after=2026-05-09 10:00:00+00:00
[2026-05-09T10:55:28.759+0000] {processor.py:183} INFO - Processing /opt/airflow/dags/news_pipeline_dag.py took 0.115 seconds
[2026-05-09T10:55:59.044+0000] {processor.py:161} INFO - Started process (PID=695) to work on /opt/airflow/dags/news_pipeline_dag.py
[2026-05-09T10:55:59.045+0000] {processor.py:830} INFO - Processing file /opt/airflow/dags/news_pipeline_dag.py for tasks to queue
[2026-05-09T10:55:59.047+0000] {logging_mixin.py:188} INFO - [2026-05-09T10:55:59.046+0000] {dagbag.py:538} INFO - Filling up the DagBag from /opt/airflow/dags/news_pipeline_dag.py
[2026-05-09T10:55:59.074+0000] {processor.py:840} INFO - DAG(s) 'news_data_architecture_pipeline' retrieved from /opt/airflow/dags/news_pipeline_dag.py
[2026-05-09T10:55:59.115+0000] {logging_mixin.py:188} INFO - [2026-05-09T10:55:59.114+0000] {dag.py:3036} INFO - Sync 1 DAGs
[2026-05-09T10:55:59.138+0000] {logging_mixin.py:188} INFO - [2026-05-09T10:55:59.138+0000] {dag.py:3823} INFO - Setting next_dagrun for news_data_architecture_pipeline to 2026-05-09 09:00:00+00:00, run_after=2026-05-09 10:00:00+00:00
[2026-05-09T10:55:59.159+0000] {processor.py:183} INFO - Processing /opt/airflow/dags/news_pipeline_dag.py took 0.119 seconds
[2026-05-09T10:56:29.430+0000] {processor.py:161} INFO - Started process (PID=725) to work on /opt/airflow/dags/news_pipeline_dag.py
[2026-05-09T10:56:29.432+0000] {processor.py:830} INFO - Processing file /opt/airflow/dags/news_pipeline_dag.py for tasks to queue
[2026-05-09T10:56:29.433+0000] {logging_mixin.py:188} INFO - [2026-05-09T10:56:29.433+0000] {dagbag.py:538} INFO - Filling up the DagBag from /opt/airflow/dags/news_pipeline_dag.py
[2026-05-09T10:56:29.466+0000] {processor.py:840} INFO - DAG(s) 'news_data_architecture_pipeline' retrieved from /opt/airflow/dags/news_pipeline_dag.py
[2026-05-09T10:56:29.503+0000] {logging_mixin.py:188} INFO - [2026-05-09T10:56:29.502+0000] {dag.py:3036} INFO - Sync 1 DAGs
[2026-05-09T10:56:29.532+0000] {logging_mixin.py:188} INFO - [2026-05-09T10:56:29.532+0000] {dag.py:3823} INFO - Setting next_dagrun for news_data_architecture_pipeline to 2026-05-09 09:00:00+00:00, run_after=2026-05-09 10:00:00+00:00
[2026-05-09T10:56:29.553+0000] {processor.py:183} INFO - Processing /opt/airflow/dags/news_pipeline_dag.py took 0.130 seconds
[2026-05-09T10:56:59.823+0000] {processor.py:161} INFO - Started process (PID=763) to work on /opt/airflow/dags/news_pipeline_dag.py
[2026-05-09T10:56:59.824+0000] {processor.py:830} INFO - Processing file /opt/airflow/dags/news_pipeline_dag.py for tasks to queue
[2026-05-09T10:56:59.825+0000] {logging_mixin.py:188} INFO - [2026-05-09T10:56:59.825+0000] {dagbag.py:538} INFO - Filling up the DagBag from /opt/airflow/dags/news_pipeline_dag.py
[2026-05-09T10:56:59.978+0000] {processor.py:840} INFO - DAG(s) 'news_data_architecture_pipeline' retrieved from /opt/airflow/dags/news_pipeline_dag.py
[2026-05-09T10:57:00.011+0000] {logging_mixin.py:188} INFO - [2026-05-09T10:57:00.010+0000] {dag.py:3036} INFO - Sync 1 DAGs
[2026-05-09T10:57:00.041+0000] {logging_mixin.py:188} INFO - [2026-05-09T10:57:00.040+0000] {dag.py:3823} INFO - Setting next_dagrun for news_data_architecture_pipeline to 2026-05-09 09:00:00+00:00, run_after=2026-05-09 10:00:00+00:00
[2026-05-09T10:57:00.217+0000] {processor.py:183} INFO - Processing /opt/airflow/dags/news_pipeline_dag.py took 0.399 seconds
[2026-05-09T10:57:30.563+0000] {processor.py:161} INFO - Started process (PID=801) to work on /opt/airflow/dags/news_pipeline_dag.py
[2026-05-09T10:57:30.565+0000] {processor.py:830} INFO - Processing file /opt/airflow/dags/news_pipeline_dag.py for tasks to queue
[2026-05-09T10:57:30.567+0000] {logging_mixin.py:188} INFO - [2026-05-09T10:57:30.566+0000] {dagbag.py:538} INFO - Filling up the DagBag from /opt/airflow/dags/news_pipeline_dag.py
[2026-05-09T10:57:30.596+0000] {processor.py:840} INFO - DAG(s) 'news_data_architecture_pipeline' retrieved from /opt/airflow/dags/news_pipeline_dag.py
[2026-05-09T10:57:30.636+0000] {logging_mixin.py:188} INFO - [2026-05-09T10:57:30.635+0000] {dag.py:3036} INFO - Sync 1 DAGs
[2026-05-09T10:57:30.663+0000] {logging_mixin.py:188} INFO - [2026-05-09T10:57:30.663+0000] {dag.py:3823} INFO - Setting next_dagrun for news_data_architecture_pipeline to 2026-05-09 09:00:00+00:00, run_after=2026-05-09 10:00:00+00:00
[2026-05-09T10:57:30.694+0000] {processor.py:183} INFO - Processing /opt/airflow/dags/news_pipeline_dag.py took 0.135 seconds
[2026-05-09T10:58:00.940+0000] {processor.py:161} INFO - Started process (PID=833) to work on /opt/airflow/dags/news_pipeline_dag.py
[2026-05-09T10:58:00.943+0000] {processor.py:830} INFO - Processing file /opt/airflow/dags/news_pipeline_dag.py for tasks to queue
[2026-05-09T10:58:00.944+0000] {logging_mixin.py:188} INFO - [2026-05-09T10:58:00.944+0000] {dagbag.py:538} INFO - Filling up the DagBag from /opt/airflow/dags/news_pipeline_dag.py
[2026-05-09T10:58:00.981+0000] {processor.py:840} INFO - DAG(s) 'news_data_architecture_pipeline' retrieved from /opt/airflow/dags/news_pipeline_dag.py
[2026-05-09T10:58:01.028+0000] {logging_mixin.py:188} INFO - [2026-05-09T10:58:01.028+0000] {dag.py:3036} INFO - Sync 1 DAGs
[2026-05-09T10:58:01.070+0000] {logging_mixin.py:188} INFO - [2026-05-09T10:58:01.070+0000] {dag.py:3823} INFO - Setting next_dagrun for news_data_architecture_pipeline to 2026-05-09 09:00:00+00:00, run_after=2026-05-09 10:00:00+00:00
[2026-05-09T10:58:01.107+0000] {processor.py:183} INFO - Processing /opt/airflow/dags/news_pipeline_dag.py took 0.171 seconds
[2026-05-09T10:58:31.423+0000] {processor.py:161} INFO - Started process (PID=897) to work on /opt/airflow/dags/news_pipeline_dag.py
[2026-05-09T10:58:31.425+0000] {processor.py:830} INFO - Processing file /opt/airflow/dags/news_pipeline_dag.py for tasks to queue
[2026-05-09T10:58:31.426+0000] {logging_mixin.py:188} INFO - [2026-05-09T10:58:31.426+0000] {dagbag.py:538} INFO - Filling up the DagBag from /opt/airflow/dags/news_pipeline_dag.py
[2026-05-09T10:58:31.458+0000] {processor.py:840} INFO - DAG(s) 'news_data_architecture_pipeline' retrieved from /opt/airflow/dags/news_pipeline_dag.py
[2026-05-09T10:58:31.488+0000] {logging_mixin.py:188} INFO - [2026-05-09T10:58:31.488+0000] {dag.py:3036} INFO - Sync 1 DAGs
[2026-05-09T10:58:31.514+0000] {logging_mixin.py:188} INFO - [2026-05-09T10:58:31.514+0000] {dag.py:3823} INFO - Setting next_dagrun for news_data_architecture_pipeline to 2026-05-09 09:00:00+00:00, run_after=2026-05-09 10:00:00+00:00
[2026-05-09T10:58:31.534+0000] {processor.py:183} INFO - Processing /opt/airflow/dags/news_pipeline_dag.py took 0.116 seconds
[2026-05-09T10:59:01.762+0000] {processor.py:161} INFO - Started process (PID=907) to work on /opt/airflow/dags/news_pipeline_dag.py
[2026-05-09T10:59:01.763+0000] {processor.py:830} INFO - Processing file /opt/airflow/dags/news_pipeline_dag.py for tasks to queue
[2026-05-09T10:59:01.765+0000] {logging_mixin.py:188} INFO - [2026-05-09T10:59:01.764+0000] {dagbag.py:538} INFO - Filling up the DagBag from /opt/airflow/dags/news_pipeline_dag.py
[2026-05-09T10:59:01.793+0000] {processor.py:840} INFO - DAG(s) 'news_data_architecture_pipeline' retrieved from /opt/airflow/dags/news_pipeline_dag.py
[2026-05-09T10:59:01.824+0000] {logging_mixin.py:188} INFO - [2026-05-09T10:59:01.824+0000] {dag.py:3036} INFO - Sync 1 DAGs
[2026-05-09T10:59:01.855+0000] {logging_mixin.py:188} INFO - [2026-05-09T10:59:01.854+0000] {dag.py:3823} INFO - Setting next_dagrun for news_data_architecture_pipeline to 2026-05-09 09:00:00+00:00, run_after=2026-05-09 10:00:00+00:00
[2026-05-09T10:59:01.876+0000] {processor.py:183} INFO - Processing /opt/airflow/dags/news_pipeline_dag.py took 0.116 seconds
[2026-05-09T10:59:32.156+0000] {processor.py:161} INFO - Started process (PID=917) to work on /opt/airflow/dags/news_pipeline_dag.py
[2026-05-09T10:59:32.157+0000] {processor.py:830} INFO - Processing file /opt/airflow/dags/news_pipeline_dag.py for tasks to queue
[2026-05-09T10:59:32.158+0000] {logging_mixin.py:188} INFO - [2026-05-09T10:59:32.158+0000] {dagbag.py:538} INFO - Filling up the DagBag from /opt/airflow/dags/news_pipeline_dag.py
[2026-05-09T10:59:32.181+0000] {processor.py:840} INFO - DAG(s) 'news_data_architecture_pipeline' retrieved from /opt/airflow/dags/news_pipeline_dag.py
[2026-05-09T10:59:32.211+0000] {logging_mixin.py:188} INFO - [2026-05-09T10:59:32.210+0000] {dag.py:3036} INFO - Sync 1 DAGs
[2026-05-09T10:59:32.232+0000] {logging_mixin.py:188} INFO - [2026-05-09T10:59:32.232+0000] {dag.py:3823} INFO - Setting next_dagrun for news_data_architecture_pipeline to 2026-05-09 09:00:00+00:00, run_after=2026-05-09 10:00:00+00:00
[2026-05-09T10:59:32.265+0000] {processor.py:183} INFO - Processing /opt/airflow/dags/news_pipeline_dag.py took 0.112 seconds
[2026-05-09T11:00:02.573+0000] {processor.py:161} INFO - Started process (PID=1023) to work on /opt/airflow/dags/news_pipeline_dag.py
[2026-05-09T11:00:02.597+0000] {processor.py:830} INFO - Processing file /opt/airflow/dags/news_pipeline_dag.py for tasks to queue
[2026-05-09T11:00:02.598+0000] {logging_mixin.py:188} INFO - [2026-05-09T11:00:02.598+0000] {dagbag.py:538} INFO - Filling up the DagBag from /opt/airflow/dags/news_pipeline_dag.py
[2026-05-09T11:00:02.634+0000] {processor.py:840} INFO - DAG(s) 'news_data_architecture_pipeline' retrieved from /opt/airflow/dags/news_pipeline_dag.py
[2026-05-09T11:00:02.696+0000] {logging_mixin.py:188} INFO - [2026-05-09T11:00:02.696+0000] {dag.py:3036} INFO - Sync 1 DAGs
[2026-05-09T11:00:02.746+0000] {logging_mixin.py:188} INFO - [2026-05-09T11:00:02.746+0000] {dag.py:3823} INFO - Setting next_dagrun for news_data_architecture_pipeline to 2026-05-09 10:00:00+00:00, run_after=2026-05-09 11:00:00+00:00
[2026-05-09T11:00:02.795+0000] {processor.py:183} INFO - Processing /opt/airflow/dags/news_pipeline_dag.py took 0.228 seconds
[2026-05-09T11:00:33.004+0000] {processor.py:161} INFO - Started process (PID=1111) to work on /opt/airflow/dags/news_pipeline_dag.py
[2026-05-09T11:00:33.005+0000] {processor.py:830} INFO - Processing file /opt/airflow/dags/news_pipeline_dag.py for tasks to queue
[2026-05-09T11:00:33.007+0000] {logging_mixin.py:188} INFO - [2026-05-09T11:00:33.007+0000] {dagbag.py:538} INFO - Filling up the DagBag from /opt/airflow/dags/news_pipeline_dag.py
[2026-05-09T11:00:33.073+0000] {processor.py:840} INFO - DAG(s) 'news_data_architecture_pipeline' retrieved from /opt/airflow/dags/news_pipeline_dag.py
[2026-05-09T11:00:33.108+0000] {logging_mixin.py:188} INFO - [2026-05-09T11:00:33.108+0000] {dag.py:3036} INFO - Sync 1 DAGs
[2026-05-09T11:00:33.136+0000] {logging_mixin.py:188} INFO - [2026-05-09T11:00:33.136+0000] {dag.py:3823} INFO - Setting next_dagrun for news_data_architecture_pipeline to 2026-05-09 10:00:00+00:00, run_after=2026-05-09 11:00:00+00:00
[2026-05-09T11:00:33.316+0000] {processor.py:183} INFO - Processing /opt/airflow/dags/news_pipeline_dag.py took 0.320 seconds
[2026-05-09T11:01:03.777+0000] {processor.py:161} INFO - Started process (PID=1231) to work on /opt/airflow/dags/news_pipeline_dag.py
[2026-05-09T11:01:03.780+0000] {processor.py:830} INFO - Processing file /opt/airflow/dags/news_pipeline_dag.py for tasks to queue
[2026-05-09T11:01:03.782+0000] {logging_mixin.py:188} INFO - [2026-05-09T11:01:03.781+0000] {dagbag.py:538} INFO - Filling up the DagBag from /opt/airflow/dags/news_pipeline_dag.py
[2026-05-09T11:01:03.858+0000] {processor.py:840} INFO - DAG(s) 'news_data_architecture_pipeline' retrieved from /opt/airflow/dags/news_pipeline_dag.py
[2026-05-09T11:01:03.891+0000] {logging_mixin.py:188} INFO - [2026-05-09T11:01:03.891+0000] {dag.py:3036} INFO - Sync 1 DAGs
[2026-05-09T11:01:03.919+0000] {logging_mixin.py:188} INFO - [2026-05-09T11:01:03.919+0000] {dag.py:3823} INFO - Setting next_dagrun for news_data_architecture_pipeline to 2026-05-09 10:00:00+00:00, run_after=2026-05-09 11:00:00+00:00
[2026-05-09T11:01:03.946+0000] {processor.py:183} INFO - Processing /opt/airflow/dags/news_pipeline_dag.py took 0.172 seconds
[2026-05-09T11:01:34.086+0000] {processor.py:161} INFO - Started process (PID=1277) to work on /opt/airflow/dags/news_pipeline_dag.py
[2026-05-09T11:01:34.087+0000] {processor.py:830} INFO - Processing file /opt/airflow/dags/news_pipeline_dag.py for tasks to queue
[2026-05-09T11:01:34.089+0000] {logging_mixin.py:188} INFO - [2026-05-09T11:01:34.088+0000] {dagbag.py:538} INFO - Filling up the DagBag from /opt/airflow/dags/news_pipeline_dag.py
[2026-05-09T11:01:34.131+0000] {processor.py:840} INFO - DAG(s) 'news_data_architecture_pipeline' retrieved from /opt/airflow/dags/news_pipeline_dag.py
[2026-05-09T11:01:34.165+0000] {logging_mixin.py:188} INFO - [2026-05-09T11:01:34.165+0000] {dag.py:3036} INFO - Sync 1 DAGs
[2026-05-09T11:01:34.195+0000] {logging_mixin.py:188} INFO - [2026-05-09T11:01:34.195+0000] {dag.py:3823} INFO - Setting next_dagrun for news_data_architecture_pipeline to 2026-05-09 10:00:00+00:00, run_after=2026-05-09 11:00:00+00:00
[2026-05-09T11:01:34.247+0000] {processor.py:183} INFO - Processing /opt/airflow/dags/news_pipeline_dag.py took 0.166 seconds
[2026-05-09T11:02:04.539+0000] {processor.py:161} INFO - Started process (PID=1315) to work on /opt/airflow/dags/news_pipeline_dag.py
[2026-05-09T11:02:04.541+0000] {processor.py:830} INFO - Processing file /opt/airflow/dags/news_pipeline_dag.py for tasks to queue
[2026-05-09T11:02:04.542+0000] {logging_mixin.py:188} INFO - [2026-05-09T11:02:04.542+0000] {dagbag.py:538} INFO - Filling up the DagBag from /opt/airflow/dags/news_pipeline_dag.py
[2026-05-09T11:02:04.570+0000] {processor.py:840} INFO - DAG(s) 'news_data_architecture_pipeline' retrieved from /opt/airflow/dags/news_pipeline_dag.py
[2026-05-09T11:02:04.605+0000] {logging_mixin.py:188} INFO - [2026-05-09T11:02:04.604+0000] {dag.py:3036} INFO - Sync 1 DAGs
[2026-05-09T11:02:04.635+0000] {logging_mixin.py:188} INFO - [2026-05-09T11:02:04.634+0000] {dag.py:3823} INFO - Setting next_dagrun for news_data_architecture_pipeline to 2026-05-09 10:00:00+00:00, run_after=2026-05-09 11:00:00+00:00
[2026-05-09T11:02:04.672+0000] {processor.py:183} INFO - Processing /opt/airflow/dags/news_pipeline_dag.py took 0.136 seconds
[2026-05-09T11:02:34.978+0000] {processor.py:161} INFO - Started process (PID=1424) to work on /opt/airflow/dags/news_pipeline_dag.py
[2026-05-09T11:02:34.984+0000] {processor.py:830} INFO - Processing file /opt/airflow/dags/news_pipeline_dag.py for tasks to queue
[2026-05-09T11:02:34.985+0000] {logging_mixin.py:188} INFO - [2026-05-09T11:02:34.984+0000] {dagbag.py:538} INFO - Filling up the DagBag from /opt/airflow/dags/news_pipeline_dag.py
[2026-05-09T11:02:35.020+0000] {processor.py:840} INFO - DAG(s) 'news_data_architecture_pipeline' retrieved from /opt/airflow/dags/news_pipeline_dag.py
[2026-05-09T11:02:35.057+0000] {logging_mixin.py:188} INFO - [2026-05-09T11:02:35.057+0000] {dag.py:3036} INFO - Sync 1 DAGs
[2026-05-09T11:02:35.090+0000] {logging_mixin.py:188} INFO - [2026-05-09T11:02:35.090+0000] {dag.py:3823} INFO - Setting next_dagrun for news_data_architecture_pipeline to 2026-05-09 10:00:00+00:00, run_after=2026-05-09 11:00:00+00:00
[2026-05-09T11:02:35.117+0000] {processor.py:183} INFO - Processing /opt/airflow/dags/news_pipeline_dag.py took 0.148 seconds
[2026-05-09T11:03:05.395+0000] {processor.py:161} INFO - Started process (PID=1580) to work on /opt/airflow/dags/news_pipeline_dag.py
[2026-05-09T11:03:05.397+0000] {processor.py:830} INFO - Processing file /opt/airflow/dags/news_pipeline_dag.py for tasks to queue
[2026-05-09T11:03:05.398+0000] {logging_mixin.py:188} INFO - [2026-05-09T11:03:05.398+0000] {dagbag.py:538} INFO - Filling up the DagBag from /opt/airflow/dags/news_pipeline_dag.py
[2026-05-09T11:03:05.431+0000] {processor.py:840} INFO - DAG(s) 'news_data_architecture_pipeline' retrieved from /opt/airflow/dags/news_pipeline_dag.py
[2026-05-09T11:03:05.471+0000] {logging_mixin.py:188} INFO - [2026-05-09T11:03:05.469+0000] {dag.py:3036} INFO - Sync 1 DAGs
[2026-05-09T11:03:05.500+0000] {logging_mixin.py:188} INFO - [2026-05-09T11:03:05.499+0000] {dag.py:3823} INFO - Setting next_dagrun for news_data_architecture_pipeline to 2026-05-09 10:00:00+00:00, run_after=2026-05-09 11:00:00+00:00
[2026-05-09T11:03:05.527+0000] {processor.py:183} INFO - Processing /opt/airflow/dags/news_pipeline_dag.py took 0.136 seconds
[2026-05-09T11:03:35.837+0000] {processor.py:161} INFO - Started process (PID=1677) to work on /opt/airflow/dags/news_pipeline_dag.py
[2026-05-09T11:03:35.839+0000] {processor.py:830} INFO - Processing file /opt/airflow/dags/news_pipeline_dag.py for tasks to queue
[2026-05-09T11:03:35.840+0000] {logging_mixin.py:188} INFO - [2026-05-09T11:03:35.840+0000] {dagbag.py:538} INFO - Filling up the DagBag from /opt/airflow/dags/news_pipeline_dag.py
[2026-05-09T11:03:35.866+0000] {processor.py:840} INFO - DAG(s) 'news_data_architecture_pipeline' retrieved from /opt/airflow/dags/news_pipeline_dag.py
[2026-05-09T11:03:35.900+0000] {logging_mixin.py:188} INFO - [2026-05-09T11:03:35.900+0000] {dag.py:3036} INFO - Sync 1 DAGs
[2026-05-09T11:03:35.931+0000] {logging_mixin.py:188} INFO - [2026-05-09T11:03:35.930+0000] {dag.py:3823} INFO - Setting next_dagrun for news_data_architecture_pipeline to 2026-05-09 10:00:00+00:00, run_after=2026-05-09 11:00:00+00:00
[2026-05-09T11:03:35.955+0000] {processor.py:183} INFO - Processing /opt/airflow/dags/news_pipeline_dag.py took 0.123 seconds
[2026-05-09T11:04:06.233+0000] {processor.py:161} INFO - Started process (PID=1695) to work on /opt/airflow/dags/news_pipeline_dag.py
[2026-05-09T11:04:06.234+0000] {processor.py:830} INFO - Processing file /opt/airflow/dags/news_pipeline_dag.py for tasks to queue
[2026-05-09T11:04:06.235+0000] {logging_mixin.py:188} INFO - [2026-05-09T11:04:06.235+0000] {dagbag.py:538} INFO - Filling up the DagBag from /opt/airflow/dags/news_pipeline_dag.py
[2026-05-09T11:04:06.256+0000] {processor.py:840} INFO - DAG(s) 'news_data_architecture_pipeline' retrieved from /opt/airflow/dags/news_pipeline_dag.py
[2026-05-09T11:04:06.286+0000] {logging_mixin.py:188} INFO - [2026-05-09T11:04:06.286+0000] {dag.py:3036} INFO - Sync 1 DAGs
[2026-05-09T11:04:06.310+0000] {logging_mixin.py:188} INFO - [2026-05-09T11:04:06.310+0000] {dag.py:3823} INFO - Setting next_dagrun for news_data_architecture_pipeline to 2026-05-09 10:00:00+00:00, run_after=2026-05-09 11:00:00+00:00
[2026-05-09T11:04:06.336+0000] {processor.py:183} INFO - Processing /opt/airflow/dags/news_pipeline_dag.py took 0.109 seconds
[2026-05-09T11:04:36.633+0000] {processor.py:161} INFO - Started process (PID=1705) to work on /opt/airflow/dags/news_pipeline_dag.py
[2026-05-09T11:04:36.634+0000] {processor.py:830} INFO - Processing file /opt/airflow/dags/news_pipeline_dag.py for tasks to queue
[2026-05-09T11:04:36.636+0000] {logging_mixin.py:188} INFO - [2026-05-09T11:04:36.635+0000] {dagbag.py:538} INFO - Filling up the DagBag from /opt/airflow/dags/news_pipeline_dag.py
[2026-05-09T11:04:36.659+0000] {processor.py:840} INFO - DAG(s) 'news_data_architecture_pipeline' retrieved from /opt/airflow/dags/news_pipeline_dag.py
[2026-05-09T11:04:36.687+0000] {logging_mixin.py:188} INFO - [2026-05-09T11:04:36.687+0000] {dag.py:3036} INFO - Sync 1 DAGs
[2026-05-09T11:04:36.711+0000] {logging_mixin.py:188} INFO - [2026-05-09T11:04:36.711+0000] {dag.py:3823} INFO - Setting next_dagrun for news_data_architecture_pipeline to 2026-05-09 10:00:00+00:00, run_after=2026-05-09 11:00:00+00:00
[2026-05-09T11:04:36.735+0000] {processor.py:183} INFO - Processing /opt/airflow/dags/news_pipeline_dag.py took 0.105 seconds
[2026-05-09T11:05:07.043+0000] {processor.py:161} INFO - Started process (PID=1743) to work on /opt/airflow/dags/news_pipeline_dag.py
[2026-05-09T11:05:07.046+0000] {processor.py:830} INFO - Processing file /opt/airflow/dags/news_pipeline_dag.py for tasks to queue
[2026-05-09T11:05:07.048+0000] {logging_mixin.py:188} INFO - [2026-05-09T11:05:07.047+0000] {dagbag.py:538} INFO - Filling up the DagBag from /opt/airflow/dags/news_pipeline_dag.py
[2026-05-09T11:05:07.111+0000] {processor.py:840} INFO - DAG(s) 'news_data_architecture_pipeline' retrieved from /opt/airflow/dags/news_pipeline_dag.py
[2026-05-09T11:05:07.165+0000] {logging_mixin.py:188} INFO - [2026-05-09T11:05:07.165+0000] {dag.py:3036} INFO - Sync 1 DAGs
[2026-05-09T11:05:07.209+0000] {logging_mixin.py:188} INFO - [2026-05-09T11:05:07.208+0000] {dag.py:3823} INFO - Setting next_dagrun for news_data_architecture_pipeline to 2026-05-09 10:00:00+00:00, run_after=2026-05-09 11:00:00+00:00
[2026-05-09T11:05:07.266+0000] {processor.py:183} INFO - Processing /opt/airflow/dags/news_pipeline_dag.py took 0.228 seconds
[2026-05-09T11:05:37.424+0000] {processor.py:161} INFO - Started process (PID=1784) to work on /opt/airflow/dags/news_pipeline_dag.py
[2026-05-09T11:05:37.426+0000] {processor.py:830} INFO - Processing file /opt/airflow/dags/news_pipeline_dag.py for tasks to queue
[2026-05-09T11:05:37.427+0000] {logging_mixin.py:188} INFO - [2026-05-09T11:05:37.427+0000] {dagbag.py:538} INFO - Filling up the DagBag from /opt/airflow/dags/news_pipeline_dag.py
[2026-05-09T11:05:37.460+0000] {processor.py:840} INFO - DAG(s) 'news_data_architecture_pipeline' retrieved from /opt/airflow/dags/news_pipeline_dag.py
[2026-05-09T11:05:37.500+0000] {logging_mixin.py:188} INFO - [2026-05-09T11:05:37.499+0000] {dag.py:3036} INFO - Sync 1 DAGs
[2026-05-09T11:05:37.534+0000] {logging_mixin.py:188} INFO - [2026-05-09T11:05:37.534+0000] {dag.py:3823} INFO - Setting next_dagrun for news_data_architecture_pipeline to 2026-05-09 10:00:00+00:00, run_after=2026-05-09 11:00:00+00:00
[2026-05-09T11:05:37.570+0000] {processor.py:183} INFO - Processing /opt/airflow/dags/news_pipeline_dag.py took 0.150 seconds
[2026-05-09T11:06:08.214+0000] {processor.py:161} INFO - Started process (PID=1968) to work on /opt/airflow/dags/news_pipeline_dag.py
[2026-05-09T11:06:08.216+0000] {processor.py:830} INFO - Processing file /opt/airflow/dags/news_pipeline_dag.py for tasks to queue
[2026-05-09T11:06:08.218+0000] {logging_mixin.py:188} INFO - [2026-05-09T11:06:08.218+0000] {dagbag.py:538} INFO - Filling up the DagBag from /opt/airflow/dags/news_pipeline_dag.py
[2026-05-09T11:06:08.285+0000] {processor.py:840} INFO - DAG(s) 'news_data_architecture_pipeline' retrieved from /opt/airflow/dags/news_pipeline_dag.py
[2026-05-09T11:06:08.338+0000] {logging_mixin.py:188} INFO - [2026-05-09T11:06:08.338+0000] {dag.py:3036} INFO - Sync 1 DAGs
[2026-05-09T11:06:08.405+0000] {logging_mixin.py:188} INFO - [2026-05-09T11:06:08.405+0000] {dag.py:3823} INFO - Setting next_dagrun for news_data_architecture_pipeline to 2026-05-09 10:00:00+00:00, run_after=2026-05-09 11:00:00+00:00
[2026-05-09T11:33:35.729+0000] {processor.py:186} INFO - Started process (PID=166) to work on /opt/airflow/dags/news_pipeline_dag.py
[2026-05-09T11:33:35.748+0000] {processor.py:914} INFO - Processing file /opt/airflow/dags/news_pipeline_dag.py for tasks to queue
[2026-05-09T11:33:35.766+0000] {logging_mixin.py:190} INFO - [2026-05-09T11:33:35.764+0000] {dagbag.py:588} INFO - Filling up the DagBag from /opt/airflow/dags/news_pipeline_dag.py
[2026-05-09T11:33:35.914+0000] {processor.py:925} INFO - DAG(s) 'news_data_architecture_pipeline' retrieved from /opt/airflow/dags/news_pipeline_dag.py
[2026-05-09T11:33:36.038+0000] {logging_mixin.py:190} INFO - [2026-05-09T11:33:36.038+0000] {dag.py:3239} INFO - Sync 1 DAGs
[2026-05-09T11:33:36.207+0000] {logging_mixin.py:190} INFO - [2026-05-09T11:33:36.206+0000] {dag.py:4180} INFO - Setting next_dagrun for news_data_architecture_pipeline to 2026-05-09 10:00:00+00:00, run_after=2026-05-09 11:00:00+00:00
[2026-05-09T11:33:36.348+0000] {processor.py:208} INFO - Processing /opt/airflow/dags/news_pipeline_dag.py took 0.669 seconds
[2026-05-09T11:34:07.625+0000] {processor.py:186} INFO - Started process (PID=253) to work on /opt/airflow/dags/news_pipeline_dag.py
[2026-05-09T11:34:07.744+0000] {processor.py:914} INFO - Processing file /opt/airflow/dags/news_pipeline_dag.py for tasks to queue
[2026-05-09T11:34:07.922+0000] {logging_mixin.py:190} INFO - [2026-05-09T11:34:07.915+0000] {dagbag.py:588} INFO - Filling up the DagBag from /opt/airflow/dags/news_pipeline_dag.py
[2026-05-09T11:34:08.382+0000] {processor.py:925} INFO - DAG(s) 'news_data_architecture_pipeline' retrieved from /opt/airflow/dags/news_pipeline_dag.py
[2026-05-09T11:34:12.009+0000] {logging_mixin.py:190} INFO - [2026-05-09T11:34:12.009+0000] {dag.py:3239} INFO - Sync 1 DAGs
[2026-05-09T11:34:12.065+0000] {logging_mixin.py:190} INFO - [2026-05-09T11:34:12.065+0000] {dag.py:4180} INFO - Setting next_dagrun for news_data_architecture_pipeline to 2026-05-09 10:00:00+00:00, run_after=2026-05-09 11:00:00+00:00
[2026-05-09T11:34:12.099+0000] {processor.py:208} INFO - Processing /opt/airflow/dags/news_pipeline_dag.py took 4.611 seconds
[2026-05-09T11:34:42.305+0000] {processor.py:186} INFO - Started process (PID=392) to work on /opt/airflow/dags/news_pipeline_dag.py
[2026-05-09T11:34:42.306+0000] {processor.py:914} INFO - Processing file /opt/airflow/dags/news_pipeline_dag.py for tasks to queue
[2026-05-09T11:34:42.310+0000] {logging_mixin.py:190} INFO - [2026-05-09T11:34:42.309+0000] {dagbag.py:588} INFO - Filling up the DagBag from /opt/airflow/dags/news_pipeline_dag.py
[2026-05-09T11:34:42.357+0000] {processor.py:925} INFO - DAG(s) 'news_data_architecture_pipeline' retrieved from /opt/airflow/dags/news_pipeline_dag.py
[2026-05-09T11:34:42.407+0000] {logging_mixin.py:190} INFO - [2026-05-09T11:34:42.407+0000] {dag.py:3239} INFO - Sync 1 DAGs
[2026-05-09T11:34:42.454+0000] {logging_mixin.py:190} INFO - [2026-05-09T11:34:42.453+0000] {dag.py:4180} INFO - Setting next_dagrun for news_data_architecture_pipeline to 2026-05-09 10:00:00+00:00, run_after=2026-05-09 11:00:00+00:00
[2026-05-09T11:34:42.485+0000] {processor.py:208} INFO - Processing /opt/airflow/dags/news_pipeline_dag.py took 0.189 seconds
[2026-05-09T11:35:14.080+0000] {processor.py:186} INFO - Started process (PID=431) to work on /opt/airflow/dags/news_pipeline_dag.py
[2026-05-09T11:35:14.081+0000] {processor.py:914} INFO - Processing file /opt/airflow/dags/news_pipeline_dag.py for tasks to queue
[2026-05-09T11:35:14.084+0000] {logging_mixin.py:190} INFO - [2026-05-09T11:35:14.083+0000] {dagbag.py:588} INFO - Filling up the DagBag from /opt/airflow/dags/news_pipeline_dag.py
[2026-05-09T11:35:24.448+0000] {processor.py:925} INFO - DAG(s) 'news_data_architecture_pipeline' retrieved from /opt/airflow/dags/news_pipeline_dag.py
[2026-05-09T11:35:24.816+0000] {logging_mixin.py:190} INFO - [2026-05-09T11:35:24.816+0000] {dag.py:3239} INFO - Sync 1 DAGs
[2026-05-09T11:35:24.900+0000] {logging_mixin.py:190} INFO - [2026-05-09T11:35:24.900+0000] {dag.py:4180} INFO - Setting next_dagrun for news_data_architecture_pipeline to 2026-05-09 10:00:00+00:00, run_after=2026-05-09 11:00:00+00:00
[2026-05-09T11:35:24.944+0000] {processor.py:208} INFO - Processing /opt/airflow/dags/news_pipeline_dag.py took 11.143 seconds
[2026-05-09T11:35:55.579+0000] {processor.py:186} INFO - Started process (PID=503) to work on /opt/airflow/dags/news_pipeline_dag.py
[2026-05-09T11:35:55.590+0000] {processor.py:914} INFO - Processing file /opt/airflow/dags/news_pipeline_dag.py for tasks to queue
[2026-05-09T11:35:55.594+0000] {logging_mixin.py:190} INFO - [2026-05-09T11:35:55.593+0000] {dagbag.py:588} INFO - Filling up the DagBag from /opt/airflow/dags/news_pipeline_dag.py
[2026-05-09T11:35:55.647+0000] {processor.py:925} INFO - DAG(s) 'news_data_architecture_pipeline' retrieved from /opt/airflow/dags/news_pipeline_dag.py
[2026-05-09T11:35:55.674+0000] {logging_mixin.py:190} INFO - [2026-05-09T11:35:55.673+0000] {dag.py:3239} INFO - Sync 1 DAGs
[2026-05-09T11:35:55.702+0000] {logging_mixin.py:190} INFO - [2026-05-09T11:35:55.701+0000] {dag.py:4180} INFO - Setting next_dagrun for news_data_architecture_pipeline to 2026-05-09 10:00:00+00:00, run_after=2026-05-09 11:00:00+00:00
[2026-05-09T11:35:55.753+0000] {processor.py:208} INFO - Processing /opt/airflow/dags/news_pipeline_dag.py took 0.180 seconds
[2026-05-09T11:36:26.310+0000] {processor.py:186} INFO - Started process (PID=513) to work on /opt/airflow/dags/news_pipeline_dag.py
[2026-05-09T11:36:26.311+0000] {processor.py:914} INFO - Processing file /opt/airflow/dags/news_pipeline_dag.py for tasks to queue
[2026-05-09T11:36:39.079+0000] {logging_mixin.py:190} INFO - [2026-05-09T11:36:39.078+0000] {dagbag.py:588} INFO - Filling up the DagBag from /opt/airflow/dags/news_pipeline_dag.py
[2026-05-09T11:36:39.245+0000] {processor.py:925} INFO - DAG(s) 'news_data_architecture_pipeline' retrieved from /opt/airflow/dags/news_pipeline_dag.py
[2026-05-09T11:36:39.394+0000] {logging_mixin.py:190} INFO - [2026-05-09T11:36:39.394+0000] {dag.py:3239} INFO - Sync 1 DAGs
[2026-05-09T11:36:39.497+0000] {logging_mixin.py:190} INFO - [2026-05-09T11:36:39.497+0000] {dag.py:4180} INFO - Setting next_dagrun for news_data_architecture_pipeline to 2026-05-09 10:00:00+00:00, run_after=2026-05-09 11:00:00+00:00
[2026-05-09T11:36:39.536+0000] {processor.py:208} INFO - Processing /opt/airflow/dags/news_pipeline_dag.py took 13.231 seconds
[2026-05-09T11:37:09.975+0000] {processor.py:186} INFO - Started process (PID=523) to work on /opt/airflow/dags/news_pipeline_dag.py
[2026-05-09T11:37:09.976+0000] {processor.py:914} INFO - Processing file /opt/airflow/dags/news_pipeline_dag.py for tasks to queue
[2026-05-09T11:37:09.983+0000] {logging_mixin.py:190} INFO - [2026-05-09T11:37:09.981+0000] {dagbag.py:588} INFO - Filling up the DagBag from /opt/airflow/dags/news_pipeline_dag.py
[2026-05-09T11:37:10.037+0000] {processor.py:925} INFO - DAG(s) 'news_data_architecture_pipeline' retrieved from /opt/airflow/dags/news_pipeline_dag.py
[2026-05-09T11:37:10.167+0000] {logging_mixin.py:190} INFO - [2026-05-09T11:37:10.166+0000] {dag.py:3239} INFO - Sync 1 DAGs
[2026-05-09T11:37:10.232+0000] {logging_mixin.py:190} INFO - [2026-05-09T11:37:10.232+0000] {dag.py:4180} INFO - Setting next_dagrun for news_data_architecture_pipeline to 2026-05-09 10:00:00+00:00, run_after=2026-05-09 11:00:00+00:00
[2026-05-09T11:37:10.272+0000] {processor.py:208} INFO - Processing /opt/airflow/dags/news_pipeline_dag.py took 0.307 seconds
[2026-05-09T11:37:40.598+0000] {processor.py:186} INFO - Started process (PID=535) to work on /opt/airflow/dags/news_pipeline_dag.py
[2026-05-09T11:37:40.600+0000] {processor.py:914} INFO - Processing file /opt/airflow/dags/news_pipeline_dag.py for tasks to queue
[2026-05-09T11:37:40.604+0000] {logging_mixin.py:190} INFO - [2026-05-09T11:37:40.603+0000] {dagbag.py:588} INFO - Filling up the DagBag from /opt/airflow/dags/news_pipeline_dag.py
[2026-05-09T11:37:40.637+0000] {processor.py:925} INFO - DAG(s) 'news_data_architecture_pipeline' retrieved from /opt/airflow/dags/news_pipeline_dag.py
[2026-05-09T11:37:40.673+0000] {logging_mixin.py:190} INFO - [2026-05-09T11:37:40.673+0000] {dag.py:3239} INFO - Sync 1 DAGs
[2026-05-09T11:37:40.705+0000] {logging_mixin.py:190} INFO - [2026-05-09T11:37:40.704+0000] {dag.py:4180} INFO - Setting next_dagrun for news_data_architecture_pipeline to 2026-05-09 10:00:00+00:00, run_after=2026-05-09 11:00:00+00:00
[2026-05-09T11:37:40.789+0000] {processor.py:208} INFO - Processing /opt/airflow/dags/news_pipeline_dag.py took 0.201 seconds
[2026-05-09T11:38:12.677+0000] {processor.py:186} INFO - Started process (PID=543) to work on /opt/airflow/dags/news_pipeline_dag.py
[2026-05-09T11:38:12.679+0000] {processor.py:914} INFO - Processing file /opt/airflow/dags/news_pipeline_dag.py for tasks to queue
[2026-05-09T11:38:12.683+0000] {logging_mixin.py:190} INFO - [2026-05-09T11:38:12.683+0000] {dagbag.py:588} INFO - Filling up the DagBag from /opt/airflow/dags/news_pipeline_dag.py
[2026-05-09T11:38:12.872+0000] {processor.py:925} INFO - DAG(s) 'news_data_architecture_pipeline' retrieved from /opt/airflow/dags/news_pipeline_dag.py
[2026-05-09T11:38:12.995+0000] {logging_mixin.py:190} INFO - [2026-05-09T11:38:12.995+0000] {dag.py:3239} INFO - Sync 1 DAGs
[2026-05-09T11:38:13.086+0000] {logging_mixin.py:190} INFO - [2026-05-09T11:38:13.086+0000] {dag.py:4180} INFO - Setting next_dagrun for news_data_architecture_pipeline to 2026-05-09 10:00:00+00:00, run_after=2026-05-09 11:00:00+00:00
[2026-05-09T11:38:13.135+0000] {processor.py:208} INFO - Processing /opt/airflow/dags/news_pipeline_dag.py took 0.500 seconds
[2026-05-09T11:38:43.368+0000] {processor.py:186} INFO - Started process (PID=555) to work on /opt/airflow/dags/news_pipeline_dag.py
[2026-05-09T11:38:43.370+0000] {processor.py:914} INFO - Processing file /opt/airflow/dags/news_pipeline_dag.py for tasks to queue
[2026-05-09T11:38:43.372+0000] {logging_mixin.py:190} INFO - [2026-05-09T11:38:43.372+0000] {dagbag.py:588} INFO - Filling up the DagBag from /opt/airflow/dags/news_pipeline_dag.py
[2026-05-09T11:38:43.413+0000] {processor.py:925} INFO - DAG(s) 'news_data_architecture_pipeline' retrieved from /opt/airflow/dags/news_pipeline_dag.py
[2026-05-09T11:38:43.442+0000] {logging_mixin.py:190} INFO - [2026-05-09T11:38:43.441+0000] {dag.py:3239} INFO - Sync 1 DAGs
[2026-05-09T11:38:43.476+0000] {logging_mixin.py:190} INFO - [2026-05-09T11:38:43.476+0000] {dag.py:4180} INFO - Setting next_dagrun for news_data_architecture_pipeline to 2026-05-09 10:00:00+00:00, run_after=2026-05-09 11:00:00+00:00
[2026-05-09T11:38:43.507+0000] {processor.py:208} INFO - Processing /opt/airflow/dags/news_pipeline_dag.py took 0.144 seconds
[2026-05-09T11:39:13.567+0000] {processor.py:186} INFO - Started process (PID=563) to work on /opt/airflow/dags/news_pipeline_dag.py
[2026-05-09T11:39:13.568+0000] {processor.py:914} INFO - Processing file /opt/airflow/dags/news_pipeline_dag.py for tasks to queue
[2026-05-09T11:39:13.571+0000] {logging_mixin.py:190} INFO - [2026-05-09T11:39:13.570+0000] {dagbag.py:588} INFO - Filling up the DagBag from /opt/airflow/dags/news_pipeline_dag.py
[2026-05-09T11:39:13.596+0000] {processor.py:925} INFO - DAG(s) 'news_data_architecture_pipeline' retrieved from /opt/airflow/dags/news_pipeline_dag.py
[2026-05-09T11:39:13.632+0000] {logging_mixin.py:190} INFO - [2026-05-09T11:39:13.631+0000] {dag.py:3239} INFO - Sync 1 DAGs
[2026-05-09T11:39:13.660+0000] {logging_mixin.py:190} INFO - [2026-05-09T11:39:13.660+0000] {dag.py:4180} INFO - Setting next_dagrun for news_data_architecture_pipeline to 2026-05-09 10:00:00+00:00, run_after=2026-05-09 11:00:00+00:00
[2026-05-09T11:39:13.685+0000] {processor.py:208} INFO - Processing /opt/airflow/dags/news_pipeline_dag.py took 0.126 seconds
[2026-05-09T11:39:44.070+0000] {processor.py:186} INFO - Started process (PID=573) to work on /opt/airflow/dags/news_pipeline_dag.py
[2026-05-09T11:39:44.071+0000] {processor.py:914} INFO - Processing file /opt/airflow/dags/news_pipeline_dag.py for tasks to queue
[2026-05-09T11:39:44.074+0000] {logging_mixin.py:190} INFO - [2026-05-09T11:39:44.074+0000] {dagbag.py:588} INFO - Filling up the DagBag from /opt/airflow/dags/news_pipeline_dag.py
[2026-05-09T11:39:44.107+0000] {processor.py:925} INFO - DAG(s) 'news_data_architecture_pipeline' retrieved from /opt/airflow/dags/news_pipeline_dag.py
[2026-05-09T11:39:44.146+0000] {logging_mixin.py:190} INFO - [2026-05-09T11:39:44.145+0000] {dag.py:3239} INFO - Sync 1 DAGs
[2026-05-09T11:39:44.203+0000] {logging_mixin.py:190} INFO - [2026-05-09T11:39:44.203+0000] {dag.py:4180} INFO - Setting next_dagrun for news_data_architecture_pipeline to 2026-05-09 10:00:00+00:00, run_after=2026-05-09 11:00:00+00:00
[2026-05-09T11:39:44.250+0000] {processor.py:208} INFO - Processing /opt/airflow/dags/news_pipeline_dag.py took 0.187 seconds
[2026-05-09T11:40:14.683+0000] {processor.py:186} INFO - Started process (PID=583) to work on /opt/airflow/dags/news_pipeline_dag.py
[2026-05-09T11:40:14.684+0000] {processor.py:914} INFO - Processing file /opt/airflow/dags/news_pipeline_dag.py for tasks to queue
[2026-05-09T11:40:14.690+0000] {logging_mixin.py:190} INFO - [2026-05-09T11:40:14.690+0000] {dagbag.py:588} INFO - Filling up the DagBag from /opt/airflow/dags/news_pipeline_dag.py
[2026-05-09T11:40:14.721+0000] {processor.py:925} INFO - DAG(s) 'news_data_architecture_pipeline' retrieved from /opt/airflow/dags/news_pipeline_dag.py
[2026-05-09T11:40:14.762+0000] {logging_mixin.py:190} INFO - [2026-05-09T11:40:14.761+0000] {dag.py:3239} INFO - Sync 1 DAGs
[2026-05-09T11:40:14.797+0000] {logging_mixin.py:190} INFO - [2026-05-09T11:40:14.797+0000] {dag.py:4180} INFO - Setting next_dagrun for news_data_architecture_pipeline to 2026-05-09 10:00:00+00:00, run_after=2026-05-09 11:00:00+00:00
[2026-05-09T11:40:14.825+0000] {processor.py:208} INFO - Processing /opt/airflow/dags/news_pipeline_dag.py took 0.150 seconds
[2026-05-09T11:40:45.011+0000] {processor.py:186} INFO - Started process (PID=593) to work on /opt/airflow/dags/news_pipeline_dag.py
[2026-05-09T11:40:45.013+0000] {processor.py:914} INFO - Processing file /opt/airflow/dags/news_pipeline_dag.py for tasks to queue
[2026-05-09T11:40:45.020+0000] {logging_mixin.py:190} INFO - [2026-05-09T11:40:45.019+0000] {dagbag.py:588} INFO - Filling up the DagBag from /opt/airflow/dags/news_pipeline_dag.py
[2026-05-09T11:40:45.045+0000] {processor.py:925} INFO - DAG(s) 'news_data_architecture_pipeline' retrieved from /opt/airflow/dags/news_pipeline_dag.py
[2026-05-09T11:40:45.080+0000] {logging_mixin.py:190} INFO - [2026-05-09T11:40:45.080+0000] {dag.py:3239} INFO - Sync 1 DAGs
[2026-05-09T11:40:45.119+0000] {logging_mixin.py:190} INFO - [2026-05-09T11:40:45.118+0000] {dag.py:4180} INFO - Setting next_dagrun for news_data_architecture_pipeline to 2026-05-09 10:00:00+00:00, run_after=2026-05-09 11:00:00+00:00
[2026-05-09T11:40:45.148+0000] {processor.py:208} INFO - Processing /opt/airflow/dags/news_pipeline_dag.py took 0.143 seconds
[2026-05-09T11:41:15.462+0000] {processor.py:186} INFO - Started process (PID=603) to work on /opt/airflow/dags/news_pipeline_dag.py
[2026-05-09T11:41:15.463+0000] {processor.py:914} INFO - Processing file /opt/airflow/dags/news_pipeline_dag.py for tasks to queue
[2026-05-09T11:41:15.465+0000] {logging_mixin.py:190} INFO - [2026-05-09T11:41:15.465+0000] {dagbag.py:588} INFO - Filling up the DagBag from /opt/airflow/dags/news_pipeline_dag.py
[2026-05-09T11:41:15.487+0000] {processor.py:925} INFO - DAG(s) 'news_data_architecture_pipeline' retrieved from /opt/airflow/dags/news_pipeline_dag.py
[2026-05-09T11:41:15.519+0000] {logging_mixin.py:190} INFO - [2026-05-09T11:41:15.519+0000] {dag.py:3239} INFO - Sync 1 DAGs
[2026-05-09T11:41:15.571+0000] {logging_mixin.py:190} INFO - [2026-05-09T11:41:15.571+0000] {dag.py:4180} INFO - Setting next_dagrun for news_data_architecture_pipeline to 2026-05-09 10:00:00+00:00, run_after=2026-05-09 11:00:00+00:00
[2026-05-09T11:41:15.597+0000] {processor.py:208} INFO - Processing /opt/airflow/dags/news_pipeline_dag.py took 0.143 seconds
[2026-05-09T11:41:46.218+0000] {processor.py:186} INFO - Started process (PID=613) to work on /opt/airflow/dags/news_pipeline_dag.py
[2026-05-09T11:41:46.219+0000] {processor.py:914} INFO - Processing file /opt/airflow/dags/news_pipeline_dag.py for tasks to queue
[2026-05-09T11:41:46.232+0000] {logging_mixin.py:190} INFO - [2026-05-09T11:41:46.232+0000] {dagbag.py:588} INFO - Filling up the DagBag from /opt/airflow/dags/news_pipeline_dag.py
[2026-05-09T11:41:46.338+0000] {processor.py:925} INFO - DAG(s) 'news_data_architecture_pipeline' retrieved from /opt/airflow/dags/news_pipeline_dag.py
[2026-05-09T11:41:46.430+0000] {logging_mixin.py:190} INFO - [2026-05-09T11:41:46.430+0000] {dag.py:3239} INFO - Sync 1 DAGs
[2026-05-09T11:41:46.534+0000] {logging_mixin.py:190} INFO - [2026-05-09T11:41:46.534+0000] {dag.py:4180} INFO - Setting next_dagrun for news_data_architecture_pipeline to 2026-05-09 10:00:00+00:00, run_after=2026-05-09 11:00:00+00:00
[2026-05-09T11:41:46.646+0000] {processor.py:208} INFO - Processing /opt/airflow/dags/news_pipeline_dag.py took 0.457 seconds
[2026-05-09T11:42:17.271+0000] {processor.py:186} INFO - Started process (PID=623) to work on /opt/airflow/dags/news_pipeline_dag.py
[2026-05-09T11:42:17.272+0000] {processor.py:914} INFO - Processing file /opt/airflow/dags/news_pipeline_dag.py for tasks to queue
[2026-05-09T11:42:17.275+0000] {logging_mixin.py:190} INFO - [2026-05-09T11:42:17.275+0000] {dagbag.py:588} INFO - Filling up the DagBag from /opt/airflow/dags/news_pipeline_dag.py
[2026-05-09T11:42:17.301+0000] {processor.py:925} INFO - DAG(s) 'news_data_architecture_pipeline' retrieved from /opt/airflow/dags/news_pipeline_dag.py
[2026-05-09T11:42:17.340+0000] {logging_mixin.py:190} INFO - [2026-05-09T11:42:17.340+0000] {dag.py:3239} INFO - Sync 1 DAGs
[2026-05-09T11:42:17.364+0000] {logging_mixin.py:190} INFO - [2026-05-09T11:42:17.363+0000] {dag.py:4180} INFO - Setting next_dagrun for news_data_architecture_pipeline to 2026-05-09 10:00:00+00:00, run_after=2026-05-09 11:00:00+00:00
[2026-05-09T11:42:17.390+0000] {processor.py:208} INFO - Processing /opt/airflow/dags/news_pipeline_dag.py took 0.127 seconds
[2026-05-09T11:42:47.744+0000] {processor.py:186} INFO - Started process (PID=633) to work on /opt/airflow/dags/news_pipeline_dag.py
[2026-05-09T11:42:47.747+0000] {processor.py:914} INFO - Processing file /opt/airflow/dags/news_pipeline_dag.py for tasks to queue
[2026-05-09T11:42:47.750+0000] {logging_mixin.py:190} INFO - [2026-05-09T11:42:47.749+0000] {dagbag.py:588} INFO - Filling up the DagBag from /opt/airflow/dags/news_pipeline_dag.py
[2026-05-09T11:42:47.775+0000] {processor.py:925} INFO - DAG(s) 'news_data_architecture_pipeline' retrieved from /opt/airflow/dags/news_pipeline_dag.py
[2026-05-09T11:42:47.832+0000] {logging_mixin.py:190} INFO - [2026-05-09T11:42:47.832+0000] {dag.py:3239} INFO - Sync 1 DAGs
[2026-05-09T11:42:47.883+0000] {logging_mixin.py:190} INFO - [2026-05-09T11:42:47.883+0000] {dag.py:4180} INFO - Setting next_dagrun for news_data_architecture_pipeline to 2026-05-09 10:00:00+00:00, run_after=2026-05-09 11:00:00+00:00
[2026-05-09T11:42:47.929+0000] {processor.py:208} INFO - Processing /opt/airflow/dags/news_pipeline_dag.py took 0.191 seconds
[2026-05-09T11:43:18.302+0000] {processor.py:186} INFO - Started process (PID=643) to work on /opt/airflow/dags/news_pipeline_dag.py
[2026-05-09T11:43:18.303+0000] {processor.py:914} INFO - Processing file /opt/airflow/dags/news_pipeline_dag.py for tasks to queue
[2026-05-09T11:43:18.308+0000] {logging_mixin.py:190} INFO - [2026-05-09T11:43:18.308+0000] {dagbag.py:588} INFO - Filling up the DagBag from /opt/airflow/dags/news_pipeline_dag.py
[2026-05-09T11:43:18.330+0000] {processor.py:925} INFO - DAG(s) 'news_data_architecture_pipeline' retrieved from /opt/airflow/dags/news_pipeline_dag.py
[2026-05-09T11:43:18.359+0000] {logging_mixin.py:190} INFO - [2026-05-09T11:43:18.359+0000] {dag.py:3239} INFO - Sync 1 DAGs
[2026-05-09T11:43:18.385+0000] {logging_mixin.py:190} INFO - [2026-05-09T11:43:18.385+0000] {dag.py:4180} INFO - Setting next_dagrun for news_data_architecture_pipeline to 2026-05-09 10:00:00+00:00, run_after=2026-05-09 11:00:00+00:00
[2026-05-09T11:43:18.414+0000] {processor.py:208} INFO - Processing /opt/airflow/dags/news_pipeline_dag.py took 0.119 seconds
[2026-05-09T11:43:48.641+0000] {processor.py:186} INFO - Started process (PID=653) to work on /opt/airflow/dags/news_pipeline_dag.py
[2026-05-09T11:43:48.646+0000] {processor.py:914} INFO - Processing file /opt/airflow/dags/news_pipeline_dag.py for tasks to queue
[2026-05-09T11:43:48.653+0000] {logging_mixin.py:190} INFO - [2026-05-09T11:43:48.652+0000] {dagbag.py:588} INFO - Filling up the DagBag from /opt/airflow/dags/news_pipeline_dag.py
[2026-05-09T11:43:48.692+0000] {processor.py:925} INFO - DAG(s) 'news_data_architecture_pipeline' retrieved from /opt/airflow/dags/news_pipeline_dag.py
[2026-05-09T11:43:48.770+0000] {logging_mixin.py:190} INFO - [2026-05-09T11:43:48.770+0000] {dag.py:3239} INFO - Sync 1 DAGs
[2026-05-09T11:43:48.935+0000] {logging_mixin.py:190} INFO - [2026-05-09T11:43:48.934+0000] {dag.py:4180} INFO - Setting next_dagrun for news_data_architecture_pipeline to 2026-05-09 10:00:00+00:00, run_after=2026-05-09 11:00:00+00:00
[2026-05-09T11:43:49.004+0000] {processor.py:208} INFO - Processing /opt/airflow/dags/news_pipeline_dag.py took 0.375 seconds
[2026-05-09T11:44:19.368+0000] {processor.py:186} INFO - Started process (PID=663) to work on /opt/airflow/dags/news_pipeline_dag.py
[2026-05-09T11:44:19.369+0000] {processor.py:914} INFO - Processing file /opt/airflow/dags/news_pipeline_dag.py for tasks to queue
[2026-05-09T11:44:19.371+0000] {logging_mixin.py:190} INFO - [2026-05-09T11:44:19.371+0000] {dagbag.py:588} INFO - Filling up the DagBag from /opt/airflow/dags/news_pipeline_dag.py
[2026-05-09T11:44:19.396+0000] {processor.py:925} INFO - DAG(s) 'news_data_architecture_pipeline' retrieved from /opt/airflow/dags/news_pipeline_dag.py
[2026-05-09T11:44:19.426+0000] {logging_mixin.py:190} INFO - [2026-05-09T11:44:19.426+0000] {dag.py:3239} INFO - Sync 1 DAGs
[2026-05-09T11:44:19.453+0000] {logging_mixin.py:190} INFO - [2026-05-09T11:44:19.453+0000] {dag.py:4180} INFO - Setting next_dagrun for news_data_architecture_pipeline to 2026-05-09 10:00:00+00:00, run_after=2026-05-09 11:00:00+00:00
[2026-05-09T11:44:19.485+0000] {processor.py:208} INFO - Processing /opt/airflow/dags/news_pipeline_dag.py took 0.126 seconds
[2026-05-09T11:44:49.798+0000] {processor.py:186} INFO - Started process (PID=673) to work on /opt/airflow/dags/news_pipeline_dag.py
[2026-05-09T11:44:49.800+0000] {processor.py:914} INFO - Processing file /opt/airflow/dags/news_pipeline_dag.py for tasks to queue
[2026-05-09T11:44:49.803+0000] {logging_mixin.py:190} INFO - [2026-05-09T11:44:49.802+0000] {dagbag.py:588} INFO - Filling up the DagBag from /opt/airflow/dags/news_pipeline_dag.py
[2026-05-09T11:44:49.824+0000] {processor.py:925} INFO - DAG(s) 'news_data_architecture_pipeline' retrieved from /opt/airflow/dags/news_pipeline_dag.py
[2026-05-09T11:44:49.862+0000] {logging_mixin.py:190} INFO - [2026-05-09T11:44:49.862+0000] {dag.py:3239} INFO - Sync 1 DAGs
[2026-05-09T11:44:49.888+0000] {logging_mixin.py:190} INFO - [2026-05-09T11:44:49.888+0000] {dag.py:4180} INFO - Setting next_dagrun for news_data_architecture_pipeline to 2026-05-09 10:00:00+00:00, run_after=2026-05-09 11:00:00+00:00
[2026-05-09T11:44:49.916+0000] {processor.py:208} INFO - Processing /opt/airflow/dags/news_pipeline_dag.py took 0.124 seconds
[2026-05-09T11:45:20.178+0000] {processor.py:186} INFO - Started process (PID=683) to work on /opt/airflow/dags/news_pipeline_dag.py
[2026-05-09T11:45:20.179+0000] {processor.py:914} INFO - Processing file /opt/airflow/dags/news_pipeline_dag.py for tasks to queue
[2026-05-09T11:45:20.182+0000] {logging_mixin.py:190} INFO - [2026-05-09T11:45:20.182+0000] {dagbag.py:588} INFO - Filling up the DagBag from /opt/airflow/dags/news_pipeline_dag.py
[2026-05-09T11:45:20.211+0000] {processor.py:925} INFO - DAG(s) 'news_data_architecture_pipeline' retrieved from /opt/airflow/dags/news_pipeline_dag.py
[2026-05-09T11:45:20.248+0000] {logging_mixin.py:190} INFO - [2026-05-09T11:45:20.247+0000] {dag.py:3239} INFO - Sync 1 DAGs
[2026-05-09T11:45:20.282+0000] {logging_mixin.py:190} INFO - [2026-05-09T11:45:20.281+0000] {dag.py:4180} INFO - Setting next_dagrun for news_data_architecture_pipeline to 2026-05-09 10:00:00+00:00, run_after=2026-05-09 11:00:00+00:00
[2026-05-09T11:45:20.305+0000] {processor.py:208} INFO - Processing /opt/airflow/dags/news_pipeline_dag.py took 0.135 seconds
[2026-05-09T11:45:50.680+0000] {processor.py:186} INFO - Started process (PID=693) to work on /opt/airflow/dags/news_pipeline_dag.py
[2026-05-09T11:45:50.681+0000] {processor.py:914} INFO - Processing file /opt/airflow/dags/news_pipeline_dag.py for tasks to queue
[2026-05-09T11:45:50.685+0000] {logging_mixin.py:190} INFO - [2026-05-09T11:45:50.684+0000] {dagbag.py:588} INFO - Filling up the DagBag from /opt/airflow/dags/news_pipeline_dag.py
[2026-05-09T11:45:50.707+0000] {processor.py:925} INFO - DAG(s) 'news_data_architecture_pipeline' retrieved from /opt/airflow/dags/news_pipeline_dag.py
[2026-05-09T11:45:50.737+0000] {logging_mixin.py:190} INFO - [2026-05-09T11:45:50.737+0000] {dag.py:3239} INFO - Sync 1 DAGs
[2026-05-09T11:45:50.765+0000] {logging_mixin.py:190} INFO - [2026-05-09T11:45:50.765+0000] {dag.py:4180} INFO - Setting next_dagrun for news_data_architecture_pipeline to 2026-05-09 10:00:00+00:00, run_after=2026-05-09 11:00:00+00:00
[2026-05-09T11:45:50.792+0000] {processor.py:208} INFO - Processing /opt/airflow/dags/news_pipeline_dag.py took 0.119 seconds
[2026-05-09T11:46:21.027+0000] {processor.py:186} INFO - Started process (PID=703) to work on /opt/airflow/dags/news_pipeline_dag.py
[2026-05-09T11:46:21.028+0000] {processor.py:914} INFO - Processing file /opt/airflow/dags/news_pipeline_dag.py for tasks to queue
[2026-05-09T11:46:21.031+0000] {logging_mixin.py:190} INFO - [2026-05-09T11:46:21.031+0000] {dagbag.py:588} INFO - Filling up the DagBag from /opt/airflow/dags/news_pipeline_dag.py
[2026-05-09T11:46:21.067+0000] {processor.py:925} INFO - DAG(s) 'news_data_architecture_pipeline' retrieved from /opt/airflow/dags/news_pipeline_dag.py
[2026-05-09T11:46:21.102+0000] {logging_mixin.py:190} INFO - [2026-05-09T11:46:21.102+0000] {dag.py:3239} INFO - Sync 1 DAGs
[2026-05-09T11:46:21.128+0000] {logging_mixin.py:190} INFO - [2026-05-09T11:46:21.128+0000] {dag.py:4180} INFO - Setting next_dagrun for news_data_architecture_pipeline to 2026-05-09 10:00:00+00:00, run_after=2026-05-09 11:00:00+00:00
[2026-05-09T11:46:21.163+0000] {processor.py:208} INFO - Processing /opt/airflow/dags/news_pipeline_dag.py took 0.144 seconds
[2026-05-09T11:46:51.539+0000] {processor.py:186} INFO - Started process (PID=713) to work on /opt/airflow/dags/news_pipeline_dag.py
[2026-05-09T11:46:51.540+0000] {processor.py:914} INFO - Processing file /opt/airflow/dags/news_pipeline_dag.py for tasks to queue
[2026-05-09T11:46:51.542+0000] {logging_mixin.py:190} INFO - [2026-05-09T11:46:51.542+0000] {dagbag.py:588} INFO - Filling up the DagBag from /opt/airflow/dags/news_pipeline_dag.py
[2026-05-09T11:46:51.561+0000] {processor.py:925} INFO - DAG(s) 'news_data_architecture_pipeline' retrieved from /opt/airflow/dags/news_pipeline_dag.py
[2026-05-09T11:46:51.586+0000] {logging_mixin.py:190} INFO - [2026-05-09T11:46:51.586+0000] {dag.py:3239} INFO - Sync 1 DAGs
[2026-05-09T11:46:51.608+0000] {logging_mixin.py:190} INFO - [2026-05-09T11:46:51.608+0000] {dag.py:4180} INFO - Setting next_dagrun for news_data_architecture_pipeline to 2026-05-09 10:00:00+00:00, run_after=2026-05-09 11:00:00+00:00
[2026-05-09T11:46:51.630+0000] {processor.py:208} INFO - Processing /opt/airflow/dags/news_pipeline_dag.py took 0.096 seconds
[2026-05-09T11:47:21.871+0000] {processor.py:186} INFO - Started process (PID=723) to work on /opt/airflow/dags/news_pipeline_dag.py
[2026-05-09T11:47:21.873+0000] {processor.py:914} INFO - Processing file /opt/airflow/dags/news_pipeline_dag.py for tasks to queue
[2026-05-09T11:47:21.876+0000] {logging_mixin.py:190} INFO - [2026-05-09T11:47:21.875+0000] {dagbag.py:588} INFO - Filling up the DagBag from /opt/airflow/dags/news_pipeline_dag.py
[2026-05-09T11:47:21.905+0000] {processor.py:925} INFO - DAG(s) 'news_data_architecture_pipeline' retrieved from /opt/airflow/dags/news_pipeline_dag.py
[2026-05-09T11:47:21.932+0000] {logging_mixin.py:190} INFO - [2026-05-09T11:47:21.932+0000] {dag.py:3239} INFO - Sync 1 DAGs
[2026-05-09T11:47:21.957+0000] {logging_mixin.py:190} INFO - [2026-05-09T11:47:21.957+0000] {dag.py:4180} INFO - Setting next_dagrun for news_data_architecture_pipeline to 2026-05-09 10:00:00+00:00, run_after=2026-05-09 11:00:00+00:00
[2026-05-09T11:47:21.978+0000] {processor.py:208} INFO - Processing /opt/airflow/dags/news_pipeline_dag.py took 0.115 seconds
[2026-05-09T11:47:52.318+0000] {processor.py:186} INFO - Started process (PID=733) to work on /opt/airflow/dags/news_pipeline_dag.py
[2026-05-09T11:47:52.319+0000] {processor.py:914} INFO - Processing file /opt/airflow/dags/news_pipeline_dag.py for tasks to queue
[2026-05-09T11:47:52.321+0000] {logging_mixin.py:190} INFO - [2026-05-09T11:47:52.321+0000] {dagbag.py:588} INFO - Filling up the DagBag from /opt/airflow/dags/news_pipeline_dag.py
[2026-05-09T11:47:52.341+0000] {processor.py:925} INFO - DAG(s) 'news_data_architecture_pipeline' retrieved from /opt/airflow/dags/news_pipeline_dag.py
[2026-05-09T11:47:52.365+0000] {logging_mixin.py:190} INFO - [2026-05-09T11:47:52.365+0000] {dag.py:3239} INFO - Sync 1 DAGs
[2026-05-09T11:47:52.388+0000] {logging_mixin.py:190} INFO - [2026-05-09T11:47:52.388+0000] {dag.py:4180} INFO - Setting next_dagrun for news_data_architecture_pipeline to 2026-05-09 10:00:00+00:00, run_after=2026-05-09 11:00:00+00:00
[2026-05-09T11:47:52.411+0000] {processor.py:208} INFO - Processing /opt/airflow/dags/news_pipeline_dag.py took 0.098 seconds
[2026-05-09T11:48:22.804+0000] {processor.py:186} INFO - Started process (PID=743) to work on /opt/airflow/dags/news_pipeline_dag.py
[2026-05-09T11:48:22.806+0000] {processor.py:914} INFO - Processing file /opt/airflow/dags/news_pipeline_dag.py for tasks to queue
[2026-05-09T11:48:22.810+0000] {logging_mixin.py:190} INFO - [2026-05-09T11:48:22.809+0000] {dagbag.py:588} INFO - Filling up the DagBag from /opt/airflow/dags/news_pipeline_dag.py
[2026-05-09T11:48:22.837+0000] {processor.py:925} INFO - DAG(s) 'news_data_architecture_pipeline' retrieved from /opt/airflow/dags/news_pipeline_dag.py
[2026-05-09T11:48:22.864+0000] {logging_mixin.py:190} INFO - [2026-05-09T11:48:22.864+0000] {dag.py:3239} INFO - Sync 1 DAGs
[2026-05-09T11:48:22.887+0000] {logging_mixin.py:190} INFO - [2026-05-09T11:48:22.887+0000] {dag.py:4180} INFO - Setting next_dagrun for news_data_architecture_pipeline to 2026-05-09 10:00:00+00:00, run_after=2026-05-09 11:00:00+00:00
[2026-05-09T11:48:22.913+0000] {processor.py:208} INFO - Processing /opt/airflow/dags/news_pipeline_dag.py took 0.118 seconds
[2026-05-09T11:48:53.218+0000] {processor.py:186} INFO - Started process (PID=753) to work on /opt/airflow/dags/news_pipeline_dag.py
[2026-05-09T11:48:53.220+0000] {processor.py:914} INFO - Processing file /opt/airflow/dags/news_pipeline_dag.py for tasks to queue
[2026-05-09T11:48:53.231+0000] {logging_mixin.py:190} INFO - [2026-05-09T11:48:53.230+0000] {dagbag.py:588} INFO - Filling up the DagBag from /opt/airflow/dags/news_pipeline_dag.py
[2026-05-09T11:48:53.261+0000] {processor.py:925} INFO - DAG(s) 'news_data_architecture_pipeline' retrieved from /opt/airflow/dags/news_pipeline_dag.py
[2026-05-09T11:48:53.296+0000] {logging_mixin.py:190} INFO - [2026-05-09T11:48:53.296+0000] {dag.py:3239} INFO - Sync 1 DAGs
[2026-05-09T11:48:53.361+0000] {logging_mixin.py:190} INFO - [2026-05-09T11:48:53.361+0000] {dag.py:4180} INFO - Setting next_dagrun for news_data_architecture_pipeline to 2026-05-09 10:00:00+00:00, run_after=2026-05-09 11:00:00+00:00
[2026-05-09T11:48:53.441+0000] {processor.py:208} INFO - Processing /opt/airflow/dags/news_pipeline_dag.py took 0.231 seconds
[2026-05-09T11:49:23.730+0000] {processor.py:186} INFO - Started process (PID=763) to work on /opt/airflow/dags/news_pipeline_dag.py
[2026-05-09T11:49:23.731+0000] {processor.py:914} INFO - Processing file /opt/airflow/dags/news_pipeline_dag.py for tasks to queue
[2026-05-09T11:49:23.734+0000] {logging_mixin.py:190} INFO - [2026-05-09T11:49:23.734+0000] {dagbag.py:588} INFO - Filling up the DagBag from /opt/airflow/dags/news_pipeline_dag.py
[2026-05-09T11:49:23.770+0000] {processor.py:925} INFO - DAG(s) 'news_data_architecture_pipeline' retrieved from /opt/airflow/dags/news_pipeline_dag.py
[2026-05-09T11:49:23.810+0000] {logging_mixin.py:190} INFO - [2026-05-09T11:49:23.810+0000] {dag.py:3239} INFO - Sync 1 DAGs
[2026-05-09T11:49:23.844+0000] {logging_mixin.py:190} INFO - [2026-05-09T11:49:23.844+0000] {dag.py:4180} INFO - Setting next_dagrun for news_data_architecture_pipeline to 2026-05-09 10:00:00+00:00, run_after=2026-05-09 11:00:00+00:00
[2026-05-09T11:49:23.866+0000] {processor.py:208} INFO - Processing /opt/airflow/dags/news_pipeline_dag.py took 0.144 seconds
[2026-05-09T11:49:54.228+0000] {processor.py:186} INFO - Started process (PID=773) to work on /opt/airflow/dags/news_pipeline_dag.py
[2026-05-09T11:49:54.229+0000] {processor.py:914} INFO - Processing file /opt/airflow/dags/news_pipeline_dag.py for tasks to queue
[2026-05-09T11:49:54.232+0000] {logging_mixin.py:190} INFO - [2026-05-09T11:49:54.232+0000] {dagbag.py:588} INFO - Filling up the DagBag from /opt/airflow/dags/news_pipeline_dag.py
[2026-05-09T11:49:54.260+0000] {processor.py:925} INFO - DAG(s) 'news_data_architecture_pipeline' retrieved from /opt/airflow/dags/news_pipeline_dag.py
[2026-05-09T11:49:54.286+0000] {logging_mixin.py:190} INFO - [2026-05-09T11:49:54.285+0000] {dag.py:3239} INFO - Sync 1 DAGs
[2026-05-09T11:49:54.308+0000] {logging_mixin.py:190} INFO - [2026-05-09T11:49:54.308+0000] {dag.py:4180} INFO - Setting next_dagrun for news_data_architecture_pipeline to 2026-05-09 10:00:00+00:00, run_after=2026-05-09 11:00:00+00:00
[2026-05-09T11:49:54.329+0000] {processor.py:208} INFO - Processing /opt/airflow/dags/news_pipeline_dag.py took 0.108 seconds
[2026-05-09T11:50:24.629+0000] {processor.py:186} INFO - Started process (PID=783) to work on /opt/airflow/dags/news_pipeline_dag.py
[2026-05-09T11:50:24.632+0000] {processor.py:914} INFO - Processing file /opt/airflow/dags/news_pipeline_dag.py for tasks to queue
[2026-05-09T11:50:24.642+0000] {logging_mixin.py:190} INFO - [2026-05-09T11:50:24.641+0000] {dagbag.py:588} INFO - Filling up the DagBag from /opt/airflow/dags/news_pipeline_dag.py
[2026-05-09T11:50:24.683+0000] {processor.py:925} INFO - DAG(s) 'news_data_architecture_pipeline' retrieved from /opt/airflow/dags/news_pipeline_dag.py
[2026-05-09T11:50:24.727+0000] {logging_mixin.py:190} INFO - [2026-05-09T11:50:24.727+0000] {dag.py:3239} INFO - Sync 1 DAGs
[2026-05-09T11:50:24.757+0000] {logging_mixin.py:190} INFO - [2026-05-09T11:50:24.756+0000] {dag.py:4180} INFO - Setting next_dagrun for news_data_architecture_pipeline to 2026-05-09 10:00:00+00:00, run_after=2026-05-09 11:00:00+00:00
[2026-05-09T11:50:24.784+0000] {processor.py:208} INFO - Processing /opt/airflow/dags/news_pipeline_dag.py took 0.168 seconds
[2026-05-09T11:50:54.925+0000] {processor.py:186} INFO - Started process (PID=793) to work on /opt/airflow/dags/news_pipeline_dag.py
[2026-05-09T11:50:54.926+0000] {processor.py:914} INFO - Processing file /opt/airflow/dags/news_pipeline_dag.py for tasks to queue
[2026-05-09T11:50:54.931+0000] {logging_mixin.py:190} INFO - [2026-05-09T11:50:54.930+0000] {dagbag.py:588} INFO - Filling up the DagBag from /opt/airflow/dags/news_pipeline_dag.py
[2026-05-09T11:50:54.957+0000] {processor.py:925} INFO - DAG(s) 'news_data_architecture_pipeline' retrieved from /opt/airflow/dags/news_pipeline_dag.py
[2026-05-09T11:50:54.990+0000] {logging_mixin.py:190} INFO - [2026-05-09T11:50:54.989+0000] {dag.py:3239} INFO - Sync 1 DAGs
[2026-05-09T11:50:55.021+0000] {logging_mixin.py:190} INFO - [2026-05-09T11:50:55.021+0000] {dag.py:4180} INFO - Setting next_dagrun for news_data_architecture_pipeline to 2026-05-09 10:00:00+00:00, run_after=2026-05-09 11:00:00+00:00
[2026-05-09T11:50:55.045+0000] {processor.py:208} INFO - Processing /opt/airflow/dags/news_pipeline_dag.py took 0.127 seconds
[2026-05-09T11:51:25.375+0000] {processor.py:186} INFO - Started process (PID=803) to work on /opt/airflow/dags/news_pipeline_dag.py
[2026-05-09T11:51:25.376+0000] {processor.py:914} INFO - Processing file /opt/airflow/dags/news_pipeline_dag.py for tasks to queue
[2026-05-09T11:51:25.380+0000] {logging_mixin.py:190} INFO - [2026-05-09T11:51:25.379+0000] {dagbag.py:588} INFO - Filling up the DagBag from /opt/airflow/dags/news_pipeline_dag.py
[2026-05-09T11:51:25.401+0000] {processor.py:925} INFO - DAG(s) 'news_data_architecture_pipeline' retrieved from /opt/airflow/dags/news_pipeline_dag.py
[2026-05-09T11:51:25.428+0000] {logging_mixin.py:190} INFO - [2026-05-09T11:51:25.428+0000] {dag.py:3239} INFO - Sync 1 DAGs
[2026-05-09T11:51:25.452+0000] {logging_mixin.py:190} INFO - [2026-05-09T11:51:25.452+0000] {dag.py:4180} INFO - Setting next_dagrun for news_data_architecture_pipeline to 2026-05-09 10:00:00+00:00, run_after=2026-05-09 11:00:00+00:00
[2026-05-09T11:51:25.473+0000] {processor.py:208} INFO - Processing /opt/airflow/dags/news_pipeline_dag.py took 0.104 seconds
[2026-05-09T11:51:55.709+0000] {processor.py:186} INFO - Started process (PID=813) to work on /opt/airflow/dags/news_pipeline_dag.py
[2026-05-09T11:51:55.711+0000] {processor.py:914} INFO - Processing file /opt/airflow/dags/news_pipeline_dag.py for tasks to queue
[2026-05-09T11:51:55.714+0000] {logging_mixin.py:190} INFO - [2026-05-09T11:51:55.714+0000] {dagbag.py:588} INFO - Filling up the DagBag from /opt/airflow/dags/news_pipeline_dag.py
[2026-05-09T11:51:55.748+0000] {processor.py:925} INFO - DAG(s) 'news_data_architecture_pipeline' retrieved from /opt/airflow/dags/news_pipeline_dag.py
[2026-05-09T11:51:55.783+0000] {logging_mixin.py:190} INFO - [2026-05-09T11:51:55.783+0000] {dag.py:3239} INFO - Sync 1 DAGs
[2026-05-09T11:51:55.814+0000] {logging_mixin.py:190} INFO - [2026-05-09T11:51:55.814+0000] {dag.py:4180} INFO - Setting next_dagrun for news_data_architecture_pipeline to 2026-05-09 10:00:00+00:00, run_after=2026-05-09 11:00:00+00:00
[2026-05-09T11:51:55.846+0000] {processor.py:208} INFO - Processing /opt/airflow/dags/news_pipeline_dag.py took 0.145 seconds
[2026-05-09T13:38:56.272+0000] {processor.py:186} INFO - Started process (PID=823) to work on /opt/airflow/dags/news_pipeline_dag.py
[2026-05-09T13:38:56.320+0000] {processor.py:914} INFO - Processing file /opt/airflow/dags/news_pipeline_dag.py for tasks to queue
[2026-05-09T13:38:56.392+0000] {logging_mixin.py:190} INFO - [2026-05-09T13:38:56.391+0000] {dagbag.py:588} INFO - Filling up the DagBag from /opt/airflow/dags/news_pipeline_dag.py
[2026-05-09T13:38:56.506+0000] {processor.py:925} INFO - DAG(s) 'news_data_architecture_pipeline' retrieved from /opt/airflow/dags/news_pipeline_dag.py
[2026-05-09T13:38:56.792+0000] {logging_mixin.py:190} INFO - [2026-05-09T13:38:56.791+0000] {dag.py:3239} INFO - Sync 1 DAGs
[2026-05-09T13:38:56.908+0000] {logging_mixin.py:190} INFO - [2026-05-09T13:38:56.908+0000] {dag.py:4180} INFO - Setting next_dagrun for news_data_architecture_pipeline to 2026-05-09 12:00:00+00:00, run_after=2026-05-09 13:00:00+00:00
[2026-05-09T13:38:57.305+0000] {processor.py:208} INFO - Processing /opt/airflow/dags/news_pipeline_dag.py took 1.057 seconds
[2026-05-09T13:39:30.003+0000] {processor.py:186} INFO - Started process (PID=872) to work on /opt/airflow/dags/news_pipeline_dag.py
[2026-05-09T13:39:30.024+0000] {processor.py:914} INFO - Processing file /opt/airflow/dags/news_pipeline_dag.py for tasks to queue
[2026-05-09T13:39:30.122+0000] {logging_mixin.py:190} INFO - [2026-05-09T13:39:30.119+0000] {dagbag.py:588} INFO - Filling up the DagBag from /opt/airflow/dags/news_pipeline_dag.py
[2026-05-09T13:39:30.357+0000] {processor.py:925} INFO - DAG(s) 'news_data_architecture_pipeline' retrieved from /opt/airflow/dags/news_pipeline_dag.py
[2026-05-09T13:39:31.080+0000] {logging_mixin.py:190} INFO - [2026-05-09T13:39:31.078+0000] {dag.py:3239} INFO - Sync 1 DAGs
[2026-05-09T13:39:31.825+0000] {logging_mixin.py:190} INFO - [2026-05-09T13:39:31.825+0000] {dag.py:4180} INFO - Setting next_dagrun for news_data_architecture_pipeline to 2026-05-09 12:00:00+00:00, run_after=2026-05-09 13:00:00+00:00
[2026-05-09T13:39:31.892+0000] {processor.py:208} INFO - Processing /opt/airflow/dags/news_pipeline_dag.py took 2.029 seconds
[2026-05-09T13:50:16.559+0000] {processor.py:186} INFO - Started process (PID=185) to work on /opt/airflow/dags/news_pipeline_dag.py
[2026-05-09T13:50:16.577+0000] {processor.py:914} INFO - Processing file /opt/airflow/dags/news_pipeline_dag.py for tasks to queue
[2026-05-09T13:50:16.583+0000] {logging_mixin.py:190} INFO - [2026-05-09T13:50:16.583+0000] {dagbag.py:588} INFO - Filling up the DagBag from /opt/airflow/dags/news_pipeline_dag.py
[2026-05-09T13:50:16.667+0000] {processor.py:925} INFO - DAG(s) 'news_data_architecture_pipeline' retrieved from /opt/airflow/dags/news_pipeline_dag.py
[2026-05-09T13:50:16.717+0000] {logging_mixin.py:190} INFO - [2026-05-09T13:50:16.717+0000] {dag.py:3239} INFO - Sync 1 DAGs
[2026-05-09T13:50:16.774+0000] {logging_mixin.py:190} INFO - [2026-05-09T13:50:16.774+0000] {dag.py:4180} INFO - Setting next_dagrun for news_data_architecture_pipeline to 2026-05-09 12:00:00+00:00, run_after=2026-05-09 13:00:00+00:00
[2026-05-09T13:50:16.816+0000] {processor.py:208} INFO - Processing /opt/airflow/dags/news_pipeline_dag.py took 0.264 seconds
[2026-05-09T13:50:48.650+0000] {processor.py:186} INFO - Started process (PID=273) to work on /opt/airflow/dags/news_pipeline_dag.py
[2026-05-09T13:50:48.651+0000] {processor.py:914} INFO - Processing file /opt/airflow/dags/news_pipeline_dag.py for tasks to queue
[2026-05-09T13:50:48.673+0000] {logging_mixin.py:190} INFO - [2026-05-09T13:50:48.672+0000] {dagbag.py:588} INFO - Filling up the DagBag from /opt/airflow/dags/news_pipeline_dag.py
[2026-05-09T13:50:48.775+0000] {processor.py:925} INFO - DAG(s) 'news_data_architecture_pipeline' retrieved from /opt/airflow/dags/news_pipeline_dag.py
[2026-05-09T13:50:48.809+0000] {logging_mixin.py:190} INFO - [2026-05-09T13:50:48.809+0000] {dag.py:3239} INFO - Sync 1 DAGs
[2026-05-09T13:50:48.831+0000] {logging_mixin.py:190} INFO - [2026-05-09T13:50:48.831+0000] {dag.py:4180} INFO - Setting next_dagrun for news_data_architecture_pipeline to 2026-05-09 12:00:00+00:00, run_after=2026-05-09 13:00:00+00:00
[2026-05-09T13:50:48.854+0000] {processor.py:208} INFO - Processing /opt/airflow/dags/news_pipeline_dag.py took 0.215 seconds
[2026-05-09T13:51:31.514+0000] {processor.py:186} INFO - Started process (PID=285) to work on /opt/airflow/dags/news_pipeline_dag.py
[2026-05-09T13:51:31.516+0000] {processor.py:914} INFO - Processing file /opt/airflow/dags/news_pipeline_dag.py for tasks to queue
[2026-05-09T13:51:31.517+0000] {logging_mixin.py:190} INFO - [2026-05-09T13:51:31.517+0000] {dagbag.py:588} INFO - Filling up the DagBag from /opt/airflow/dags/news_pipeline_dag.py
[2026-05-09T13:51:32.012+0000] {processor.py:925} INFO - DAG(s) 'news_data_architecture_pipeline' retrieved from /opt/airflow/dags/news_pipeline_dag.py
[2026-05-09T13:51:32.806+0000] {logging_mixin.py:190} INFO - [2026-05-09T13:51:32.804+0000] {dag.py:3239} INFO - Sync 1 DAGs
[2026-05-09T13:51:33.233+0000] {logging_mixin.py:190} INFO - [2026-05-09T13:51:33.232+0000] {dag.py:4180} INFO - Setting next_dagrun for news_data_architecture_pipeline to 2026-05-09 12:00:00+00:00, run_after=2026-05-09 13:00:00+00:00
[2026-05-09T13:51:33.386+0000] {processor.py:208} INFO - Processing /opt/airflow/dags/news_pipeline_dag.py took 2.696 seconds
[2026-05-09T13:52:05.030+0000] {processor.py:186} INFO - Started process (PID=374) to work on /opt/airflow/dags/news_pipeline_dag.py
[2026-05-09T13:52:05.074+0000] {processor.py:914} INFO - Processing file /opt/airflow/dags/news_pipeline_dag.py for tasks to queue
[2026-05-09T13:52:05.077+0000] {logging_mixin.py:190} INFO - [2026-05-09T13:52:05.076+0000] {dagbag.py:588} INFO - Filling up the DagBag from /opt/airflow/dags/news_pipeline_dag.py
[2026-05-09T13:52:05.349+0000] {processor.py:925} INFO - DAG(s) 'news_data_architecture_pipeline' retrieved from /opt/airflow/dags/news_pipeline_dag.py
[2026-05-09T13:52:05.419+0000] {logging_mixin.py:190} INFO - [2026-05-09T13:52:05.419+0000] {dag.py:3239} INFO - Sync 1 DAGs
[2026-05-09T13:52:05.784+0000] {logging_mixin.py:190} INFO - [2026-05-09T13:52:05.784+0000] {dag.py:4180} INFO - Setting next_dagrun for news_data_architecture_pipeline to 2026-05-09 12:00:00+00:00, run_after=2026-05-09 13:00:00+00:00
[2026-05-09T13:52:05.849+0000] {processor.py:208} INFO - Processing /opt/airflow/dags/news_pipeline_dag.py took 0.827 seconds
[2026-05-09T13:52:42.753+0000] {processor.py:186} INFO - Started process (PID=425) to work on /opt/airflow/dags/news_pipeline_dag.py
[2026-05-09T13:52:43.280+0000] {processor.py:914} INFO - Processing file /opt/airflow/dags/news_pipeline_dag.py for tasks to queue
[2026-05-09T13:52:43.284+0000] {logging_mixin.py:190} INFO - [2026-05-09T13:52:43.283+0000] {dagbag.py:588} INFO - Filling up the DagBag from /opt/airflow/dags/news_pipeline_dag.py
[2026-05-09T13:52:44.865+0000] {processor.py:925} INFO - DAG(s) 'news_data_architecture_pipeline' retrieved from /opt/airflow/dags/news_pipeline_dag.py
[2026-05-09T13:52:44.894+0000] {logging_mixin.py:190} INFO - [2026-05-09T13:52:44.893+0000] {dag.py:3239} INFO - Sync 1 DAGs
[2026-05-09T13:52:44.913+0000] {logging_mixin.py:190} INFO - [2026-05-09T13:52:44.913+0000] {dag.py:4180} INFO - Setting next_dagrun for news_data_architecture_pipeline to 2026-05-09 12:00:00+00:00, run_after=2026-05-09 13:00:00+00:00
[2026-05-09T13:52:56.567+0000] {processor.py:208} INFO - Processing /opt/airflow/dags/news_pipeline_dag.py took 13.820 seconds
[2026-05-09T13:53:26.935+0000] {processor.py:186} INFO - Started process (PID=435) to work on /opt/airflow/dags/news_pipeline_dag.py
[2026-05-09T13:53:26.937+0000] {processor.py:914} INFO - Processing file /opt/airflow/dags/news_pipeline_dag.py for tasks to queue
[2026-05-09T13:53:26.938+0000] {logging_mixin.py:190} INFO - [2026-05-09T13:53:26.938+0000] {dagbag.py:588} INFO - Filling up the DagBag from /opt/airflow/dags/news_pipeline_dag.py
[2026-05-09T13:53:26.957+0000] {processor.py:925} INFO - DAG(s) 'news_data_architecture_pipeline' retrieved from /opt/airflow/dags/news_pipeline_dag.py
[2026-05-09T13:53:26.995+0000] {logging_mixin.py:190} INFO - [2026-05-09T13:53:26.995+0000] {dag.py:3239} INFO - Sync 1 DAGs
[2026-05-09T13:53:27.108+0000] {logging_mixin.py:190} INFO - [2026-05-09T13:53:27.108+0000] {dag.py:4180} INFO - Setting next_dagrun for news_data_architecture_pipeline to 2026-05-09 12:00:00+00:00, run_after=2026-05-09 13:00:00+00:00
[2026-05-09T13:53:27.150+0000] {processor.py:208} INFO - Processing /opt/airflow/dags/news_pipeline_dag.py took 0.224 seconds
[2026-05-09T13:53:57.757+0000] {processor.py:186} INFO - Started process (PID=445) to work on /opt/airflow/dags/news_pipeline_dag.py
[2026-05-09T13:53:57.805+0000] {processor.py:914} INFO - Processing file /opt/airflow/dags/news_pipeline_dag.py for tasks to queue
[2026-05-09T13:53:57.807+0000] {logging_mixin.py:190} INFO - [2026-05-09T13:53:57.806+0000] {dagbag.py:588} INFO - Filling up the DagBag from /opt/airflow/dags/news_pipeline_dag.py
[2026-05-09T13:53:57.887+0000] {processor.py:925} INFO - DAG(s) 'news_data_architecture_pipeline' retrieved from /opt/airflow/dags/news_pipeline_dag.py
[2026-05-09T13:53:57.914+0000] {logging_mixin.py:190} INFO - [2026-05-09T13:53:57.914+0000] {dag.py:3239} INFO - Sync 1 DAGs
[2026-05-09T13:53:57.942+0000] {logging_mixin.py:190} INFO - [2026-05-09T13:53:57.942+0000] {dag.py:4180} INFO - Setting next_dagrun for news_data_architecture_pipeline to 2026-05-09 12:00:00+00:00, run_after=2026-05-09 13:00:00+00:00
[2026-05-09T13:53:58.245+0000] {processor.py:208} INFO - Processing /opt/airflow/dags/news_pipeline_dag.py took 0.493 seconds
[2026-05-09T13:54:32.926+0000] {processor.py:186} INFO - Started process (PID=455) to work on /opt/airflow/dags/news_pipeline_dag.py
[2026-05-09T13:54:32.927+0000] {processor.py:914} INFO - Processing file /opt/airflow/dags/news_pipeline_dag.py for tasks to queue
[2026-05-09T13:54:32.929+0000] {logging_mixin.py:190} INFO - [2026-05-09T13:54:32.929+0000] {dagbag.py:588} INFO - Filling up the DagBag from /opt/airflow/dags/news_pipeline_dag.py
[2026-05-09T13:54:36.168+0000] {processor.py:925} INFO - DAG(s) 'news_data_architecture_pipeline' retrieved from /opt/airflow/dags/news_pipeline_dag.py
[2026-05-09T13:54:36.440+0000] {logging_mixin.py:190} INFO - [2026-05-09T13:54:36.440+0000] {dag.py:3239} INFO - Sync 1 DAGs
[2026-05-09T13:54:37.008+0000] {logging_mixin.py:190} INFO - [2026-05-09T13:54:37.008+0000] {dag.py:4180} INFO - Setting next_dagrun for news_data_architecture_pipeline to 2026-05-09 12:00:00+00:00, run_after=2026-05-09 13:00:00+00:00
[2026-05-09T13:54:43.696+0000] {processor.py:208} INFO - Processing /opt/airflow/dags/news_pipeline_dag.py took 10.775 seconds
[2026-05-09T13:55:14.783+0000] {processor.py:186} INFO - Started process (PID=465) to work on /opt/airflow/dags/news_pipeline_dag.py
[2026-05-09T13:55:14.784+0000] {processor.py:914} INFO - Processing file /opt/airflow/dags/news_pipeline_dag.py for tasks to queue
[2026-05-09T13:55:14.786+0000] {logging_mixin.py:190} INFO - [2026-05-09T13:55:14.785+0000] {dagbag.py:588} INFO - Filling up the DagBag from /opt/airflow/dags/news_pipeline_dag.py
[2026-05-09T13:55:14.802+0000] {processor.py:925} INFO - DAG(s) 'news_data_architecture_pipeline' retrieved from /opt/airflow/dags/news_pipeline_dag.py
[2026-05-09T13:55:14.829+0000] {logging_mixin.py:190} INFO - [2026-05-09T13:55:14.829+0000] {dag.py:3239} INFO - Sync 1 DAGs
[2026-05-09T13:55:14.850+0000] {logging_mixin.py:190} INFO - [2026-05-09T13:55:14.849+0000] {dag.py:4180} INFO - Setting next_dagrun for news_data_architecture_pipeline to 2026-05-09 12:00:00+00:00, run_after=2026-05-09 13:00:00+00:00
[2026-05-09T13:55:14.871+0000] {processor.py:208} INFO - Processing /opt/airflow/dags/news_pipeline_dag.py took 0.095 seconds
[2026-05-09T13:55:45.288+0000] {processor.py:186} INFO - Started process (PID=475) to work on /opt/airflow/dags/news_pipeline_dag.py
[2026-05-09T13:55:45.289+0000] {processor.py:914} INFO - Processing file /opt/airflow/dags/news_pipeline_dag.py for tasks to queue
[2026-05-09T13:55:45.290+0000] {logging_mixin.py:190} INFO - [2026-05-09T13:55:45.290+0000] {dagbag.py:588} INFO - Filling up the DagBag from /opt/airflow/dags/news_pipeline_dag.py
[2026-05-09T13:55:45.304+0000] {processor.py:925} INFO - DAG(s) 'news_data_architecture_pipeline' retrieved from /opt/airflow/dags/news_pipeline_dag.py
[2026-05-09T13:55:45.329+0000] {logging_mixin.py:190} INFO - [2026-05-09T13:55:45.328+0000] {dag.py:3239} INFO - Sync 1 DAGs
[2026-05-09T13:55:45.352+0000] {logging_mixin.py:190} INFO - [2026-05-09T13:55:45.352+0000] {dag.py:4180} INFO - Setting next_dagrun for news_data_architecture_pipeline to 2026-05-09 12:00:00+00:00, run_after=2026-05-09 13:00:00+00:00
[2026-05-09T13:55:45.373+0000] {processor.py:208} INFO - Processing /opt/airflow/dags/news_pipeline_dag.py took 0.091 seconds
[2026-05-09T13:56:15.631+0000] {processor.py:186} INFO - Started process (PID=485) to work on /opt/airflow/dags/news_pipeline_dag.py
[2026-05-09T13:56:15.643+0000] {processor.py:914} INFO - Processing file /opt/airflow/dags/news_pipeline_dag.py for tasks to queue
[2026-05-09T13:56:15.661+0000] {logging_mixin.py:190} INFO - [2026-05-09T13:56:15.651+0000] {dagbag.py:588} INFO - Filling up the DagBag from /opt/airflow/dags/news_pipeline_dag.py
[2026-05-09T13:56:15.689+0000] {processor.py:925} INFO - DAG(s) 'news_data_architecture_pipeline' retrieved from /opt/airflow/dags/news_pipeline_dag.py
[2026-05-09T13:56:15.719+0000] {logging_mixin.py:190} INFO - [2026-05-09T13:56:15.718+0000] {dag.py:3239} INFO - Sync 1 DAGs
[2026-05-09T13:56:15.746+0000] {logging_mixin.py:190} INFO - [2026-05-09T13:56:15.746+0000] {dag.py:4180} INFO - Setting next_dagrun for news_data_architecture_pipeline to 2026-05-09 12:00:00+00:00, run_after=2026-05-09 13:00:00+00:00
[2026-05-09T13:56:15.794+0000] {processor.py:208} INFO - Processing /opt/airflow/dags/news_pipeline_dag.py took 0.189 seconds
[2026-05-09T13:56:46.769+0000] {processor.py:186} INFO - Started process (PID=495) to work on /opt/airflow/dags/news_pipeline_dag.py
[2026-05-09T13:56:46.770+0000] {processor.py:914} INFO - Processing file /opt/airflow/dags/news_pipeline_dag.py for tasks to queue
[2026-05-09T13:56:46.772+0000] {logging_mixin.py:190} INFO - [2026-05-09T13:56:46.771+0000] {dagbag.py:588} INFO - Filling up the DagBag from /opt/airflow/dags/news_pipeline_dag.py
[2026-05-09T13:56:46.788+0000] {processor.py:925} INFO - DAG(s) 'news_data_architecture_pipeline' retrieved from /opt/airflow/dags/news_pipeline_dag.py
[2026-05-09T13:56:48.345+0000] {logging_mixin.py:190} INFO - [2026-05-09T13:56:48.345+0000] {dag.py:3239} INFO - Sync 1 DAGs
[2026-05-09T13:56:48.364+0000] {logging_mixin.py:190} INFO - [2026-05-09T13:56:48.364+0000] {dag.py:4180} INFO - Setting next_dagrun for news_data_architecture_pipeline to 2026-05-09 12:00:00+00:00, run_after=2026-05-09 13:00:00+00:00
[2026-05-09T13:56:48.896+0000] {processor.py:208} INFO - Processing /opt/airflow/dags/news_pipeline_dag.py took 2.135 seconds
[2026-05-09T13:57:19.361+0000] {processor.py:186} INFO - Started process (PID=535) to work on /opt/airflow/dags/news_pipeline_dag.py
[2026-05-09T13:57:19.363+0000] {processor.py:914} INFO - Processing file /opt/airflow/dags/news_pipeline_dag.py for tasks to queue
[2026-05-09T13:57:19.365+0000] {logging_mixin.py:190} INFO - [2026-05-09T13:57:19.365+0000] {dagbag.py:588} INFO - Filling up the DagBag from /opt/airflow/dags/news_pipeline_dag.py
[2026-05-09T13:57:19.390+0000] {processor.py:925} INFO - DAG(s) 'news_data_architecture_pipeline' retrieved from /opt/airflow/dags/news_pipeline_dag.py
[2026-05-09T13:57:19.427+0000] {logging_mixin.py:190} INFO - [2026-05-09T13:57:19.427+0000] {dag.py:3239} INFO - Sync 1 DAGs
[2026-05-09T13:57:19.516+0000] {logging_mixin.py:190} INFO - [2026-05-09T13:57:19.515+0000] {dag.py:4180} INFO - Setting next_dagrun for news_data_architecture_pipeline to 2026-05-09 12:00:00+00:00, run_after=2026-05-09 13:00:00+00:00
[2026-05-09T13:57:19.579+0000] {processor.py:208} INFO - Processing /opt/airflow/dags/news_pipeline_dag.py took 0.230 seconds
[2026-05-09T13:57:54.482+0000] {processor.py:186} INFO - Started process (PID=565) to work on /opt/airflow/dags/news_pipeline_dag.py
[2026-05-09T13:57:54.483+0000] {processor.py:914} INFO - Processing file /opt/airflow/dags/news_pipeline_dag.py for tasks to queue
[2026-05-09T13:57:54.485+0000] {logging_mixin.py:190} INFO - [2026-05-09T13:57:54.484+0000] {dagbag.py:588} INFO - Filling up the DagBag from /opt/airflow/dags/news_pipeline_dag.py
[2026-05-09T13:57:55.010+0000] {processor.py:925} INFO - DAG(s) 'news_data_architecture_pipeline' retrieved from /opt/airflow/dags/news_pipeline_dag.py
[2026-05-09T13:57:56.031+0000] {logging_mixin.py:190} INFO - [2026-05-09T13:57:56.031+0000] {dag.py:3239} INFO - Sync 1 DAGs
[2026-05-09T13:57:56.310+0000] {logging_mixin.py:190} INFO - [2026-05-09T13:57:56.309+0000] {dag.py:4180} INFO - Setting next_dagrun for news_data_architecture_pipeline to 2026-05-09 12:00:00+00:00, run_after=2026-05-09 13:00:00+00:00
[2026-05-09T13:57:59.497+0000] {processor.py:208} INFO - Processing /opt/airflow/dags/news_pipeline_dag.py took 5.025 seconds
[2026-05-09T13:58:30.312+0000] {processor.py:186} INFO - Started process (PID=613) to work on /opt/airflow/dags/news_pipeline_dag.py
[2026-05-09T13:58:30.315+0000] {processor.py:914} INFO - Processing file /opt/airflow/dags/news_pipeline_dag.py for tasks to queue
[2026-05-09T13:58:30.317+0000] {logging_mixin.py:190} INFO - [2026-05-09T13:58:30.316+0000] {dagbag.py:588} INFO - Filling up the DagBag from /opt/airflow/dags/news_pipeline_dag.py
[2026-05-09T13:58:30.338+0000] {processor.py:925} INFO - DAG(s) 'news_data_architecture_pipeline' retrieved from /opt/airflow/dags/news_pipeline_dag.py
[2026-05-09T13:58:30.381+0000] {logging_mixin.py:190} INFO - [2026-05-09T13:58:30.380+0000] {dag.py:3239} INFO - Sync 1 DAGs
[2026-05-09T13:58:30.416+0000] {logging_mixin.py:190} INFO - [2026-05-09T13:58:30.416+0000] {dag.py:4180} INFO - Setting next_dagrun for news_data_architecture_pipeline to 2026-05-09 12:00:00+00:00, run_after=2026-05-09 13:00:00+00:00
[2026-05-09T13:58:30.444+0000] {processor.py:208} INFO - Processing /opt/airflow/dags/news_pipeline_dag.py took 0.143 seconds
[2026-05-09T13:59:00.784+0000] {processor.py:186} INFO - Started process (PID=623) to work on /opt/airflow/dags/news_pipeline_dag.py
[2026-05-09T13:59:00.786+0000] {processor.py:914} INFO - Processing file /opt/airflow/dags/news_pipeline_dag.py for tasks to queue
[2026-05-09T13:59:00.788+0000] {logging_mixin.py:190} INFO - [2026-05-09T13:59:00.787+0000] {dagbag.py:588} INFO - Filling up the DagBag from /opt/airflow/dags/news_pipeline_dag.py
[2026-05-09T13:59:00.808+0000] {processor.py:925} INFO - DAG(s) 'news_data_architecture_pipeline' retrieved from /opt/airflow/dags/news_pipeline_dag.py
[2026-05-09T13:59:00.848+0000] {logging_mixin.py:190} INFO - [2026-05-09T13:59:00.848+0000] {dag.py:3239} INFO - Sync 1 DAGs
[2026-05-09T13:59:00.870+0000] {logging_mixin.py:190} INFO - [2026-05-09T13:59:00.869+0000] {dag.py:4180} INFO - Setting next_dagrun for news_data_architecture_pipeline to 2026-05-09 12:00:00+00:00, run_after=2026-05-09 13:00:00+00:00
[2026-05-09T13:59:00.890+0000] {processor.py:208} INFO - Processing /opt/airflow/dags/news_pipeline_dag.py took 0.116 seconds
[2026-05-09T13:59:31.226+0000] {processor.py:186} INFO - Started process (PID=633) to work on /opt/airflow/dags/news_pipeline_dag.py
[2026-05-09T13:59:31.228+0000] {processor.py:914} INFO - Processing file /opt/airflow/dags/news_pipeline_dag.py for tasks to queue
[2026-05-09T13:59:31.229+0000] {logging_mixin.py:190} INFO - [2026-05-09T13:59:31.229+0000] {dagbag.py:588} INFO - Filling up the DagBag from /opt/airflow/dags/news_pipeline_dag.py
[2026-05-09T13:59:31.266+0000] {processor.py:925} INFO - DAG(s) 'news_data_architecture_pipeline' retrieved from /opt/airflow/dags/news_pipeline_dag.py
[2026-05-09T13:59:31.294+0000] {logging_mixin.py:190} INFO - [2026-05-09T13:59:31.294+0000] {dag.py:3239} INFO - Sync 1 DAGs
[2026-05-09T13:59:31.314+0000] {logging_mixin.py:190} INFO - [2026-05-09T13:59:31.314+0000] {dag.py:4180} INFO - Setting next_dagrun for news_data_architecture_pipeline to 2026-05-09 12:00:00+00:00, run_after=2026-05-09 13:00:00+00:00
[2026-05-09T13:59:31.346+0000] {processor.py:208} INFO - Processing /opt/airflow/dags/news_pipeline_dag.py took 0.125 seconds
[2026-05-09T14:00:01.719+0000] {processor.py:186} INFO - Started process (PID=669) to work on /opt/airflow/dags/news_pipeline_dag.py
[2026-05-09T14:00:01.721+0000] {processor.py:914} INFO - Processing file /opt/airflow/dags/news_pipeline_dag.py for tasks to queue
[2026-05-09T14:00:01.723+0000] {logging_mixin.py:190} INFO - [2026-05-09T14:00:01.722+0000] {dagbag.py:588} INFO - Filling up the DagBag from /opt/airflow/dags/news_pipeline_dag.py
[2026-05-09T14:00:01.743+0000] {processor.py:925} INFO - DAG(s) 'news_data_architecture_pipeline' retrieved from /opt/airflow/dags/news_pipeline_dag.py
[2026-05-09T14:00:01.787+0000] {logging_mixin.py:190} INFO - [2026-05-09T14:00:01.786+0000] {dag.py:3239} INFO - Sync 1 DAGs
[2026-05-09T14:00:01.896+0000] {logging_mixin.py:190} INFO - [2026-05-09T14:00:01.895+0000] {dag.py:4180} INFO - Setting next_dagrun for news_data_architecture_pipeline to 2026-05-09 13:00:00+00:00, run_after=2026-05-09 14:00:00+00:00
[2026-05-09T14:00:01.924+0000] {processor.py:208} INFO - Processing /opt/airflow/dags/news_pipeline_dag.py took 0.214 seconds
[2026-05-09T14:00:32.625+0000] {processor.py:186} INFO - Started process (PID=716) to work on /opt/airflow/dags/news_pipeline_dag.py
[2026-05-09T14:00:32.627+0000] {processor.py:914} INFO - Processing file /opt/airflow/dags/news_pipeline_dag.py for tasks to queue
[2026-05-09T14:00:32.628+0000] {logging_mixin.py:190} INFO - [2026-05-09T14:00:32.628+0000] {dagbag.py:588} INFO - Filling up the DagBag from /opt/airflow/dags/news_pipeline_dag.py
[2026-05-09T14:00:32.647+0000] {processor.py:925} INFO - DAG(s) 'news_data_architecture_pipeline' retrieved from /opt/airflow/dags/news_pipeline_dag.py
[2026-05-09T14:00:32.684+0000] {logging_mixin.py:190} INFO - [2026-05-09T14:00:32.683+0000] {dag.py:3239} INFO - Sync 1 DAGs
[2026-05-09T14:00:41.638+0000] {logging_mixin.py:190} INFO - [2026-05-09T14:00:41.638+0000] {dag.py:4180} INFO - Setting next_dagrun for news_data_architecture_pipeline to 2026-05-09 13:00:00+00:00, run_after=2026-05-09 14:00:00+00:00
[2026-05-09T14:00:44.453+0000] {processor.py:208} INFO - Processing /opt/airflow/dags/news_pipeline_dag.py took 11.836 seconds
[2026-05-09T14:01:15.198+0000] {processor.py:186} INFO - Started process (PID=890) to work on /opt/airflow/dags/news_pipeline_dag.py
[2026-05-09T14:01:15.289+0000] {processor.py:914} INFO - Processing file /opt/airflow/dags/news_pipeline_dag.py for tasks to queue
[2026-05-09T14:01:15.294+0000] {logging_mixin.py:190} INFO - [2026-05-09T14:01:15.294+0000] {dagbag.py:588} INFO - Filling up the DagBag from /opt/airflow/dags/news_pipeline_dag.py
[2026-05-09T14:01:15.397+0000] {processor.py:925} INFO - DAG(s) 'news_data_architecture_pipeline' retrieved from /opt/airflow/dags/news_pipeline_dag.py
[2026-05-09T14:01:15.430+0000] {logging_mixin.py:190} INFO - [2026-05-09T14:01:15.429+0000] {dag.py:3239} INFO - Sync 1 DAGs
[2026-05-09T14:01:15.450+0000] {logging_mixin.py:190} INFO - [2026-05-09T14:01:15.450+0000] {dag.py:4180} INFO - Setting next_dagrun for news_data_architecture_pipeline to 2026-05-09 13:00:00+00:00, run_after=2026-05-09 14:00:00+00:00
[2026-05-09T14:01:15.768+0000] {processor.py:208} INFO - Processing /opt/airflow/dags/news_pipeline_dag.py took 0.578 seconds
[2026-05-09T14:01:46.136+0000] {processor.py:186} INFO - Started process (PID=900) to work on /opt/airflow/dags/news_pipeline_dag.py
[2026-05-09T14:01:46.137+0000] {processor.py:914} INFO - Processing file /opt/airflow/dags/news_pipeline_dag.py for tasks to queue
[2026-05-09T14:01:46.139+0000] {logging_mixin.py:190} INFO - [2026-05-09T14:01:46.139+0000] {dagbag.py:588} INFO - Filling up the DagBag from /opt/airflow/dags/news_pipeline_dag.py
[2026-05-09T14:01:46.158+0000] {processor.py:925} INFO - DAG(s) 'news_data_architecture_pipeline' retrieved from /opt/airflow/dags/news_pipeline_dag.py
[2026-05-09T14:01:46.194+0000] {logging_mixin.py:190} INFO - [2026-05-09T14:01:46.194+0000] {dag.py:3239} INFO - Sync 1 DAGs
[2026-05-09T14:01:46.219+0000] {logging_mixin.py:190} INFO - [2026-05-09T14:01:46.219+0000] {dag.py:4180} INFO - Setting next_dagrun for news_data_architecture_pipeline to 2026-05-09 13:00:00+00:00, run_after=2026-05-09 14:00:00+00:00
[2026-05-09T14:01:46.238+0000] {processor.py:208} INFO - Processing /opt/airflow/dags/news_pipeline_dag.py took 0.115 seconds
[2026-05-09T14:02:16.564+0000] {processor.py:186} INFO - Started process (PID=910) to work on /opt/airflow/dags/news_pipeline_dag.py
[2026-05-09T14:02:16.565+0000] {processor.py:914} INFO - Processing file /opt/airflow/dags/news_pipeline_dag.py for tasks to queue
[2026-05-09T14:02:16.566+0000] {logging_mixin.py:190} INFO - [2026-05-09T14:02:16.566+0000] {dagbag.py:588} INFO - Filling up the DagBag from /opt/airflow/dags/news_pipeline_dag.py
[2026-05-09T14:02:16.582+0000] {processor.py:925} INFO - DAG(s) 'news_data_architecture_pipeline' retrieved from /opt/airflow/dags/news_pipeline_dag.py
[2026-05-09T14:02:16.614+0000] {logging_mixin.py:190} INFO - [2026-05-09T14:02:16.614+0000] {dag.py:3239} INFO - Sync 1 DAGs
[2026-05-09T14:02:16.637+0000] {logging_mixin.py:190} INFO - [2026-05-09T14:02:16.636+0000] {dag.py:4180} INFO - Setting next_dagrun for news_data_architecture_pipeline to 2026-05-09 13:00:00+00:00, run_after=2026-05-09 14:00:00+00:00
[2026-05-09T14:02:16.663+0000] {processor.py:208} INFO - Processing /opt/airflow/dags/news_pipeline_dag.py took 0.105 seconds
[2026-05-09T14:02:46.938+0000] {processor.py:186} INFO - Started process (PID=920) to work on /opt/airflow/dags/news_pipeline_dag.py
[2026-05-09T14:02:46.940+0000] {processor.py:914} INFO - Processing file /opt/airflow/dags/news_pipeline_dag.py for tasks to queue
[2026-05-09T14:02:46.942+0000] {logging_mixin.py:190} INFO - [2026-05-09T14:02:46.942+0000] {dagbag.py:588} INFO - Filling up the DagBag from /opt/airflow/dags/news_pipeline_dag.py
[2026-05-09T14:02:46.959+0000] {processor.py:925} INFO - DAG(s) 'news_data_architecture_pipeline' retrieved from /opt/airflow/dags/news_pipeline_dag.py
[2026-05-09T14:02:46.986+0000] {logging_mixin.py:190} INFO - [2026-05-09T14:02:46.986+0000] {dag.py:3239} INFO - Sync 1 DAGs
[2026-05-09T14:02:47.007+0000] {logging_mixin.py:190} INFO - [2026-05-09T14:02:47.007+0000] {dag.py:4180} INFO - Setting next_dagrun for news_data_architecture_pipeline to 2026-05-09 13:00:00+00:00, run_after=2026-05-09 14:00:00+00:00
[2026-05-09T14:02:47.034+0000] {processor.py:208} INFO - Processing /opt/airflow/dags/news_pipeline_dag.py took 0.103 seconds
[2026-05-09T14:03:17.295+0000] {processor.py:186} INFO - Started process (PID=930) to work on /opt/airflow/dags/news_pipeline_dag.py
[2026-05-09T14:03:17.296+0000] {processor.py:914} INFO - Processing file /opt/airflow/dags/news_pipeline_dag.py for tasks to queue
[2026-05-09T14:03:17.298+0000] {logging_mixin.py:190} INFO - [2026-05-09T14:03:17.298+0000] {dagbag.py:588} INFO - Filling up the DagBag from /opt/airflow/dags/news_pipeline_dag.py
[2026-05-09T14:03:17.319+0000] {processor.py:925} INFO - DAG(s) 'news_data_architecture_pipeline' retrieved from /opt/airflow/dags/news_pipeline_dag.py
[2026-05-09T14:03:17.348+0000] {logging_mixin.py:190} INFO - [2026-05-09T14:03:17.348+0000] {dag.py:3239} INFO - Sync 1 DAGs
[2026-05-09T14:03:17.371+0000] {logging_mixin.py:190} INFO - [2026-05-09T14:03:17.370+0000] {dag.py:4180} INFO - Setting next_dagrun for news_data_architecture_pipeline to 2026-05-09 13:00:00+00:00, run_after=2026-05-09 14:00:00+00:00
[2026-05-09T14:03:17.391+0000] {processor.py:208} INFO - Processing /opt/airflow/dags/news_pipeline_dag.py took 0.104 seconds
[2026-05-09T14:03:47.751+0000] {processor.py:186} INFO - Started process (PID=940) to work on /opt/airflow/dags/news_pipeline_dag.py
[2026-05-09T14:03:47.752+0000] {processor.py:914} INFO - Processing file /opt/airflow/dags/news_pipeline_dag.py for tasks to queue
[2026-05-09T14:03:47.753+0000] {logging_mixin.py:190} INFO - [2026-05-09T14:03:47.753+0000] {dagbag.py:588} INFO - Filling up the DagBag from /opt/airflow/dags/news_pipeline_dag.py
[2026-05-09T14:03:47.770+0000] {processor.py:925} INFO - DAG(s) 'news_data_architecture_pipeline' retrieved from /opt/airflow/dags/news_pipeline_dag.py
[2026-05-09T14:03:47.798+0000] {logging_mixin.py:190} INFO - [2026-05-09T14:03:47.798+0000] {dag.py:3239} INFO - Sync 1 DAGs
[2026-05-09T14:03:47.818+0000] {logging_mixin.py:190} INFO - [2026-05-09T14:03:47.817+0000] {dag.py:4180} INFO - Setting next_dagrun for news_data_architecture_pipeline to 2026-05-09 13:00:00+00:00, run_after=2026-05-09 14:00:00+00:00
[2026-05-09T14:03:47.838+0000] {processor.py:208} INFO - Processing /opt/airflow/dags/news_pipeline_dag.py took 0.094 seconds
[2026-05-09T14:04:18.083+0000] {processor.py:186} INFO - Started process (PID=950) to work on /opt/airflow/dags/news_pipeline_dag.py
[2026-05-09T14:04:18.085+0000] {processor.py:914} INFO - Processing file /opt/airflow/dags/news_pipeline_dag.py for tasks to queue
[2026-05-09T14:04:18.088+0000] {logging_mixin.py:190} INFO - [2026-05-09T14:04:18.086+0000] {dagbag.py:588} INFO - Filling up the DagBag from /opt/airflow/dags/news_pipeline_dag.py
[2026-05-09T14:04:18.103+0000] {processor.py:925} INFO - DAG(s) 'news_data_architecture_pipeline' retrieved from /opt/airflow/dags/news_pipeline_dag.py
[2026-05-09T14:04:18.134+0000] {logging_mixin.py:190} INFO - [2026-05-09T14:04:18.133+0000] {dag.py:3239} INFO - Sync 1 DAGs
[2026-05-09T14:04:18.159+0000] {logging_mixin.py:190} INFO - [2026-05-09T14:04:18.159+0000] {dag.py:4180} INFO - Setting next_dagrun for news_data_architecture_pipeline to 2026-05-09 13:00:00+00:00, run_after=2026-05-09 14:00:00+00:00
[2026-05-09T14:04:18.179+0000] {processor.py:208} INFO - Processing /opt/airflow/dags/news_pipeline_dag.py took 0.104 seconds
[2026-05-09T14:04:48.276+0000] {processor.py:186} INFO - Started process (PID=960) to work on /opt/airflow/dags/news_pipeline_dag.py
[2026-05-09T14:04:48.278+0000] {processor.py:914} INFO - Processing file /opt/airflow/dags/news_pipeline_dag.py for tasks to queue
[2026-05-09T14:04:48.282+0000] {logging_mixin.py:190} INFO - [2026-05-09T14:04:48.281+0000] {dagbag.py:588} INFO - Filling up the DagBag from /opt/airflow/dags/news_pipeline_dag.py
[2026-05-09T14:04:48.305+0000] {processor.py:925} INFO - DAG(s) 'news_data_architecture_pipeline' retrieved from /opt/airflow/dags/news_pipeline_dag.py
[2026-05-09T14:04:48.353+0000] {logging_mixin.py:190} INFO - [2026-05-09T14:04:48.353+0000] {dag.py:3239} INFO - Sync 1 DAGs
[2026-05-09T14:04:48.385+0000] {logging_mixin.py:190} INFO - [2026-05-09T14:04:48.385+0000] {dag.py:4180} INFO - Setting next_dagrun for news_data_architecture_pipeline to 2026-05-09 13:00:00+00:00, run_after=2026-05-09 14:00:00+00:00
[2026-05-09T14:04:48.424+0000] {processor.py:208} INFO - Processing /opt/airflow/dags/news_pipeline_dag.py took 0.158 seconds
[2026-05-09T14:05:18.793+0000] {processor.py:186} INFO - Started process (PID=970) to work on /opt/airflow/dags/news_pipeline_dag.py
[2026-05-09T14:05:18.794+0000] {processor.py:914} INFO - Processing file /opt/airflow/dags/news_pipeline_dag.py for tasks to queue
[2026-05-09T14:05:18.796+0000] {logging_mixin.py:190} INFO - [2026-05-09T14:05:18.795+0000] {dagbag.py:588} INFO - Filling up the DagBag from /opt/airflow/dags/news_pipeline_dag.py
[2026-05-09T14:05:18.813+0000] {processor.py:925} INFO - DAG(s) 'news_data_architecture_pipeline' retrieved from /opt/airflow/dags/news_pipeline_dag.py
[2026-05-09T14:05:18.847+0000] {logging_mixin.py:190} INFO - [2026-05-09T14:05:18.846+0000] {dag.py:3239} INFO - Sync 1 DAGs
[2026-05-09T14:05:18.882+0000] {logging_mixin.py:190} INFO - [2026-05-09T14:05:18.882+0000] {dag.py:4180} INFO - Setting next_dagrun for news_data_architecture_pipeline to 2026-05-09 13:00:00+00:00, run_after=2026-05-09 14:00:00+00:00
[2026-05-09T14:05:18.915+0000] {processor.py:208} INFO - Processing /opt/airflow/dags/news_pipeline_dag.py took 0.128 seconds
[2026-05-09T14:05:49.122+0000] {processor.py:186} INFO - Started process (PID=980) to work on /opt/airflow/dags/news_pipeline_dag.py
[2026-05-09T14:05:49.123+0000] {processor.py:914} INFO - Processing file /opt/airflow/dags/news_pipeline_dag.py for tasks to queue
[2026-05-09T14:05:49.124+0000] {logging_mixin.py:190} INFO - [2026-05-09T14:05:49.124+0000] {dagbag.py:588} INFO - Filling up the DagBag from /opt/airflow/dags/news_pipeline_dag.py
[2026-05-09T14:05:49.140+0000] {processor.py:925} INFO - DAG(s) 'news_data_architecture_pipeline' retrieved from /opt/airflow/dags/news_pipeline_dag.py
[2026-05-09T14:05:49.173+0000] {logging_mixin.py:190} INFO - [2026-05-09T14:05:49.173+0000] {dag.py:3239} INFO - Sync 1 DAGs
[2026-05-09T14:05:49.198+0000] {logging_mixin.py:190} INFO - [2026-05-09T14:05:49.198+0000] {dag.py:4180} INFO - Setting next_dagrun for news_data_architecture_pipeline to 2026-05-09 13:00:00+00:00, run_after=2026-05-09 14:00:00+00:00
[2026-05-09T14:05:49.223+0000] {processor.py:208} INFO - Processing /opt/airflow/dags/news_pipeline_dag.py took 0.109 seconds
[2026-05-09T14:06:19.575+0000] {processor.py:186} INFO - Started process (PID=990) to work on /opt/airflow/dags/news_pipeline_dag.py
[2026-05-09T14:06:19.576+0000] {processor.py:914} INFO - Processing file /opt/airflow/dags/news_pipeline_dag.py for tasks to queue
[2026-05-09T14:06:19.577+0000] {logging_mixin.py:190} INFO - [2026-05-09T14:06:19.576+0000] {dagbag.py:588} INFO - Filling up the DagBag from /opt/airflow/dags/news_pipeline_dag.py
[2026-05-09T14:06:19.599+0000] {processor.py:925} INFO - DAG(s) 'news_data_architecture_pipeline' retrieved from /opt/airflow/dags/news_pipeline_dag.py
[2026-05-09T14:06:19.636+0000] {logging_mixin.py:190} INFO - [2026-05-09T14:06:19.635+0000] {dag.py:3239} INFO - Sync 1 DAGs
[2026-05-09T14:06:19.658+0000] {logging_mixin.py:190} INFO - [2026-05-09T14:06:19.658+0000] {dag.py:4180} INFO - Setting next_dagrun for news_data_architecture_pipeline to 2026-05-09 13:00:00+00:00, run_after=2026-05-09 14:00:00+00:00
[2026-05-09T14:06:19.683+0000] {processor.py:208} INFO - Processing /opt/airflow/dags/news_pipeline_dag.py took 0.114 seconds
[2026-05-09T14:06:49.972+0000] {processor.py:186} INFO - Started process (PID=1000) to work on /opt/airflow/dags/news_pipeline_dag.py
[2026-05-09T14:06:49.973+0000] {processor.py:914} INFO - Processing file /opt/airflow/dags/news_pipeline_dag.py for tasks to queue
[2026-05-09T14:06:49.974+0000] {logging_mixin.py:190} INFO - [2026-05-09T14:06:49.974+0000] {dagbag.py:588} INFO - Filling up the DagBag from /opt/airflow/dags/news_pipeline_dag.py
[2026-05-09T14:06:49.990+0000] {processor.py:925} INFO - DAG(s) 'news_data_architecture_pipeline' retrieved from /opt/airflow/dags/news_pipeline_dag.py
[2026-05-09T14:06:50.022+0000] {logging_mixin.py:190} INFO - [2026-05-09T14:06:50.021+0000] {dag.py:3239} INFO - Sync 1 DAGs
[2026-05-09T14:06:50.045+0000] {logging_mixin.py:190} INFO - [2026-05-09T14:06:50.045+0000] {dag.py:4180} INFO - Setting next_dagrun for news_data_architecture_pipeline to 2026-05-09 13:00:00+00:00, run_after=2026-05-09 14:00:00+00:00
[2026-05-09T14:06:50.068+0000] {processor.py:208} INFO - Processing /opt/airflow/dags/news_pipeline_dag.py took 0.102 seconds
[2026-05-09T14:07:20.354+0000] {processor.py:186} INFO - Started process (PID=1010) to work on /opt/airflow/dags/news_pipeline_dag.py
[2026-05-09T14:07:20.356+0000] {processor.py:914} INFO - Processing file /opt/airflow/dags/news_pipeline_dag.py for tasks to queue
[2026-05-09T14:07:20.358+0000] {logging_mixin.py:190} INFO - [2026-05-09T14:07:20.357+0000] {dagbag.py:588} INFO - Filling up the DagBag from /opt/airflow/dags/news_pipeline_dag.py
[2026-05-09T14:07:20.376+0000] {processor.py:925} INFO - DAG(s) 'news_data_architecture_pipeline' retrieved from /opt/airflow/dags/news_pipeline_dag.py
[2026-05-09T14:07:20.410+0000] {logging_mixin.py:190} INFO - [2026-05-09T14:07:20.409+0000] {dag.py:3239} INFO - Sync 1 DAGs
[2026-05-09T14:07:20.443+0000] {logging_mixin.py:190} INFO - [2026-05-09T14:07:20.443+0000] {dag.py:4180} INFO - Setting next_dagrun for news_data_architecture_pipeline to 2026-05-09 13:00:00+00:00, run_after=2026-05-09 14:00:00+00:00
[2026-05-09T14:07:20.474+0000] {processor.py:208} INFO - Processing /opt/airflow/dags/news_pipeline_dag.py took 0.128 seconds
[2026-05-09T14:07:50.896+0000] {processor.py:186} INFO - Started process (PID=1020) to work on /opt/airflow/dags/news_pipeline_dag.py
[2026-05-09T14:07:50.897+0000] {processor.py:914} INFO - Processing file /opt/airflow/dags/news_pipeline_dag.py for tasks to queue
[2026-05-09T14:07:50.899+0000] {logging_mixin.py:190} INFO - [2026-05-09T14:07:50.899+0000] {dagbag.py:588} INFO - Filling up the DagBag from /opt/airflow/dags/news_pipeline_dag.py
[2026-05-09T14:07:50.912+0000] {processor.py:925} INFO - DAG(s) 'news_data_architecture_pipeline' retrieved from /opt/airflow/dags/news_pipeline_dag.py
[2026-05-09T14:07:50.944+0000] {logging_mixin.py:190} INFO - [2026-05-09T14:07:50.944+0000] {dag.py:3239} INFO - Sync 1 DAGs
[2026-05-09T14:07:50.970+0000] {logging_mixin.py:190} INFO - [2026-05-09T14:07:50.970+0000] {dag.py:4180} INFO - Setting next_dagrun for news_data_architecture_pipeline to 2026-05-09 13:00:00+00:00, run_after=2026-05-09 14:00:00+00:00
[2026-05-09T14:07:50.996+0000] {processor.py:208} INFO - Processing /opt/airflow/dags/news_pipeline_dag.py took 0.106 seconds
[2026-05-09T14:08:21.297+0000] {processor.py:186} INFO - Started process (PID=1030) to work on /opt/airflow/dags/news_pipeline_dag.py
[2026-05-09T14:08:21.299+0000] {processor.py:914} INFO - Processing file /opt/airflow/dags/news_pipeline_dag.py for tasks to queue
[2026-05-09T14:08:21.304+0000] {logging_mixin.py:190} INFO - [2026-05-09T14:08:21.301+0000] {dagbag.py:588} INFO - Filling up the DagBag from /opt/airflow/dags/news_pipeline_dag.py
[2026-05-09T14:08:21.327+0000] {processor.py:925} INFO - DAG(s) 'news_data_architecture_pipeline' retrieved from /opt/airflow/dags/news_pipeline_dag.py
[2026-05-09T14:08:21.367+0000] {logging_mixin.py:190} INFO - [2026-05-09T14:08:21.366+0000] {dag.py:3239} INFO - Sync 1 DAGs
[2026-05-09T14:08:21.397+0000] {logging_mixin.py:190} INFO - [2026-05-09T14:08:21.396+0000] {dag.py:4180} INFO - Setting next_dagrun for news_data_architecture_pipeline to 2026-05-09 13:00:00+00:00, run_after=2026-05-09 14:00:00+00:00
[2026-05-09T14:08:21.422+0000] {processor.py:208} INFO - Processing /opt/airflow/dags/news_pipeline_dag.py took 0.134 seconds
[2026-05-09T14:08:51.776+0000] {processor.py:186} INFO - Started process (PID=1040) to work on /opt/airflow/dags/news_pipeline_dag.py
[2026-05-09T14:08:51.777+0000] {processor.py:914} INFO - Processing file /opt/airflow/dags/news_pipeline_dag.py for tasks to queue
[2026-05-09T14:08:51.779+0000] {logging_mixin.py:190} INFO - [2026-05-09T14:08:51.778+0000] {dagbag.py:588} INFO - Filling up the DagBag from /opt/airflow/dags/news_pipeline_dag.py
[2026-05-09T14:08:51.801+0000] {processor.py:925} INFO - DAG(s) 'news_data_architecture_pipeline' retrieved from /opt/airflow/dags/news_pipeline_dag.py
[2026-05-09T14:08:51.837+0000] {logging_mixin.py:190} INFO - [2026-05-09T14:08:51.837+0000] {dag.py:3239} INFO - Sync 1 DAGs
[2026-05-09T14:08:51.863+0000] {logging_mixin.py:190} INFO - [2026-05-09T14:08:51.863+0000] {dag.py:4180} INFO - Setting next_dagrun for news_data_architecture_pipeline to 2026-05-09 13:00:00+00:00, run_after=2026-05-09 14:00:00+00:00
[2026-05-09T14:08:51.885+0000] {processor.py:208} INFO - Processing /opt/airflow/dags/news_pipeline_dag.py took 0.118 seconds
[2026-05-09T14:09:22.240+0000] {processor.py:186} INFO - Started process (PID=1050) to work on /opt/airflow/dags/news_pipeline_dag.py
[2026-05-09T14:09:22.241+0000] {processor.py:914} INFO - Processing file /opt/airflow/dags/news_pipeline_dag.py for tasks to queue
[2026-05-09T14:09:22.243+0000] {logging_mixin.py:190} INFO - [2026-05-09T14:09:22.242+0000] {dagbag.py:588} INFO - Filling up the DagBag from /opt/airflow/dags/news_pipeline_dag.py
[2026-05-09T14:09:22.263+0000] {processor.py:925} INFO - DAG(s) 'news_data_architecture_pipeline' retrieved from /opt/airflow/dags/news_pipeline_dag.py
[2026-05-09T14:09:22.297+0000] {logging_mixin.py:190} INFO - [2026-05-09T14:09:22.297+0000] {dag.py:3239} INFO - Sync 1 DAGs
[2026-05-09T14:09:22.327+0000] {logging_mixin.py:190} INFO - [2026-05-09T14:09:22.326+0000] {dag.py:4180} INFO - Setting next_dagrun for news_data_architecture_pipeline to 2026-05-09 13:00:00+00:00, run_after=2026-05-09 14:00:00+00:00
[2026-05-09T14:09:22.359+0000] {processor.py:208} INFO - Processing /opt/airflow/dags/news_pipeline_dag.py took 0.128 seconds
[2026-05-09T14:09:52.753+0000] {processor.py:186} INFO - Started process (PID=1060) to work on /opt/airflow/dags/news_pipeline_dag.py
[2026-05-09T14:09:52.755+0000] {processor.py:914} INFO - Processing file /opt/airflow/dags/news_pipeline_dag.py for tasks to queue
[2026-05-09T14:09:52.756+0000] {logging_mixin.py:190} INFO - [2026-05-09T14:09:52.756+0000] {dagbag.py:588} INFO - Filling up the DagBag from /opt/airflow/dags/news_pipeline_dag.py
[2026-05-09T14:09:52.801+0000] {processor.py:925} INFO - DAG(s) 'news_data_architecture_pipeline' retrieved from /opt/airflow/dags/news_pipeline_dag.py
[2026-05-09T14:09:52.840+0000] {logging_mixin.py:190} INFO - [2026-05-09T14:09:52.840+0000] {dag.py:3239} INFO - Sync 1 DAGs
[2026-05-09T14:09:52.868+0000] {logging_mixin.py:190} INFO - [2026-05-09T14:09:52.867+0000] {dag.py:4180} INFO - Setting next_dagrun for news_data_architecture_pipeline to 2026-05-09 13:00:00+00:00, run_after=2026-05-09 14:00:00+00:00
[2026-05-09T14:09:52.897+0000] {processor.py:208} INFO - Processing /opt/airflow/dags/news_pipeline_dag.py took 0.153 seconds
[2026-05-09T14:10:24.120+0000] {processor.py:186} INFO - Started process (PID=1070) to work on /opt/airflow/dags/news_pipeline_dag.py
[2026-05-09T14:10:24.130+0000] {processor.py:914} INFO - Processing file /opt/airflow/dags/news_pipeline_dag.py for tasks to queue
[2026-05-09T14:10:24.146+0000] {logging_mixin.py:190} INFO - [2026-05-09T14:10:24.146+0000] {dagbag.py:588} INFO - Filling up the DagBag from /opt/airflow/dags/news_pipeline_dag.py
[2026-05-09T14:10:24.251+0000] {processor.py:925} INFO - DAG(s) 'news_data_architecture_pipeline' retrieved from /opt/airflow/dags/news_pipeline_dag.py
[2026-05-09T14:10:24.432+0000] {logging_mixin.py:190} INFO - [2026-05-09T14:10:24.432+0000] {dag.py:3239} INFO - Sync 1 DAGs
[2026-05-09T14:10:24.509+0000] {logging_mixin.py:190} INFO - [2026-05-09T14:10:24.508+0000] {dag.py:4180} INFO - Setting next_dagrun for news_data_architecture_pipeline to 2026-05-09 13:00:00+00:00, run_after=2026-05-09 14:00:00+00:00
[2026-05-09T14:10:24.602+0000] {processor.py:208} INFO - Processing /opt/airflow/dags/news_pipeline_dag.py took 0.504 seconds
[2026-05-09T14:10:55.490+0000] {processor.py:186} INFO - Started process (PID=1080) to work on /opt/airflow/dags/news_pipeline_dag.py
[2026-05-09T14:10:55.520+0000] {processor.py:914} INFO - Processing file /opt/airflow/dags/news_pipeline_dag.py for tasks to queue
[2026-05-09T14:10:55.522+0000] {logging_mixin.py:190} INFO - [2026-05-09T14:10:55.521+0000] {dagbag.py:588} INFO - Filling up the DagBag from /opt/airflow/dags/news_pipeline_dag.py
[2026-05-09T14:10:55.734+0000] {processor.py:925} INFO - DAG(s) 'news_data_architecture_pipeline' retrieved from /opt/airflow/dags/news_pipeline_dag.py
[2026-05-09T14:10:55.872+0000] {logging_mixin.py:190} INFO - [2026-05-09T14:10:55.872+0000] {dag.py:3239} INFO - Sync 1 DAGs
[2026-05-09T14:10:55.933+0000] {logging_mixin.py:190} INFO - [2026-05-09T14:10:55.933+0000] {dag.py:4180} INFO - Setting next_dagrun for news_data_architecture_pipeline to 2026-05-09 13:00:00+00:00, run_after=2026-05-09 14:00:00+00:00
[2026-05-09T14:10:56.017+0000] {processor.py:208} INFO - Processing /opt/airflow/dags/news_pipeline_dag.py took 0.533 seconds
[2026-05-09T14:11:26.535+0000] {processor.py:186} INFO - Started process (PID=1090) to work on /opt/airflow/dags/news_pipeline_dag.py
[2026-05-09T14:11:26.536+0000] {processor.py:914} INFO - Processing file /opt/airflow/dags/news_pipeline_dag.py for tasks to queue
[2026-05-09T14:11:26.539+0000] {logging_mixin.py:190} INFO - [2026-05-09T14:11:26.538+0000] {dagbag.py:588} INFO - Filling up the DagBag from /opt/airflow/dags/news_pipeline_dag.py
[2026-05-09T14:11:26.582+0000] {processor.py:925} INFO - DAG(s) 'news_data_architecture_pipeline' retrieved from /opt/airflow/dags/news_pipeline_dag.py
[2026-05-09T14:11:26.635+0000] {logging_mixin.py:190} INFO - [2026-05-09T14:11:26.635+0000] {dag.py:3239} INFO - Sync 1 DAGs
[2026-05-09T14:11:26.672+0000] {logging_mixin.py:190} INFO - [2026-05-09T14:11:26.672+0000] {dag.py:4180} INFO - Setting next_dagrun for news_data_architecture_pipeline to 2026-05-09 13:00:00+00:00, run_after=2026-05-09 14:00:00+00:00
[2026-05-09T14:11:26.705+0000] {processor.py:208} INFO - Processing /opt/airflow/dags/news_pipeline_dag.py took 0.180 seconds
[2026-05-09T14:11:57.214+0000] {processor.py:186} INFO - Started process (PID=1100) to work on /opt/airflow/dags/news_pipeline_dag.py
[2026-05-09T14:11:57.215+0000] {processor.py:914} INFO - Processing file /opt/airflow/dags/news_pipeline_dag.py for tasks to queue
[2026-05-09T14:11:57.217+0000] {logging_mixin.py:190} INFO - [2026-05-09T14:11:57.217+0000] {dagbag.py:588} INFO - Filling up the DagBag from /opt/airflow/dags/news_pipeline_dag.py
[2026-05-09T14:11:57.234+0000] {processor.py:925} INFO - DAG(s) 'news_data_architecture_pipeline' retrieved from /opt/airflow/dags/news_pipeline_dag.py
[2026-05-09T14:11:57.265+0000] {logging_mixin.py:190} INFO - [2026-05-09T14:11:57.265+0000] {dag.py:3239} INFO - Sync 1 DAGs
[2026-05-09T14:11:57.289+0000] {logging_mixin.py:190} INFO - [2026-05-09T14:11:57.289+0000] {dag.py:4180} INFO - Setting next_dagrun for news_data_architecture_pipeline to 2026-05-09 13:00:00+00:00, run_after=2026-05-09 14:00:00+00:00
[2026-05-09T14:11:57.322+0000] {processor.py:208} INFO - Processing /opt/airflow/dags/news_pipeline_dag.py took 0.114 seconds
[2026-05-09T14:12:27.732+0000] {processor.py:186} INFO - Started process (PID=1110) to work on /opt/airflow/dags/news_pipeline_dag.py
[2026-05-09T14:12:27.733+0000] {processor.py:914} INFO - Processing file /opt/airflow/dags/news_pipeline_dag.py for tasks to queue
[2026-05-09T14:12:27.734+0000] {logging_mixin.py:190} INFO - [2026-05-09T14:12:27.734+0000] {dagbag.py:588} INFO - Filling up the DagBag from /opt/airflow/dags/news_pipeline_dag.py
[2026-05-09T14:12:27.748+0000] {processor.py:925} INFO - DAG(s) 'news_data_architecture_pipeline' retrieved from /opt/airflow/dags/news_pipeline_dag.py
[2026-05-09T14:12:27.774+0000] {logging_mixin.py:190} INFO - [2026-05-09T14:12:27.774+0000] {dag.py:3239} INFO - Sync 1 DAGs
[2026-05-09T14:12:27.796+0000] {logging_mixin.py:190} INFO - [2026-05-09T14:12:27.795+0000] {dag.py:4180} INFO - Setting next_dagrun for news_data_architecture_pipeline to 2026-05-09 13:00:00+00:00, run_after=2026-05-09 14:00:00+00:00
[2026-05-09T14:12:27.817+0000] {processor.py:208} INFO - Processing /opt/airflow/dags/news_pipeline_dag.py took 0.090 seconds
[2026-05-09T14:12:58.187+0000] {processor.py:186} INFO - Started process (PID=1120) to work on /opt/airflow/dags/news_pipeline_dag.py
[2026-05-09T14:12:58.188+0000] {processor.py:914} INFO - Processing file /opt/airflow/dags/news_pipeline_dag.py for tasks to queue
[2026-05-09T14:12:58.189+0000] {logging_mixin.py:190} INFO - [2026-05-09T14:12:58.189+0000] {dagbag.py:588} INFO - Filling up the DagBag from /opt/airflow/dags/news_pipeline_dag.py
[2026-05-09T14:12:58.205+0000] {processor.py:925} INFO - DAG(s) 'news_data_architecture_pipeline' retrieved from /opt/airflow/dags/news_pipeline_dag.py
[2026-05-09T14:12:58.233+0000] {logging_mixin.py:190} INFO - [2026-05-09T14:12:58.233+0000] {dag.py:3239} INFO - Sync 1 DAGs
[2026-05-09T14:12:58.256+0000] {logging_mixin.py:190} INFO - [2026-05-09T14:12:58.256+0000] {dag.py:4180} INFO - Setting next_dagrun for news_data_architecture_pipeline to 2026-05-09 13:00:00+00:00, run_after=2026-05-09 14:00:00+00:00
[2026-05-09T14:12:58.280+0000] {processor.py:208} INFO - Processing /opt/airflow/dags/news_pipeline_dag.py took 0.097 seconds
[2026-05-09T14:13:28.755+0000] {processor.py:186} INFO - Started process (PID=1130) to work on /opt/airflow/dags/news_pipeline_dag.py
[2026-05-09T14:13:28.757+0000] {processor.py:914} INFO - Processing file /opt/airflow/dags/news_pipeline_dag.py for tasks to queue
[2026-05-09T14:13:28.759+0000] {logging_mixin.py:190} INFO - [2026-05-09T14:13:28.758+0000] {dagbag.py:588} INFO - Filling up the DagBag from /opt/airflow/dags/news_pipeline_dag.py
[2026-05-09T14:13:28.774+0000] {processor.py:925} INFO - DAG(s) 'news_data_architecture_pipeline' retrieved from /opt/airflow/dags/news_pipeline_dag.py
[2026-05-09T14:13:28.800+0000] {logging_mixin.py:190} INFO - [2026-05-09T14:13:28.800+0000] {dag.py:3239} INFO - Sync 1 DAGs
[2026-05-09T14:13:28.825+0000] {logging_mixin.py:190} INFO - [2026-05-09T14:13:28.825+0000] {dag.py:4180} INFO - Setting next_dagrun for news_data_architecture_pipeline to 2026-05-09 13:00:00+00:00, run_after=2026-05-09 14:00:00+00:00
[2026-05-09T14:13:28.850+0000] {processor.py:208} INFO - Processing /opt/airflow/dags/news_pipeline_dag.py took 0.100 seconds
[2026-05-09T14:13:59.107+0000] {processor.py:186} INFO - Started process (PID=1140) to work on /opt/airflow/dags/news_pipeline_dag.py
[2026-05-09T14:13:59.108+0000] {processor.py:914} INFO - Processing file /opt/airflow/dags/news_pipeline_dag.py for tasks to queue
[2026-05-09T14:13:59.110+0000] {logging_mixin.py:190} INFO - [2026-05-09T14:13:59.110+0000] {dagbag.py:588} INFO - Filling up the DagBag from /opt/airflow/dags/news_pipeline_dag.py
[2026-05-09T14:13:59.131+0000] {processor.py:925} INFO - DAG(s) 'news_data_architecture_pipeline' retrieved from /opt/airflow/dags/news_pipeline_dag.py
[2026-05-09T14:13:59.165+0000] {logging_mixin.py:190} INFO - [2026-05-09T14:13:59.164+0000] {dag.py:3239} INFO - Sync 1 DAGs
[2026-05-09T14:13:59.190+0000] {logging_mixin.py:190} INFO - [2026-05-09T14:13:59.190+0000] {dag.py:4180} INFO - Setting next_dagrun for news_data_architecture_pipeline to 2026-05-09 13:00:00+00:00, run_after=2026-05-09 14:00:00+00:00
[2026-05-09T14:13:59.212+0000] {processor.py:208} INFO - Processing /opt/airflow/dags/news_pipeline_dag.py took 0.114 seconds
[2026-05-09T14:14:29.458+0000] {processor.py:186} INFO - Started process (PID=1150) to work on /opt/airflow/dags/news_pipeline_dag.py
[2026-05-09T14:14:29.460+0000] {processor.py:914} INFO - Processing file /opt/airflow/dags/news_pipeline_dag.py for tasks to queue
[2026-05-09T14:14:29.462+0000] {logging_mixin.py:190} INFO - [2026-05-09T14:14:29.461+0000] {dagbag.py:588} INFO - Filling up the DagBag from /opt/airflow/dags/news_pipeline_dag.py
[2026-05-09T14:14:29.488+0000] {processor.py:925} INFO - DAG(s) 'news_data_architecture_pipeline' retrieved from /opt/airflow/dags/news_pipeline_dag.py
[2026-05-09T14:14:29.534+0000] {logging_mixin.py:190} INFO - [2026-05-09T14:14:29.533+0000] {dag.py:3239} INFO - Sync 1 DAGs
[2026-05-09T14:14:29.565+0000] {logging_mixin.py:190} INFO - [2026-05-09T14:14:29.565+0000] {dag.py:4180} INFO - Setting next_dagrun for news_data_architecture_pipeline to 2026-05-09 13:00:00+00:00, run_after=2026-05-09 14:00:00+00:00
[2026-05-09T14:14:29.587+0000] {processor.py:208} INFO - Processing /opt/airflow/dags/news_pipeline_dag.py took 0.144 seconds
[2026-05-09T14:14:59.912+0000] {processor.py:186} INFO - Started process (PID=1160) to work on /opt/airflow/dags/news_pipeline_dag.py
[2026-05-09T14:14:59.913+0000] {processor.py:914} INFO - Processing file /opt/airflow/dags/news_pipeline_dag.py for tasks to queue
[2026-05-09T14:14:59.915+0000] {logging_mixin.py:190} INFO - [2026-05-09T14:14:59.915+0000] {dagbag.py:588} INFO - Filling up the DagBag from /opt/airflow/dags/news_pipeline_dag.py
[2026-05-09T14:14:59.933+0000] {processor.py:925} INFO - DAG(s) 'news_data_architecture_pipeline' retrieved from /opt/airflow/dags/news_pipeline_dag.py
[2026-05-09T14:14:59.966+0000] {logging_mixin.py:190} INFO - [2026-05-09T14:14:59.966+0000] {dag.py:3239} INFO - Sync 1 DAGs
[2026-05-09T14:14:59.986+0000] {logging_mixin.py:190} INFO - [2026-05-09T14:14:59.986+0000] {dag.py:4180} INFO - Setting next_dagrun for news_data_architecture_pipeline to 2026-05-09 13:00:00+00:00, run_after=2026-05-09 14:00:00+00:00
[2026-05-09T14:15:00.006+0000] {processor.py:208} INFO - Processing /opt/airflow/dags/news_pipeline_dag.py took 0.106 seconds
[2026-05-09T14:15:30.223+0000] {processor.py:186} INFO - Started process (PID=1170) to work on /opt/airflow/dags/news_pipeline_dag.py
[2026-05-09T14:15:30.225+0000] {processor.py:914} INFO - Processing file /opt/airflow/dags/news_pipeline_dag.py for tasks to queue
[2026-05-09T14:15:30.227+0000] {logging_mixin.py:190} INFO - [2026-05-09T14:15:30.226+0000] {dagbag.py:588} INFO - Filling up the DagBag from /opt/airflow/dags/news_pipeline_dag.py
[2026-05-09T14:15:30.253+0000] {processor.py:925} INFO - DAG(s) 'news_data_architecture_pipeline' retrieved from /opt/airflow/dags/news_pipeline_dag.py
[2026-05-09T14:15:30.292+0000] {logging_mixin.py:190} INFO - [2026-05-09T14:15:30.292+0000] {dag.py:3239} INFO - Sync 1 DAGs
[2026-05-09T14:15:30.319+0000] {logging_mixin.py:190} INFO - [2026-05-09T14:15:30.318+0000] {dag.py:4180} INFO - Setting next_dagrun for news_data_architecture_pipeline to 2026-05-09 13:00:00+00:00, run_after=2026-05-09 14:00:00+00:00
[2026-05-09T14:15:30.342+0000] {processor.py:208} INFO - Processing /opt/airflow/dags/news_pipeline_dag.py took 0.128 seconds
[2026-05-09T14:16:01.650+0000] {processor.py:186} INFO - Started process (PID=1203) to work on /opt/airflow/dags/news_pipeline_dag.py
[2026-05-09T14:16:01.652+0000] {processor.py:914} INFO - Processing file /opt/airflow/dags/news_pipeline_dag.py for tasks to queue
[2026-05-09T14:16:01.653+0000] {logging_mixin.py:190} INFO - [2026-05-09T14:16:01.653+0000] {dagbag.py:588} INFO - Filling up the DagBag from /opt/airflow/dags/news_pipeline_dag.py
[2026-05-09T14:16:01.675+0000] {processor.py:925} INFO - DAG(s) 'news_data_architecture_pipeline' retrieved from /opt/airflow/dags/news_pipeline_dag.py
[2026-05-09T14:16:01.801+0000] {logging_mixin.py:190} INFO - [2026-05-09T14:16:01.801+0000] {dag.py:3239} INFO - Sync 1 DAGs
[2026-05-09T14:16:01.822+0000] {logging_mixin.py:190} INFO - [2026-05-09T14:16:01.822+0000] {dag.py:4180} INFO - Setting next_dagrun for news_data_architecture_pipeline to 2026-05-09 13:00:00+00:00, run_after=2026-05-09 14:00:00+00:00
[2026-05-09T14:16:02.043+0000] {processor.py:208} INFO - Processing /opt/airflow/dags/news_pipeline_dag.py took 0.403 seconds
[2026-05-09T14:16:32.259+0000] {processor.py:186} INFO - Started process (PID=1304) to work on /opt/airflow/dags/news_pipeline_dag.py
[2026-05-09T14:16:32.260+0000] {processor.py:914} INFO - Processing file /opt/airflow/dags/news_pipeline_dag.py for tasks to queue
[2026-05-09T14:16:32.262+0000] {logging_mixin.py:190} INFO - [2026-05-09T14:16:32.261+0000] {dagbag.py:588} INFO - Filling up the DagBag from /opt/airflow/dags/news_pipeline_dag.py
[2026-05-09T14:16:32.279+0000] {processor.py:925} INFO - DAG(s) 'news_data_architecture_pipeline' retrieved from /opt/airflow/dags/news_pipeline_dag.py
[2026-05-09T14:16:32.320+0000] {logging_mixin.py:190} INFO - [2026-05-09T14:16:32.320+0000] {dag.py:3239} INFO - Sync 1 DAGs
[2026-05-09T14:16:32.353+0000] {logging_mixin.py:190} INFO - [2026-05-09T14:16:32.353+0000] {dag.py:4180} INFO - Setting next_dagrun for news_data_architecture_pipeline to 2026-05-09 13:00:00+00:00, run_after=2026-05-09 14:00:00+00:00
[2026-05-09T14:16:32.384+0000] {processor.py:208} INFO - Processing /opt/airflow/dags/news_pipeline_dag.py took 0.134 seconds
[2026-05-09T14:17:02.605+0000] {processor.py:186} INFO - Started process (PID=1312) to work on /opt/airflow/dags/news_pipeline_dag.py
[2026-05-09T14:17:02.607+0000] {processor.py:914} INFO - Processing file /opt/airflow/dags/news_pipeline_dag.py for tasks to queue
[2026-05-09T14:17:02.608+0000] {logging_mixin.py:190} INFO - [2026-05-09T14:17:02.608+0000] {dagbag.py:588} INFO - Filling up the DagBag from /opt/airflow/dags/news_pipeline_dag.py
[2026-05-09T14:17:02.625+0000] {processor.py:925} INFO - DAG(s) 'news_data_architecture_pipeline' retrieved from /opt/airflow/dags/news_pipeline_dag.py
[2026-05-09T14:17:02.655+0000] {logging_mixin.py:190} INFO - [2026-05-09T14:17:02.655+0000] {dag.py:3239} INFO - Sync 1 DAGs
[2026-05-09T14:17:02.678+0000] {logging_mixin.py:190} INFO - [2026-05-09T14:17:02.678+0000] {dag.py:4180} INFO - Setting next_dagrun for news_data_architecture_pipeline to 2026-05-09 13:00:00+00:00, run_after=2026-05-09 14:00:00+00:00
[2026-05-09T14:17:02.697+0000] {processor.py:208} INFO - Processing /opt/airflow/dags/news_pipeline_dag.py took 0.101 seconds
[2026-05-09T14:17:33.019+0000] {processor.py:186} INFO - Started process (PID=1322) to work on /opt/airflow/dags/news_pipeline_dag.py
[2026-05-09T14:17:33.020+0000] {processor.py:914} INFO - Processing file /opt/airflow/dags/news_pipeline_dag.py for tasks to queue
[2026-05-09T14:17:33.021+0000] {logging_mixin.py:190} INFO - [2026-05-09T14:17:33.021+0000] {dagbag.py:588} INFO - Filling up the DagBag from /opt/airflow/dags/news_pipeline_dag.py
[2026-05-09T14:17:33.036+0000] {processor.py:925} INFO - DAG(s) 'news_data_architecture_pipeline' retrieved from /opt/airflow/dags/news_pipeline_dag.py
[2026-05-09T14:17:33.066+0000] {logging_mixin.py:190} INFO - [2026-05-09T14:17:33.066+0000] {dag.py:3239} INFO - Sync 1 DAGs
[2026-05-09T14:17:33.087+0000] {logging_mixin.py:190} INFO - [2026-05-09T14:17:33.087+0000] {dag.py:4180} INFO - Setting next_dagrun for news_data_architecture_pipeline to 2026-05-09 13:00:00+00:00, run_after=2026-05-09 14:00:00+00:00
[2026-05-09T14:17:33.109+0000] {processor.py:208} INFO - Processing /opt/airflow/dags/news_pipeline_dag.py took 0.098 seconds
[2026-05-09T14:18:03.373+0000] {processor.py:186} INFO - Started process (PID=1332) to work on /opt/airflow/dags/news_pipeline_dag.py
[2026-05-09T14:18:03.375+0000] {processor.py:914} INFO - Processing file /opt/airflow/dags/news_pipeline_dag.py for tasks to queue
[2026-05-09T14:18:03.377+0000] {logging_mixin.py:190} INFO - [2026-05-09T14:18:03.376+0000] {dagbag.py:588} INFO - Filling up the DagBag from /opt/airflow/dags/news_pipeline_dag.py
[2026-05-09T14:18:03.397+0000] {processor.py:925} INFO - DAG(s) 'news_data_architecture_pipeline' retrieved from /opt/airflow/dags/news_pipeline_dag.py
[2026-05-09T14:18:03.439+0000] {logging_mixin.py:190} INFO - [2026-05-09T14:18:03.438+0000] {dag.py:3239} INFO - Sync 1 DAGs
[2026-05-09T14:18:03.476+0000] {logging_mixin.py:190} INFO - [2026-05-09T14:18:03.475+0000] {dag.py:4180} INFO - Setting next_dagrun for news_data_architecture_pipeline to 2026-05-09 13:00:00+00:00, run_after=2026-05-09 14:00:00+00:00
[2026-05-09T14:18:03.502+0000] {processor.py:208} INFO - Processing /opt/airflow/dags/news_pipeline_dag.py took 0.136 seconds
[2026-05-09T14:18:33.856+0000] {processor.py:186} INFO - Started process (PID=1342) to work on /opt/airflow/dags/news_pipeline_dag.py
[2026-05-09T14:18:33.857+0000] {processor.py:914} INFO - Processing file /opt/airflow/dags/news_pipeline_dag.py for tasks to queue
[2026-05-09T14:18:33.858+0000] {logging_mixin.py:190} INFO - [2026-05-09T14:18:33.858+0000] {dagbag.py:588} INFO - Filling up the DagBag from /opt/airflow/dags/news_pipeline_dag.py
[2026-05-09T14:18:33.873+0000] {processor.py:925} INFO - DAG(s) 'news_data_architecture_pipeline' retrieved from /opt/airflow/dags/news_pipeline_dag.py
[2026-05-09T14:18:33.903+0000] {logging_mixin.py:190} INFO - [2026-05-09T14:18:33.902+0000] {dag.py:3239} INFO - Sync 1 DAGs
[2026-05-09T14:18:33.936+0000] {logging_mixin.py:190} INFO - [2026-05-09T14:18:33.935+0000] {dag.py:4180} INFO - Setting next_dagrun for news_data_architecture_pipeline to 2026-05-09 13:00:00+00:00, run_after=2026-05-09 14:00:00+00:00
[2026-05-09T14:18:33.963+0000] {processor.py:208} INFO - Processing /opt/airflow/dags/news_pipeline_dag.py took 0.114 seconds
[2026-05-09T14:19:04.196+0000] {processor.py:186} INFO - Started process (PID=1352) to work on /opt/airflow/dags/news_pipeline_dag.py
[2026-05-09T14:19:04.198+0000] {processor.py:914} INFO - Processing file /opt/airflow/dags/news_pipeline_dag.py for tasks to queue
[2026-05-09T14:19:04.202+0000] {logging_mixin.py:190} INFO - [2026-05-09T14:19:04.201+0000] {dagbag.py:588} INFO - Filling up the DagBag from /opt/airflow/dags/news_pipeline_dag.py
[2026-05-09T14:19:04.222+0000] {processor.py:925} INFO - DAG(s) 'news_data_architecture_pipeline' retrieved from /opt/airflow/dags/news_pipeline_dag.py
[2026-05-09T14:19:04.258+0000] {logging_mixin.py:190} INFO - [2026-05-09T14:19:04.258+0000] {dag.py:3239} INFO - Sync 1 DAGs
[2026-05-09T14:19:04.284+0000] {logging_mixin.py:190} INFO - [2026-05-09T14:19:04.284+0000] {dag.py:4180} INFO - Setting next_dagrun for news_data_architecture_pipeline to 2026-05-09 13:00:00+00:00, run_after=2026-05-09 14:00:00+00:00
[2026-05-09T14:19:04.305+0000] {processor.py:208} INFO - Processing /opt/airflow/dags/news_pipeline_dag.py took 0.118 seconds
[2026-05-09T14:19:34.686+0000] {processor.py:186} INFO - Started process (PID=1362) to work on /opt/airflow/dags/news_pipeline_dag.py
[2026-05-09T14:19:34.688+0000] {processor.py:914} INFO - Processing file /opt/airflow/dags/news_pipeline_dag.py for tasks to queue
[2026-05-09T14:19:34.690+0000] {logging_mixin.py:190} INFO - [2026-05-09T14:19:34.689+0000] {dagbag.py:588} INFO - Filling up the DagBag from /opt/airflow/dags/news_pipeline_dag.py
[2026-05-09T14:19:34.719+0000] {processor.py:925} INFO - DAG(s) 'news_data_architecture_pipeline' retrieved from /opt/airflow/dags/news_pipeline_dag.py
[2026-05-09T14:19:34.877+0000] {logging_mixin.py:190} INFO - [2026-05-09T14:19:34.876+0000] {dag.py:3239} INFO - Sync 1 DAGs
[2026-05-09T14:19:34.949+0000] {logging_mixin.py:190} INFO - [2026-05-09T14:19:34.949+0000] {dag.py:4180} INFO - Setting next_dagrun for news_data_architecture_pipeline to 2026-05-09 13:00:00+00:00, run_after=2026-05-09 14:00:00+00:00
[2026-05-09T14:19:34.974+0000] {processor.py:208} INFO - Processing /opt/airflow/dags/news_pipeline_dag.py took 0.299 seconds
[2026-05-09T14:20:05.278+0000] {processor.py:186} INFO - Started process (PID=1372) to work on /opt/airflow/dags/news_pipeline_dag.py
[2026-05-09T14:20:05.279+0000] {processor.py:914} INFO - Processing file /opt/airflow/dags/news_pipeline_dag.py for tasks to queue
[2026-05-09T14:20:05.280+0000] {logging_mixin.py:190} INFO - [2026-05-09T14:20:05.280+0000] {dagbag.py:588} INFO - Filling up the DagBag from /opt/airflow/dags/news_pipeline_dag.py
[2026-05-09T14:20:05.300+0000] {processor.py:925} INFO - DAG(s) 'news_data_architecture_pipeline' retrieved from /opt/airflow/dags/news_pipeline_dag.py
[2026-05-09T14:20:05.331+0000] {logging_mixin.py:190} INFO - [2026-05-09T14:20:05.331+0000] {dag.py:3239} INFO - Sync 1 DAGs
[2026-05-09T14:20:05.357+0000] {logging_mixin.py:190} INFO - [2026-05-09T14:20:05.357+0000] {dag.py:4180} INFO - Setting next_dagrun for news_data_architecture_pipeline to 2026-05-09 13:00:00+00:00, run_after=2026-05-09 14:00:00+00:00
[2026-05-09T14:20:05.383+0000] {processor.py:208} INFO - Processing /opt/airflow/dags/news_pipeline_dag.py took 0.113 seconds
[2026-05-09T14:20:35.625+0000] {processor.py:186} INFO - Started process (PID=1382) to work on /opt/airflow/dags/news_pipeline_dag.py
[2026-05-09T14:20:35.626+0000] {processor.py:914} INFO - Processing file /opt/airflow/dags/news_pipeline_dag.py for tasks to queue
[2026-05-09T14:20:35.627+0000] {logging_mixin.py:190} INFO - [2026-05-09T14:20:35.627+0000] {dagbag.py:588} INFO - Filling up the DagBag from /opt/airflow/dags/news_pipeline_dag.py
[2026-05-09T14:20:35.643+0000] {processor.py:925} INFO - DAG(s) 'news_data_architecture_pipeline' retrieved from /opt/airflow/dags/news_pipeline_dag.py
[2026-05-09T14:20:35.674+0000] {logging_mixin.py:190} INFO - [2026-05-09T14:20:35.674+0000] {dag.py:3239} INFO - Sync 1 DAGs
[2026-05-09T14:20:35.694+0000] {logging_mixin.py:190} INFO - [2026-05-09T14:20:35.694+0000] {dag.py:4180} INFO - Setting next_dagrun for news_data_architecture_pipeline to 2026-05-09 13:00:00+00:00, run_after=2026-05-09 14:00:00+00:00
[2026-05-09T14:20:35.715+0000] {processor.py:208} INFO - Processing /opt/airflow/dags/news_pipeline_dag.py took 0.096 seconds
[2026-05-09T14:21:05.965+0000] {processor.py:186} INFO - Started process (PID=1392) to work on /opt/airflow/dags/news_pipeline_dag.py
[2026-05-09T14:21:05.966+0000] {processor.py:914} INFO - Processing file /opt/airflow/dags/news_pipeline_dag.py for tasks to queue
[2026-05-09T14:21:05.967+0000] {logging_mixin.py:190} INFO - [2026-05-09T14:21:05.967+0000] {dagbag.py:588} INFO - Filling up the DagBag from /opt/airflow/dags/news_pipeline_dag.py
[2026-05-09T14:21:05.988+0000] {processor.py:925} INFO - DAG(s) 'news_data_architecture_pipeline' retrieved from /opt/airflow/dags/news_pipeline_dag.py
[2026-05-09T14:21:06.015+0000] {logging_mixin.py:190} INFO - [2026-05-09T14:21:06.015+0000] {dag.py:3239} INFO - Sync 1 DAGs
[2026-05-09T14:21:06.035+0000] {logging_mixin.py:190} INFO - [2026-05-09T14:21:06.035+0000] {dag.py:4180} INFO - Setting next_dagrun for news_data_architecture_pipeline to 2026-05-09 13:00:00+00:00, run_after=2026-05-09 14:00:00+00:00
[2026-05-09T14:21:06.057+0000] {processor.py:208} INFO - Processing /opt/airflow/dags/news_pipeline_dag.py took 0.100 seconds
[2026-05-09T14:21:36.393+0000] {processor.py:186} INFO - Started process (PID=1402) to work on /opt/airflow/dags/news_pipeline_dag.py
[2026-05-09T14:21:36.394+0000] {processor.py:914} INFO - Processing file /opt/airflow/dags/news_pipeline_dag.py for tasks to queue
[2026-05-09T14:21:36.395+0000] {logging_mixin.py:190} INFO - [2026-05-09T14:21:36.395+0000] {dagbag.py:588} INFO - Filling up the DagBag from /opt/airflow/dags/news_pipeline_dag.py
[2026-05-09T14:21:36.413+0000] {processor.py:925} INFO - DAG(s) 'news_data_architecture_pipeline' retrieved from /opt/airflow/dags/news_pipeline_dag.py
[2026-05-09T14:21:36.439+0000] {logging_mixin.py:190} INFO - [2026-05-09T14:21:36.439+0000] {dag.py:3239} INFO - Sync 1 DAGs
[2026-05-09T14:21:36.461+0000] {logging_mixin.py:190} INFO - [2026-05-09T14:21:36.461+0000] {dag.py:4180} INFO - Setting next_dagrun for news_data_architecture_pipeline to 2026-05-09 13:00:00+00:00, run_after=2026-05-09 14:00:00+00:00
[2026-05-09T14:21:36.482+0000] {processor.py:208} INFO - Processing /opt/airflow/dags/news_pipeline_dag.py took 0.098 seconds
[2026-05-09T14:22:06.691+0000] {processor.py:186} INFO - Started process (PID=1462) to work on /opt/airflow/dags/news_pipeline_dag.py
[2026-05-09T14:22:06.693+0000] {processor.py:914} INFO - Processing file /opt/airflow/dags/news_pipeline_dag.py for tasks to queue
[2026-05-09T14:22:06.694+0000] {logging_mixin.py:190} INFO - [2026-05-09T14:22:06.694+0000] {dagbag.py:588} INFO - Filling up the DagBag from /opt/airflow/dags/news_pipeline_dag.py
[2026-05-09T14:22:06.722+0000] {processor.py:925} INFO - DAG(s) 'news_data_architecture_pipeline' retrieved from /opt/airflow/dags/news_pipeline_dag.py
[2026-05-09T14:22:06.768+0000] {logging_mixin.py:190} INFO - [2026-05-09T14:22:06.768+0000] {dag.py:3239} INFO - Sync 1 DAGs
[2026-05-09T14:22:06.810+0000] {logging_mixin.py:190} INFO - [2026-05-09T14:22:06.810+0000] {dag.py:4180} INFO - Setting next_dagrun for news_data_architecture_pipeline to 2026-05-09 13:00:00+00:00, run_after=2026-05-09 14:00:00+00:00
[2026-05-09T14:22:06.845+0000] {processor.py:208} INFO - Processing /opt/airflow/dags/news_pipeline_dag.py took 0.166 seconds
[2026-05-09T14:22:37.211+0000] {processor.py:186} INFO - Started process (PID=1534) to work on /opt/airflow/dags/news_pipeline_dag.py
[2026-05-09T14:22:37.212+0000] {processor.py:914} INFO - Processing file /opt/airflow/dags/news_pipeline_dag.py for tasks to queue
[2026-05-09T14:22:37.214+0000] {logging_mixin.py:190} INFO - [2026-05-09T14:22:37.213+0000] {dagbag.py:588} INFO - Filling up the DagBag from /opt/airflow/dags/news_pipeline_dag.py
[2026-05-09T14:22:37.237+0000] {processor.py:925} INFO - DAG(s) 'news_data_architecture_pipeline' retrieved from /opt/airflow/dags/news_pipeline_dag.py
[2026-05-09T14:22:37.341+0000] {logging_mixin.py:190} INFO - [2026-05-09T14:22:37.340+0000] {dag.py:3239} INFO - Sync 1 DAGs
[2026-05-09T14:22:37.364+0000] {logging_mixin.py:190} INFO - [2026-05-09T14:22:37.364+0000] {dag.py:4180} INFO - Setting next_dagrun for news_data_architecture_pipeline to 2026-05-09 13:00:00+00:00, run_after=2026-05-09 14:00:00+00:00
[2026-05-09T14:22:37.523+0000] {processor.py:208} INFO - Processing /opt/airflow/dags/news_pipeline_dag.py took 0.321 seconds
[2026-05-09T14:23:07.729+0000] {processor.py:186} INFO - Started process (PID=1544) to work on /opt/airflow/dags/news_pipeline_dag.py
[2026-05-09T14:23:07.730+0000] {processor.py:914} INFO - Processing file /opt/airflow/dags/news_pipeline_dag.py for tasks to queue
[2026-05-09T14:23:07.731+0000] {logging_mixin.py:190} INFO - [2026-05-09T14:23:07.731+0000] {dagbag.py:588} INFO - Filling up the DagBag from /opt/airflow/dags/news_pipeline_dag.py
[2026-05-09T14:23:07.747+0000] {processor.py:925} INFO - DAG(s) 'news_data_architecture_pipeline' retrieved from /opt/airflow/dags/news_pipeline_dag.py
[2026-05-09T14:23:07.779+0000] {logging_mixin.py:190} INFO - [2026-05-09T14:23:07.778+0000] {dag.py:3239} INFO - Sync 1 DAGs
[2026-05-09T14:23:07.800+0000] {logging_mixin.py:190} INFO - [2026-05-09T14:23:07.800+0000] {dag.py:4180} INFO - Setting next_dagrun for news_data_architecture_pipeline to 2026-05-09 13:00:00+00:00, run_after=2026-05-09 14:00:00+00:00
[2026-05-09T14:23:07.823+0000] {processor.py:208} INFO - Processing /opt/airflow/dags/news_pipeline_dag.py took 0.101 seconds
[2026-05-09T14:23:38.127+0000] {processor.py:186} INFO - Started process (PID=1554) to work on /opt/airflow/dags/news_pipeline_dag.py
[2026-05-09T14:23:38.128+0000] {processor.py:914} INFO - Processing file /opt/airflow/dags/news_pipeline_dag.py for tasks to queue
[2026-05-09T14:23:38.129+0000] {logging_mixin.py:190} INFO - [2026-05-09T14:23:38.129+0000] {dagbag.py:588} INFO - Filling up the DagBag from /opt/airflow/dags/news_pipeline_dag.py
[2026-05-09T14:23:38.146+0000] {processor.py:925} INFO - DAG(s) 'news_data_architecture_pipeline' retrieved from /opt/airflow/dags/news_pipeline_dag.py
[2026-05-09T14:23:38.174+0000] {logging_mixin.py:190} INFO - [2026-05-09T14:23:38.174+0000] {dag.py:3239} INFO - Sync 1 DAGs
[2026-05-09T14:23:38.194+0000] {logging_mixin.py:190} INFO - [2026-05-09T14:23:38.194+0000] {dag.py:4180} INFO - Setting next_dagrun for news_data_architecture_pipeline to 2026-05-09 13:00:00+00:00, run_after=2026-05-09 14:00:00+00:00
[2026-05-09T14:23:38.218+0000] {processor.py:208} INFO - Processing /opt/airflow/dags/news_pipeline_dag.py took 0.097 seconds
[2026-05-09T14:24:08.417+0000] {processor.py:186} INFO - Started process (PID=1564) to work on /opt/airflow/dags/news_pipeline_dag.py
[2026-05-09T14:24:08.418+0000] {processor.py:914} INFO - Processing file /opt/airflow/dags/news_pipeline_dag.py for tasks to queue
[2026-05-09T14:24:08.420+0000] {logging_mixin.py:190} INFO - [2026-05-09T14:24:08.419+0000] {dagbag.py:588} INFO - Filling up the DagBag from /opt/airflow/dags/news_pipeline_dag.py
[2026-05-09T14:24:08.440+0000] {processor.py:925} INFO - DAG(s) 'news_data_architecture_pipeline' retrieved from /opt/airflow/dags/news_pipeline_dag.py
[2026-05-09T14:24:08.472+0000] {logging_mixin.py:190} INFO - [2026-05-09T14:24:08.472+0000] {dag.py:3239} INFO - Sync 1 DAGs
[2026-05-09T14:24:08.492+0000] {logging_mixin.py:190} INFO - [2026-05-09T14:24:08.492+0000] {dag.py:4180} INFO - Setting next_dagrun for news_data_architecture_pipeline to 2026-05-09 13:00:00+00:00, run_after=2026-05-09 14:00:00+00:00
[2026-05-09T14:24:08.512+0000] {processor.py:208} INFO - Processing /opt/airflow/dags/news_pipeline_dag.py took 0.104 seconds
[2026-05-09T14:24:38.818+0000] {processor.py:186} INFO - Started process (PID=1574) to work on /opt/airflow/dags/news_pipeline_dag.py
[2026-05-09T14:24:38.819+0000] {processor.py:914} INFO - Processing file /opt/airflow/dags/news_pipeline_dag.py for tasks to queue
[2026-05-09T14:24:38.821+0000] {logging_mixin.py:190} INFO - [2026-05-09T14:24:38.820+0000] {dagbag.py:588} INFO - Filling up the DagBag from /opt/airflow/dags/news_pipeline_dag.py
[2026-05-09T14:24:38.834+0000] {processor.py:925} INFO - DAG(s) 'news_data_architecture_pipeline' retrieved from /opt/airflow/dags/news_pipeline_dag.py
[2026-05-09T14:24:38.858+0000] {logging_mixin.py:190} INFO - [2026-05-09T14:24:38.858+0000] {dag.py:3239} INFO - Sync 1 DAGs
[2026-05-09T14:24:38.876+0000] {logging_mixin.py:190} INFO - [2026-05-09T14:24:38.876+0000] {dag.py:4180} INFO - Setting next_dagrun for news_data_architecture_pipeline to 2026-05-09 13:00:00+00:00, run_after=2026-05-09 14:00:00+00:00
[2026-05-09T14:24:38.896+0000] {processor.py:208} INFO - Processing /opt/airflow/dags/news_pipeline_dag.py took 0.083 seconds
[2026-05-09T14:25:09.099+0000] {processor.py:186} INFO - Started process (PID=1584) to work on /opt/airflow/dags/news_pipeline_dag.py
[2026-05-09T14:25:09.100+0000] {processor.py:914} INFO - Processing file /opt/airflow/dags/news_pipeline_dag.py for tasks to queue
[2026-05-09T14:25:09.101+0000] {logging_mixin.py:190} INFO - [2026-05-09T14:25:09.101+0000] {dagbag.py:588} INFO - Filling up the DagBag from /opt/airflow/dags/news_pipeline_dag.py
[2026-05-09T14:25:09.117+0000] {processor.py:925} INFO - DAG(s) 'news_data_architecture_pipeline' retrieved from /opt/airflow/dags/news_pipeline_dag.py
[2026-05-09T14:25:09.161+0000] {logging_mixin.py:190} INFO - [2026-05-09T14:25:09.161+0000] {dag.py:3239} INFO - Sync 1 DAGs
[2026-05-09T14:25:09.193+0000] {logging_mixin.py:190} INFO - [2026-05-09T14:25:09.193+0000] {dag.py:4180} INFO - Setting next_dagrun for news_data_architecture_pipeline to 2026-05-09 13:00:00+00:00, run_after=2026-05-09 14:00:00+00:00
[2026-05-09T14:25:09.224+0000] {processor.py:208} INFO - Processing /opt/airflow/dags/news_pipeline_dag.py took 0.131 seconds
[2026-05-09T14:25:39.837+0000] {processor.py:186} INFO - Started process (PID=1594) to work on /opt/airflow/dags/news_pipeline_dag.py
[2026-05-09T14:25:39.838+0000] {processor.py:914} INFO - Processing file /opt/airflow/dags/news_pipeline_dag.py for tasks to queue
[2026-05-09T14:25:39.840+0000] {logging_mixin.py:190} INFO - [2026-05-09T14:25:39.840+0000] {dagbag.py:588} INFO - Filling up the DagBag from /opt/airflow/dags/news_pipeline_dag.py
[2026-05-09T14:25:39.868+0000] {processor.py:925} INFO - DAG(s) 'news_data_architecture_pipeline' retrieved from /opt/airflow/dags/news_pipeline_dag.py
[2026-05-09T14:25:39.905+0000] {logging_mixin.py:190} INFO - [2026-05-09T14:25:39.904+0000] {dag.py:3239} INFO - Sync 1 DAGs
[2026-05-09T14:25:39.930+0000] {logging_mixin.py:190} INFO - [2026-05-09T14:25:39.929+0000] {dag.py:4180} INFO - Setting next_dagrun for news_data_architecture_pipeline to 2026-05-09 13:00:00+00:00, run_after=2026-05-09 14:00:00+00:00
[2026-05-09T14:25:39.980+0000] {processor.py:208} INFO - Processing /opt/airflow/dags/news_pipeline_dag.py took 0.151 seconds
[2026-05-09T14:26:10.376+0000] {processor.py:186} INFO - Started process (PID=1604) to work on /opt/airflow/dags/news_pipeline_dag.py
[2026-05-09T14:26:10.377+0000] {processor.py:914} INFO - Processing file /opt/airflow/dags/news_pipeline_dag.py for tasks to queue
[2026-05-09T14:26:10.379+0000] {logging_mixin.py:190} INFO - [2026-05-09T14:26:10.379+0000] {dagbag.py:588} INFO - Filling up the DagBag from /opt/airflow/dags/news_pipeline_dag.py
[2026-05-09T14:26:10.399+0000] {processor.py:925} INFO - DAG(s) 'news_data_architecture_pipeline' retrieved from /opt/airflow/dags/news_pipeline_dag.py
[2026-05-09T14:26:10.439+0000] {logging_mixin.py:190} INFO - [2026-05-09T14:26:10.439+0000] {dag.py:3239} INFO - Sync 1 DAGs
[2026-05-09T14:26:10.467+0000] {logging_mixin.py:190} INFO - [2026-05-09T14:26:10.467+0000] {dag.py:4180} INFO - Setting next_dagrun for news_data_architecture_pipeline to 2026-05-09 13:00:00+00:00, run_after=2026-05-09 14:00:00+00:00
[2026-05-09T14:26:10.492+0000] {processor.py:208} INFO - Processing /opt/airflow/dags/news_pipeline_dag.py took 0.126 seconds
[2026-05-09T15:07:46.547+0000] {processor.py:186} INFO - Started process (PID=1614) to work on /opt/airflow/dags/news_pipeline_dag.py
[2026-05-09T15:07:46.570+0000] {processor.py:914} INFO - Processing file /opt/airflow/dags/news_pipeline_dag.py for tasks to queue
[2026-05-09T15:07:46.573+0000] {logging_mixin.py:190} INFO - [2026-05-09T15:07:46.573+0000] {dagbag.py:588} INFO - Filling up the DagBag from /opt/airflow/dags/news_pipeline_dag.py
[2026-05-09T15:07:46.614+0000] {processor.py:925} INFO - DAG(s) 'news_data_architecture_pipeline' retrieved from /opt/airflow/dags/news_pipeline_dag.py
[2026-05-09T15:07:46.728+0000] {logging_mixin.py:190} INFO - [2026-05-09T15:07:46.728+0000] {dag.py:3239} INFO - Sync 1 DAGs
[2026-05-09T15:07:46.811+0000] {logging_mixin.py:190} INFO - [2026-05-09T15:07:46.810+0000] {dag.py:4180} INFO - Setting next_dagrun for news_data_architecture_pipeline to 2026-05-09 14:00:00+00:00, run_after=2026-05-09 15:00:00+00:00
[2026-05-09T15:07:46.866+0000] {processor.py:208} INFO - Processing /opt/airflow/dags/news_pipeline_dag.py took 0.335 seconds
[2026-05-09T15:08:17.402+0000] {processor.py:186} INFO - Started process (PID=1642) to work on /opt/airflow/dags/news_pipeline_dag.py
[2026-05-09T15:08:17.410+0000] {processor.py:914} INFO - Processing file /opt/airflow/dags/news_pipeline_dag.py for tasks to queue
[2026-05-09T15:08:17.412+0000] {logging_mixin.py:190} INFO - [2026-05-09T15:08:17.412+0000] {dagbag.py:588} INFO - Filling up the DagBag from /opt/airflow/dags/news_pipeline_dag.py
[2026-05-09T15:08:17.438+0000] {processor.py:925} INFO - DAG(s) 'news_data_architecture_pipeline' retrieved from /opt/airflow/dags/news_pipeline_dag.py
[2026-05-09T15:08:17.475+0000] {logging_mixin.py:190} INFO - [2026-05-09T15:08:17.474+0000] {dag.py:3239} INFO - Sync 1 DAGs
[2026-05-09T15:08:17.497+0000] {logging_mixin.py:190} INFO - [2026-05-09T15:08:17.497+0000] {dag.py:4180} INFO - Setting next_dagrun for news_data_architecture_pipeline to 2026-05-09 14:00:00+00:00, run_after=2026-05-09 15:00:00+00:00
[2026-05-09T15:08:17.520+0000] {processor.py:208} INFO - Processing /opt/airflow/dags/news_pipeline_dag.py took 0.129 seconds
[2026-05-09T15:08:47.712+0000] {processor.py:186} INFO - Started process (PID=1743) to work on /opt/airflow/dags/news_pipeline_dag.py
[2026-05-09T15:08:47.713+0000] {processor.py:914} INFO - Processing file /opt/airflow/dags/news_pipeline_dag.py for tasks to queue
[2026-05-09T15:08:47.714+0000] {logging_mixin.py:190} INFO - [2026-05-09T15:08:47.714+0000] {dagbag.py:588} INFO - Filling up the DagBag from /opt/airflow/dags/news_pipeline_dag.py
[2026-05-09T15:08:47.728+0000] {processor.py:925} INFO - DAG(s) 'news_data_architecture_pipeline' retrieved from /opt/airflow/dags/news_pipeline_dag.py
[2026-05-09T15:08:47.752+0000] {logging_mixin.py:190} INFO - [2026-05-09T15:08:47.752+0000] {dag.py:3239} INFO - Sync 1 DAGs
[2026-05-09T15:08:47.770+0000] {logging_mixin.py:190} INFO - [2026-05-09T15:08:47.769+0000] {dag.py:4180} INFO - Setting next_dagrun for news_data_architecture_pipeline to 2026-05-09 14:00:00+00:00, run_after=2026-05-09 15:00:00+00:00
[2026-05-09T15:08:47.920+0000] {processor.py:208} INFO - Processing /opt/airflow/dags/news_pipeline_dag.py took 0.214 seconds
[2026-05-09T15:09:18.255+0000] {processor.py:186} INFO - Started process (PID=1753) to work on /opt/airflow/dags/news_pipeline_dag.py
[2026-05-09T15:09:18.256+0000] {processor.py:914} INFO - Processing file /opt/airflow/dags/news_pipeline_dag.py for tasks to queue
[2026-05-09T15:09:18.258+0000] {logging_mixin.py:190} INFO - [2026-05-09T15:09:18.257+0000] {dagbag.py:588} INFO - Filling up the DagBag from /opt/airflow/dags/news_pipeline_dag.py
[2026-05-09T15:09:18.272+0000] {processor.py:925} INFO - DAG(s) 'news_data_architecture_pipeline' retrieved from /opt/airflow/dags/news_pipeline_dag.py
[2026-05-09T15:09:18.298+0000] {logging_mixin.py:190} INFO - [2026-05-09T15:09:18.297+0000] {dag.py:3239} INFO - Sync 1 DAGs
[2026-05-09T15:09:18.316+0000] {logging_mixin.py:190} INFO - [2026-05-09T15:09:18.315+0000] {dag.py:4180} INFO - Setting next_dagrun for news_data_architecture_pipeline to 2026-05-09 14:00:00+00:00, run_after=2026-05-09 15:00:00+00:00
[2026-05-09T15:09:18.339+0000] {processor.py:208} INFO - Processing /opt/airflow/dags/news_pipeline_dag.py took 0.090 seconds
[2026-05-09T15:09:48.717+0000] {processor.py:186} INFO - Started process (PID=1763) to work on /opt/airflow/dags/news_pipeline_dag.py
[2026-05-09T15:09:48.719+0000] {processor.py:914} INFO - Processing file /opt/airflow/dags/news_pipeline_dag.py for tasks to queue
[2026-05-09T15:09:48.720+0000] {logging_mixin.py:190} INFO - [2026-05-09T15:09:48.720+0000] {dagbag.py:588} INFO - Filling up the DagBag from /opt/airflow/dags/news_pipeline_dag.py
[2026-05-09T15:09:48.736+0000] {processor.py:925} INFO - DAG(s) 'news_data_architecture_pipeline' retrieved from /opt/airflow/dags/news_pipeline_dag.py
[2026-05-09T15:09:48.760+0000] {logging_mixin.py:190} INFO - [2026-05-09T15:09:48.760+0000] {dag.py:3239} INFO - Sync 1 DAGs
[2026-05-09T15:09:48.779+0000] {logging_mixin.py:190} INFO - [2026-05-09T15:09:48.779+0000] {dag.py:4180} INFO - Setting next_dagrun for news_data_architecture_pipeline to 2026-05-09 14:00:00+00:00, run_after=2026-05-09 15:00:00+00:00
[2026-05-09T15:09:48.802+0000] {processor.py:208} INFO - Processing /opt/airflow/dags/news_pipeline_dag.py took 0.089 seconds
[2026-05-09T15:10:19.172+0000] {processor.py:186} INFO - Started process (PID=1773) to work on /opt/airflow/dags/news_pipeline_dag.py
[2026-05-09T15:10:19.173+0000] {processor.py:914} INFO - Processing file /opt/airflow/dags/news_pipeline_dag.py for tasks to queue
[2026-05-09T15:10:19.175+0000] {logging_mixin.py:190} INFO - [2026-05-09T15:10:19.174+0000] {dagbag.py:588} INFO - Filling up the DagBag from /opt/airflow/dags/news_pipeline_dag.py
[2026-05-09T15:10:19.188+0000] {processor.py:925} INFO - DAG(s) 'news_data_architecture_pipeline' retrieved from /opt/airflow/dags/news_pipeline_dag.py
[2026-05-09T15:10:19.215+0000] {logging_mixin.py:190} INFO - [2026-05-09T15:10:19.214+0000] {dag.py:3239} INFO - Sync 1 DAGs
[2026-05-09T15:10:19.232+0000] {logging_mixin.py:190} INFO - [2026-05-09T15:10:19.231+0000] {dag.py:4180} INFO - Setting next_dagrun for news_data_architecture_pipeline to 2026-05-09 14:00:00+00:00, run_after=2026-05-09 15:00:00+00:00
[2026-05-09T15:10:19.251+0000] {processor.py:208} INFO - Processing /opt/airflow/dags/news_pipeline_dag.py took 0.085 seconds
[2026-05-09T15:10:49.572+0000] {processor.py:186} INFO - Started process (PID=1783) to work on /opt/airflow/dags/news_pipeline_dag.py
[2026-05-09T15:10:49.573+0000] {processor.py:914} INFO - Processing file /opt/airflow/dags/news_pipeline_dag.py for tasks to queue
[2026-05-09T15:10:49.574+0000] {logging_mixin.py:190} INFO - [2026-05-09T15:10:49.574+0000] {dagbag.py:588} INFO - Filling up the DagBag from /opt/airflow/dags/news_pipeline_dag.py
[2026-05-09T15:10:49.588+0000] {processor.py:925} INFO - DAG(s) 'news_data_architecture_pipeline' retrieved from /opt/airflow/dags/news_pipeline_dag.py
[2026-05-09T15:10:49.611+0000] {logging_mixin.py:190} INFO - [2026-05-09T15:10:49.611+0000] {dag.py:3239} INFO - Sync 1 DAGs
[2026-05-09T15:10:49.629+0000] {logging_mixin.py:190} INFO - [2026-05-09T15:10:49.629+0000] {dag.py:4180} INFO - Setting next_dagrun for news_data_architecture_pipeline to 2026-05-09 14:00:00+00:00, run_after=2026-05-09 15:00:00+00:00
[2026-05-09T15:10:49.651+0000] {processor.py:208} INFO - Processing /opt/airflow/dags/news_pipeline_dag.py took 0.086 seconds
[2026-05-09T15:11:20.066+0000] {processor.py:186} INFO - Started process (PID=1793) to work on /opt/airflow/dags/news_pipeline_dag.py
[2026-05-09T15:11:20.067+0000] {processor.py:914} INFO - Processing file /opt/airflow/dags/news_pipeline_dag.py for tasks to queue
[2026-05-09T15:11:20.068+0000] {logging_mixin.py:190} INFO - [2026-05-09T15:11:20.068+0000] {dagbag.py:588} INFO - Filling up the DagBag from /opt/airflow/dags/news_pipeline_dag.py
[2026-05-09T15:11:20.083+0000] {processor.py:925} INFO - DAG(s) 'news_data_architecture_pipeline' retrieved from /opt/airflow/dags/news_pipeline_dag.py
[2026-05-09T15:11:20.107+0000] {logging_mixin.py:190} INFO - [2026-05-09T15:11:20.106+0000] {dag.py:3239} INFO - Sync 1 DAGs
[2026-05-09T15:11:20.125+0000] {logging_mixin.py:190} INFO - [2026-05-09T15:11:20.125+0000] {dag.py:4180} INFO - Setting next_dagrun for news_data_architecture_pipeline to 2026-05-09 14:00:00+00:00, run_after=2026-05-09 15:00:00+00:00
[2026-05-09T15:11:20.145+0000] {processor.py:208} INFO - Processing /opt/airflow/dags/news_pipeline_dag.py took 0.085 seconds
[2026-05-09T15:11:50.519+0000] {processor.py:186} INFO - Started process (PID=1803) to work on /opt/airflow/dags/news_pipeline_dag.py
[2026-05-09T15:11:50.520+0000] {processor.py:914} INFO - Processing file /opt/airflow/dags/news_pipeline_dag.py for tasks to queue
[2026-05-09T15:11:50.521+0000] {logging_mixin.py:190} INFO - [2026-05-09T15:11:50.521+0000] {dagbag.py:588} INFO - Filling up the DagBag from /opt/airflow/dags/news_pipeline_dag.py
[2026-05-09T15:11:50.535+0000] {processor.py:925} INFO - DAG(s) 'news_data_architecture_pipeline' retrieved from /opt/airflow/dags/news_pipeline_dag.py
[2026-05-09T15:11:50.559+0000] {logging_mixin.py:190} INFO - [2026-05-09T15:11:50.558+0000] {dag.py:3239} INFO - Sync 1 DAGs
[2026-05-09T15:11:50.577+0000] {logging_mixin.py:190} INFO - [2026-05-09T15:11:50.576+0000] {dag.py:4180} INFO - Setting next_dagrun for news_data_architecture_pipeline to 2026-05-09 14:00:00+00:00, run_after=2026-05-09 15:00:00+00:00
[2026-05-09T15:11:50.591+0000] {processor.py:208} INFO - Processing /opt/airflow/dags/news_pipeline_dag.py took 0.077 seconds
[2026-05-09T15:12:20.952+0000] {processor.py:186} INFO - Started process (PID=1813) to work on /opt/airflow/dags/news_pipeline_dag.py
[2026-05-09T15:12:20.953+0000] {processor.py:914} INFO - Processing file /opt/airflow/dags/news_pipeline_dag.py for tasks to queue
[2026-05-09T15:12:20.955+0000] {logging_mixin.py:190} INFO - [2026-05-09T15:12:20.954+0000] {dagbag.py:588} INFO - Filling up the DagBag from /opt/airflow/dags/news_pipeline_dag.py
[2026-05-09T15:12:20.976+0000] {processor.py:925} INFO - DAG(s) 'news_data_architecture_pipeline' retrieved from /opt/airflow/dags/news_pipeline_dag.py
[2026-05-09T15:12:21.006+0000] {logging_mixin.py:190} INFO - [2026-05-09T15:12:21.006+0000] {dag.py:3239} INFO - Sync 1 DAGs
[2026-05-09T15:12:21.029+0000] {logging_mixin.py:190} INFO - [2026-05-09T15:12:21.029+0000] {dag.py:4180} INFO - Setting next_dagrun for news_data_architecture_pipeline to 2026-05-09 14:00:00+00:00, run_after=2026-05-09 15:00:00+00:00
[2026-05-09T15:12:21.051+0000] {processor.py:208} INFO - Processing /opt/airflow/dags/news_pipeline_dag.py took 0.105 seconds
[2026-05-09T15:12:51.452+0000] {processor.py:186} INFO - Started process (PID=1823) to work on /opt/airflow/dags/news_pipeline_dag.py
[2026-05-09T15:12:51.453+0000] {processor.py:914} INFO - Processing file /opt/airflow/dags/news_pipeline_dag.py for tasks to queue
[2026-05-09T15:12:51.455+0000] {logging_mixin.py:190} INFO - [2026-05-09T15:12:51.454+0000] {dagbag.py:588} INFO - Filling up the DagBag from /opt/airflow/dags/news_pipeline_dag.py
[2026-05-09T15:12:51.471+0000] {processor.py:925} INFO - DAG(s) 'news_data_architecture_pipeline' retrieved from /opt/airflow/dags/news_pipeline_dag.py
[2026-05-09T15:12:51.496+0000] {logging_mixin.py:190} INFO - [2026-05-09T15:12:51.496+0000] {dag.py:3239} INFO - Sync 1 DAGs
[2026-05-09T15:12:51.515+0000] {logging_mixin.py:190} INFO - [2026-05-09T15:12:51.515+0000] {dag.py:4180} INFO - Setting next_dagrun for news_data_architecture_pipeline to 2026-05-09 14:00:00+00:00, run_after=2026-05-09 15:00:00+00:00
[2026-05-09T15:12:51.530+0000] {processor.py:208} INFO - Processing /opt/airflow/dags/news_pipeline_dag.py took 0.084 seconds
[2026-05-09T15:13:21.816+0000] {processor.py:186} INFO - Started process (PID=1833) to work on /opt/airflow/dags/news_pipeline_dag.py
[2026-05-09T15:13:21.817+0000] {processor.py:914} INFO - Processing file /opt/airflow/dags/news_pipeline_dag.py for tasks to queue
[2026-05-09T15:13:21.819+0000] {logging_mixin.py:190} INFO - [2026-05-09T15:13:21.819+0000] {dagbag.py:588} INFO - Filling up the DagBag from /opt/airflow/dags/news_pipeline_dag.py
[2026-05-09T15:13:21.835+0000] {processor.py:925} INFO - DAG(s) 'news_data_architecture_pipeline' retrieved from /opt/airflow/dags/news_pipeline_dag.py
[2026-05-09T15:13:21.861+0000] {logging_mixin.py:190} INFO - [2026-05-09T15:13:21.861+0000] {dag.py:3239} INFO - Sync 1 DAGs
[2026-05-09T15:13:21.883+0000] {logging_mixin.py:190} INFO - [2026-05-09T15:13:21.883+0000] {dag.py:4180} INFO - Setting next_dagrun for news_data_architecture_pipeline to 2026-05-09 14:00:00+00:00, run_after=2026-05-09 15:00:00+00:00
[2026-05-09T15:13:21.899+0000] {processor.py:208} INFO - Processing /opt/airflow/dags/news_pipeline_dag.py took 0.090 seconds
[2026-05-09T15:13:52.245+0000] {processor.py:186} INFO - Started process (PID=1843) to work on /opt/airflow/dags/news_pipeline_dag.py
[2026-05-09T15:13:52.246+0000] {processor.py:914} INFO - Processing file /opt/airflow/dags/news_pipeline_dag.py for tasks to queue
[2026-05-09T15:13:52.248+0000] {logging_mixin.py:190} INFO - [2026-05-09T15:13:52.248+0000] {dagbag.py:588} INFO - Filling up the DagBag from /opt/airflow/dags/news_pipeline_dag.py
[2026-05-09T15:13:52.283+0000] {processor.py:925} INFO - DAG(s) 'news_data_architecture_pipeline' retrieved from /opt/airflow/dags/news_pipeline_dag.py
[2026-05-09T15:13:52.331+0000] {logging_mixin.py:190} INFO - [2026-05-09T15:13:52.330+0000] {dag.py:3239} INFO - Sync 1 DAGs
[2026-05-09T15:13:52.351+0000] {logging_mixin.py:190} INFO - [2026-05-09T15:13:52.351+0000] {dag.py:4180} INFO - Setting next_dagrun for news_data_architecture_pipeline to 2026-05-09 14:00:00+00:00, run_after=2026-05-09 15:00:00+00:00
[2026-05-09T15:13:52.375+0000] {processor.py:208} INFO - Processing /opt/airflow/dags/news_pipeline_dag.py took 0.137 seconds
[2026-05-09T15:14:22.557+0000] {processor.py:186} INFO - Started process (PID=1853) to work on /opt/airflow/dags/news_pipeline_dag.py
[2026-05-09T15:14:22.559+0000] {processor.py:914} INFO - Processing file /opt/airflow/dags/news_pipeline_dag.py for tasks to queue
[2026-05-09T15:14:22.560+0000] {logging_mixin.py:190} INFO - [2026-05-09T15:14:22.560+0000] {dagbag.py:588} INFO - Filling up the DagBag from /opt/airflow/dags/news_pipeline_dag.py
[2026-05-09T15:14:22.577+0000] {processor.py:925} INFO - DAG(s) 'news_data_architecture_pipeline' retrieved from /opt/airflow/dags/news_pipeline_dag.py
[2026-05-09T15:14:22.624+0000] {logging_mixin.py:190} INFO - [2026-05-09T15:14:22.624+0000] {dag.py:3239} INFO - Sync 1 DAGs
[2026-05-09T15:14:22.656+0000] {logging_mixin.py:190} INFO - [2026-05-09T15:14:22.656+0000] {dag.py:4180} INFO - Setting next_dagrun for news_data_architecture_pipeline to 2026-05-09 14:00:00+00:00, run_after=2026-05-09 15:00:00+00:00
[2026-05-09T15:14:22.684+0000] {processor.py:208} INFO - Processing /opt/airflow/dags/news_pipeline_dag.py took 0.134 seconds
[2026-05-09T15:14:52.993+0000] {processor.py:186} INFO - Started process (PID=1863) to work on /opt/airflow/dags/news_pipeline_dag.py
[2026-05-09T15:14:52.994+0000] {processor.py:914} INFO - Processing file /opt/airflow/dags/news_pipeline_dag.py for tasks to queue
[2026-05-09T15:14:52.995+0000] {logging_mixin.py:190} INFO - [2026-05-09T15:14:52.995+0000] {dagbag.py:588} INFO - Filling up the DagBag from /opt/airflow/dags/news_pipeline_dag.py
[2026-05-09T15:14:53.009+0000] {processor.py:925} INFO - DAG(s) 'news_data_architecture_pipeline' retrieved from /opt/airflow/dags/news_pipeline_dag.py
[2026-05-09T15:14:53.033+0000] {logging_mixin.py:190} INFO - [2026-05-09T15:14:53.033+0000] {dag.py:3239} INFO - Sync 1 DAGs
[2026-05-09T15:14:53.052+0000] {logging_mixin.py:190} INFO - [2026-05-09T15:14:53.052+0000] {dag.py:4180} INFO - Setting next_dagrun for news_data_architecture_pipeline to 2026-05-09 14:00:00+00:00, run_after=2026-05-09 15:00:00+00:00
[2026-05-09T15:14:53.074+0000] {processor.py:208} INFO - Processing /opt/airflow/dags/news_pipeline_dag.py took 0.086 seconds
[2026-05-09T15:15:23.416+0000] {processor.py:186} INFO - Started process (PID=1873) to work on /opt/airflow/dags/news_pipeline_dag.py
[2026-05-09T15:15:23.417+0000] {processor.py:914} INFO - Processing file /opt/airflow/dags/news_pipeline_dag.py for tasks to queue
[2026-05-09T15:15:23.418+0000] {logging_mixin.py:190} INFO - [2026-05-09T15:15:23.418+0000] {dagbag.py:588} INFO - Filling up the DagBag from /opt/airflow/dags/news_pipeline_dag.py
[2026-05-09T15:15:23.432+0000] {processor.py:925} INFO - DAG(s) 'news_data_architecture_pipeline' retrieved from /opt/airflow/dags/news_pipeline_dag.py
[2026-05-09T15:15:23.457+0000] {logging_mixin.py:190} INFO - [2026-05-09T15:15:23.457+0000] {dag.py:3239} INFO - Sync 1 DAGs
[2026-05-09T15:15:23.476+0000] {logging_mixin.py:190} INFO - [2026-05-09T15:15:23.476+0000] {dag.py:4180} INFO - Setting next_dagrun for news_data_architecture_pipeline to 2026-05-09 14:00:00+00:00, run_after=2026-05-09 15:00:00+00:00
[2026-05-09T15:15:23.497+0000] {processor.py:208} INFO - Processing /opt/airflow/dags/news_pipeline_dag.py took 0.087 seconds
[2026-05-09T15:15:53.908+0000] {processor.py:186} INFO - Started process (PID=1883) to work on /opt/airflow/dags/news_pipeline_dag.py
[2026-05-09T15:15:53.910+0000] {processor.py:914} INFO - Processing file /opt/airflow/dags/news_pipeline_dag.py for tasks to queue
[2026-05-09T15:15:53.911+0000] {logging_mixin.py:190} INFO - [2026-05-09T15:15:53.911+0000] {dagbag.py:588} INFO - Filling up the DagBag from /opt/airflow/dags/news_pipeline_dag.py
[2026-05-09T15:15:53.924+0000] {processor.py:925} INFO - DAG(s) 'news_data_architecture_pipeline' retrieved from /opt/airflow/dags/news_pipeline_dag.py
[2026-05-09T15:15:53.947+0000] {logging_mixin.py:190} INFO - [2026-05-09T15:15:53.947+0000] {dag.py:3239} INFO - Sync 1 DAGs
[2026-05-09T15:15:53.965+0000] {logging_mixin.py:190} INFO - [2026-05-09T15:15:53.965+0000] {dag.py:4180} INFO - Setting next_dagrun for news_data_architecture_pipeline to 2026-05-09 14:00:00+00:00, run_after=2026-05-09 15:00:00+00:00
[2026-05-09T15:15:53.984+0000] {processor.py:208} INFO - Processing /opt/airflow/dags/news_pipeline_dag.py took 0.082 seconds
[2026-05-09T15:16:24.358+0000] {processor.py:186} INFO - Started process (PID=1893) to work on /opt/airflow/dags/news_pipeline_dag.py
[2026-05-09T15:16:24.359+0000] {processor.py:914} INFO - Processing file /opt/airflow/dags/news_pipeline_dag.py for tasks to queue
[2026-05-09T15:16:24.360+0000] {logging_mixin.py:190} INFO - [2026-05-09T15:16:24.360+0000] {dagbag.py:588} INFO - Filling up the DagBag from /opt/airflow/dags/news_pipeline_dag.py
[2026-05-09T15:16:24.373+0000] {processor.py:925} INFO - DAG(s) 'news_data_architecture_pipeline' retrieved from /opt/airflow/dags/news_pipeline_dag.py
[2026-05-09T15:16:24.397+0000] {logging_mixin.py:190} INFO - [2026-05-09T15:16:24.397+0000] {dag.py:3239} INFO - Sync 1 DAGs
[2026-05-09T15:16:24.415+0000] {logging_mixin.py:190} INFO - [2026-05-09T15:16:24.415+0000] {dag.py:4180} INFO - Setting next_dagrun for news_data_architecture_pipeline to 2026-05-09 14:00:00+00:00, run_after=2026-05-09 15:00:00+00:00
[2026-05-09T15:16:24.436+0000] {processor.py:208} INFO - Processing /opt/airflow/dags/news_pipeline_dag.py took 0.083 seconds
[2026-05-09T15:16:54.762+0000] {processor.py:186} INFO - Started process (PID=1903) to work on /opt/airflow/dags/news_pipeline_dag.py
[2026-05-09T15:16:54.764+0000] {processor.py:914} INFO - Processing file /opt/airflow/dags/news_pipeline_dag.py for tasks to queue
[2026-05-09T15:16:54.766+0000] {logging_mixin.py:190} INFO - [2026-05-09T15:16:54.765+0000] {dagbag.py:588} INFO - Filling up the DagBag from /opt/airflow/dags/news_pipeline_dag.py
[2026-05-09T15:16:54.783+0000] {processor.py:925} INFO - DAG(s) 'news_data_architecture_pipeline' retrieved from /opt/airflow/dags/news_pipeline_dag.py
[2026-05-09T15:16:54.808+0000] {logging_mixin.py:190} INFO - [2026-05-09T15:16:54.808+0000] {dag.py:3239} INFO - Sync 1 DAGs
[2026-05-09T15:16:54.830+0000] {logging_mixin.py:190} INFO - [2026-05-09T15:16:54.829+0000] {dag.py:4180} INFO - Setting next_dagrun for news_data_architecture_pipeline to 2026-05-09 14:00:00+00:00, run_after=2026-05-09 15:00:00+00:00
[2026-05-09T15:16:54.853+0000] {processor.py:208} INFO - Processing /opt/airflow/dags/news_pipeline_dag.py took 0.096 seconds
[2026-05-09T15:17:25.292+0000] {processor.py:186} INFO - Started process (PID=1913) to work on /opt/airflow/dags/news_pipeline_dag.py
[2026-05-09T15:17:25.293+0000] {processor.py:914} INFO - Processing file /opt/airflow/dags/news_pipeline_dag.py for tasks to queue
[2026-05-09T15:17:25.295+0000] {logging_mixin.py:190} INFO - [2026-05-09T15:17:25.294+0000] {dagbag.py:588} INFO - Filling up the DagBag from /opt/airflow/dags/news_pipeline_dag.py
[2026-05-09T15:17:25.313+0000] {processor.py:925} INFO - DAG(s) 'news_data_architecture_pipeline' retrieved from /opt/airflow/dags/news_pipeline_dag.py
[2026-05-09T15:17:25.338+0000] {logging_mixin.py:190} INFO - [2026-05-09T15:17:25.338+0000] {dag.py:3239} INFO - Sync 1 DAGs
[2026-05-09T15:17:25.358+0000] {logging_mixin.py:190} INFO - [2026-05-09T15:17:25.358+0000] {dag.py:4180} INFO - Setting next_dagrun for news_data_architecture_pipeline to 2026-05-09 14:00:00+00:00, run_after=2026-05-09 15:00:00+00:00
[2026-05-09T15:17:25.373+0000] {processor.py:208} INFO - Processing /opt/airflow/dags/news_pipeline_dag.py took 0.087 seconds
[2026-05-09T15:17:55.761+0000] {processor.py:186} INFO - Started process (PID=1923) to work on /opt/airflow/dags/news_pipeline_dag.py
[2026-05-09T15:17:55.762+0000] {processor.py:914} INFO - Processing file /opt/airflow/dags/news_pipeline_dag.py for tasks to queue
[2026-05-09T15:17:55.764+0000] {logging_mixin.py:190} INFO - [2026-05-09T15:17:55.763+0000] {dagbag.py:588} INFO - Filling up the DagBag from /opt/airflow/dags/news_pipeline_dag.py
[2026-05-09T15:17:55.776+0000] {processor.py:925} INFO - DAG(s) 'news_data_architecture_pipeline' retrieved from /opt/airflow/dags/news_pipeline_dag.py
[2026-05-09T15:17:55.800+0000] {logging_mixin.py:190} INFO - [2026-05-09T15:17:55.800+0000] {dag.py:3239} INFO - Sync 1 DAGs
[2026-05-09T15:17:55.819+0000] {logging_mixin.py:190} INFO - [2026-05-09T15:17:55.819+0000] {dag.py:4180} INFO - Setting next_dagrun for news_data_architecture_pipeline to 2026-05-09 14:00:00+00:00, run_after=2026-05-09 15:00:00+00:00
[2026-05-09T15:17:55.842+0000] {processor.py:208} INFO - Processing /opt/airflow/dags/news_pipeline_dag.py took 0.086 seconds
[2026-05-09T15:18:26.735+0000] {processor.py:186} INFO - Started process (PID=1933) to work on /opt/airflow/dags/news_pipeline_dag.py
[2026-05-09T15:18:26.738+0000] {processor.py:914} INFO - Processing file /opt/airflow/dags/news_pipeline_dag.py for tasks to queue
[2026-05-09T15:18:26.741+0000] {logging_mixin.py:190} INFO - [2026-05-09T15:18:26.741+0000] {dagbag.py:588} INFO - Filling up the DagBag from /opt/airflow/dags/news_pipeline_dag.py
[2026-05-09T15:18:26.801+0000] {processor.py:925} INFO - DAG(s) 'news_data_architecture_pipeline' retrieved from /opt/airflow/dags/news_pipeline_dag.py
[2026-05-09T15:18:26.853+0000] {logging_mixin.py:190} INFO - [2026-05-09T15:18:26.852+0000] {dag.py:3239} INFO - Sync 1 DAGs
[2026-05-09T15:18:26.889+0000] {logging_mixin.py:190} INFO - [2026-05-09T15:18:26.889+0000] {dag.py:4180} INFO - Setting next_dagrun for news_data_architecture_pipeline to 2026-05-09 14:00:00+00:00, run_after=2026-05-09 15:00:00+00:00
[2026-05-09T15:18:26.944+0000] {processor.py:208} INFO - Processing /opt/airflow/dags/news_pipeline_dag.py took 0.225 seconds
[2026-05-09T15:18:57.426+0000] {processor.py:186} INFO - Started process (PID=1946) to work on /opt/airflow/dags/news_pipeline_dag.py
[2026-05-09T15:18:57.427+0000] {processor.py:914} INFO - Processing file /opt/airflow/dags/news_pipeline_dag.py for tasks to queue
[2026-05-09T15:18:57.429+0000] {logging_mixin.py:190} INFO - [2026-05-09T15:18:57.428+0000] {dagbag.py:588} INFO - Filling up the DagBag from /opt/airflow/dags/news_pipeline_dag.py
[2026-05-09T15:18:57.447+0000] {processor.py:925} INFO - DAG(s) 'news_data_architecture_pipeline' retrieved from /opt/airflow/dags/news_pipeline_dag.py
[2026-05-09T15:18:57.476+0000] {logging_mixin.py:190} INFO - [2026-05-09T15:18:57.476+0000] {dag.py:3239} INFO - Sync 1 DAGs
[2026-05-09T15:18:57.580+0000] {logging_mixin.py:190} INFO - [2026-05-09T15:18:57.579+0000] {dag.py:4180} INFO - Setting next_dagrun for news_data_architecture_pipeline to 2026-05-09 14:00:00+00:00, run_after=2026-05-09 15:00:00+00:00
[2026-05-09T15:18:57.611+0000] {processor.py:208} INFO - Processing /opt/airflow/dags/news_pipeline_dag.py took 0.192 seconds
[2026-05-09T15:19:27.973+0000] {processor.py:186} INFO - Started process (PID=1956) to work on /opt/airflow/dags/news_pipeline_dag.py
[2026-05-09T15:19:27.974+0000] {processor.py:914} INFO - Processing file /opt/airflow/dags/news_pipeline_dag.py for tasks to queue
[2026-05-09T15:19:27.976+0000] {logging_mixin.py:190} INFO - [2026-05-09T15:19:27.976+0000] {dagbag.py:588} INFO - Filling up the DagBag from /opt/airflow/dags/news_pipeline_dag.py
[2026-05-09T15:19:27.992+0000] {processor.py:925} INFO - DAG(s) 'news_data_architecture_pipeline' retrieved from /opt/airflow/dags/news_pipeline_dag.py
[2026-05-09T15:19:28.023+0000] {logging_mixin.py:190} INFO - [2026-05-09T15:19:28.023+0000] {dag.py:3239} INFO - Sync 1 DAGs
[2026-05-09T15:19:28.046+0000] {logging_mixin.py:190} INFO - [2026-05-09T15:19:28.046+0000] {dag.py:4180} INFO - Setting next_dagrun for news_data_architecture_pipeline to 2026-05-09 14:00:00+00:00, run_after=2026-05-09 15:00:00+00:00
[2026-05-09T15:19:28.067+0000] {processor.py:208} INFO - Processing /opt/airflow/dags/news_pipeline_dag.py took 0.100 seconds
[2026-05-09T15:19:58.304+0000] {processor.py:186} INFO - Started process (PID=1966) to work on /opt/airflow/dags/news_pipeline_dag.py
[2026-05-09T15:19:58.305+0000] {processor.py:914} INFO - Processing file /opt/airflow/dags/news_pipeline_dag.py for tasks to queue
[2026-05-09T15:19:58.307+0000] {logging_mixin.py:190} INFO - [2026-05-09T15:19:58.306+0000] {dagbag.py:588} INFO - Filling up the DagBag from /opt/airflow/dags/news_pipeline_dag.py
[2026-05-09T15:19:58.322+0000] {processor.py:925} INFO - DAG(s) 'news_data_architecture_pipeline' retrieved from /opt/airflow/dags/news_pipeline_dag.py
[2026-05-09T15:19:58.348+0000] {logging_mixin.py:190} INFO - [2026-05-09T15:19:58.348+0000] {dag.py:3239} INFO - Sync 1 DAGs
[2026-05-09T15:19:58.378+0000] {logging_mixin.py:190} INFO - [2026-05-09T15:19:58.378+0000] {dag.py:4180} INFO - Setting next_dagrun for news_data_architecture_pipeline to 2026-05-09 14:00:00+00:00, run_after=2026-05-09 15:00:00+00:00
[2026-05-09T15:19:58.407+0000] {processor.py:208} INFO - Processing /opt/airflow/dags/news_pipeline_dag.py took 0.109 seconds
[2026-05-09T15:20:28.779+0000] {processor.py:186} INFO - Started process (PID=1976) to work on /opt/airflow/dags/news_pipeline_dag.py
[2026-05-09T15:20:28.780+0000] {processor.py:914} INFO - Processing file /opt/airflow/dags/news_pipeline_dag.py for tasks to queue
[2026-05-09T15:20:28.781+0000] {logging_mixin.py:190} INFO - [2026-05-09T15:20:28.781+0000] {dagbag.py:588} INFO - Filling up the DagBag from /opt/airflow/dags/news_pipeline_dag.py
[2026-05-09T15:20:28.801+0000] {processor.py:925} INFO - DAG(s) 'news_data_architecture_pipeline' retrieved from /opt/airflow/dags/news_pipeline_dag.py
[2026-05-09T15:20:28.834+0000] {logging_mixin.py:190} INFO - [2026-05-09T15:20:28.834+0000] {dag.py:3239} INFO - Sync 1 DAGs
[2026-05-09T15:20:28.853+0000] {logging_mixin.py:190} INFO - [2026-05-09T15:20:28.853+0000] {dag.py:4180} INFO - Setting next_dagrun for news_data_architecture_pipeline to 2026-05-09 14:00:00+00:00, run_after=2026-05-09 15:00:00+00:00
[2026-05-09T15:20:28.890+0000] {processor.py:208} INFO - Processing /opt/airflow/dags/news_pipeline_dag.py took 0.116 seconds
[2026-05-09T15:20:59.302+0000] {processor.py:186} INFO - Started process (PID=1986) to work on /opt/airflow/dags/news_pipeline_dag.py
[2026-05-09T15:20:59.303+0000] {processor.py:914} INFO - Processing file /opt/airflow/dags/news_pipeline_dag.py for tasks to queue
[2026-05-09T15:20:59.305+0000] {logging_mixin.py:190} INFO - [2026-05-09T15:20:59.304+0000] {dagbag.py:588} INFO - Filling up the DagBag from /opt/airflow/dags/news_pipeline_dag.py
[2026-05-09T15:20:59.320+0000] {processor.py:925} INFO - DAG(s) 'news_data_architecture_pipeline' retrieved from /opt/airflow/dags/news_pipeline_dag.py
[2026-05-09T15:20:59.347+0000] {logging_mixin.py:190} INFO - [2026-05-09T15:20:59.347+0000] {dag.py:3239} INFO - Sync 1 DAGs
[2026-05-09T15:20:59.368+0000] {logging_mixin.py:190} INFO - [2026-05-09T15:20:59.368+0000] {dag.py:4180} INFO - Setting next_dagrun for news_data_architecture_pipeline to 2026-05-09 14:00:00+00:00, run_after=2026-05-09 15:00:00+00:00
[2026-05-09T15:20:59.390+0000] {processor.py:208} INFO - Processing /opt/airflow/dags/news_pipeline_dag.py took 0.094 seconds
[2026-05-09T15:21:29.635+0000] {processor.py:186} INFO - Started process (PID=1996) to work on /opt/airflow/dags/news_pipeline_dag.py
[2026-05-09T15:21:29.636+0000] {processor.py:914} INFO - Processing file /opt/airflow/dags/news_pipeline_dag.py for tasks to queue
[2026-05-09T15:21:29.638+0000] {logging_mixin.py:190} INFO - [2026-05-09T15:21:29.637+0000] {dagbag.py:588} INFO - Filling up the DagBag from /opt/airflow/dags/news_pipeline_dag.py
[2026-05-09T15:21:29.657+0000] {processor.py:925} INFO - DAG(s) 'news_data_architecture_pipeline' retrieved from /opt/airflow/dags/news_pipeline_dag.py
[2026-05-09T15:21:29.691+0000] {logging_mixin.py:190} INFO - [2026-05-09T15:21:29.690+0000] {dag.py:3239} INFO - Sync 1 DAGs
[2026-05-09T15:21:29.712+0000] {logging_mixin.py:190} INFO - [2026-05-09T15:21:29.712+0000] {dag.py:4180} INFO - Setting next_dagrun for news_data_architecture_pipeline to 2026-05-09 14:00:00+00:00, run_after=2026-05-09 15:00:00+00:00
[2026-05-09T15:21:29.735+0000] {processor.py:208} INFO - Processing /opt/airflow/dags/news_pipeline_dag.py took 0.108 seconds
[2026-05-09T15:22:00.063+0000] {processor.py:186} INFO - Started process (PID=2006) to work on /opt/airflow/dags/news_pipeline_dag.py
[2026-05-09T15:22:00.064+0000] {processor.py:914} INFO - Processing file /opt/airflow/dags/news_pipeline_dag.py for tasks to queue
[2026-05-09T15:22:00.066+0000] {logging_mixin.py:190} INFO - [2026-05-09T15:22:00.066+0000] {dagbag.py:588} INFO - Filling up the DagBag from /opt/airflow/dags/news_pipeline_dag.py
[2026-05-09T15:22:00.088+0000] {processor.py:925} INFO - DAG(s) 'news_data_architecture_pipeline' retrieved from /opt/airflow/dags/news_pipeline_dag.py
[2026-05-09T15:22:00.123+0000] {logging_mixin.py:190} INFO - [2026-05-09T15:22:00.122+0000] {dag.py:3239} INFO - Sync 1 DAGs
[2026-05-09T15:22:00.155+0000] {logging_mixin.py:190} INFO - [2026-05-09T15:22:00.154+0000] {dag.py:4180} INFO - Setting next_dagrun for news_data_architecture_pipeline to 2026-05-09 14:00:00+00:00, run_after=2026-05-09 15:00:00+00:00
[2026-05-09T15:22:00.179+0000] {processor.py:208} INFO - Processing /opt/airflow/dags/news_pipeline_dag.py took 0.123 seconds
[2026-05-09T15:22:30.376+0000] {processor.py:186} INFO - Started process (PID=2016) to work on /opt/airflow/dags/news_pipeline_dag.py
[2026-05-09T15:22:30.378+0000] {processor.py:914} INFO - Processing file /opt/airflow/dags/news_pipeline_dag.py for tasks to queue
[2026-05-09T15:22:30.379+0000] {logging_mixin.py:190} INFO - [2026-05-09T15:22:30.379+0000] {dagbag.py:588} INFO - Filling up the DagBag from /opt/airflow/dags/news_pipeline_dag.py
[2026-05-09T15:22:30.396+0000] {processor.py:925} INFO - DAG(s) 'news_data_architecture_pipeline' retrieved from /opt/airflow/dags/news_pipeline_dag.py
[2026-05-09T15:22:30.427+0000] {logging_mixin.py:190} INFO - [2026-05-09T15:22:30.427+0000] {dag.py:3239} INFO - Sync 1 DAGs
[2026-05-09T15:22:30.453+0000] {logging_mixin.py:190} INFO - [2026-05-09T15:22:30.453+0000] {dag.py:4180} INFO - Setting next_dagrun for news_data_architecture_pipeline to 2026-05-09 14:00:00+00:00, run_after=2026-05-09 15:00:00+00:00
[2026-05-09T15:22:30.476+0000] {processor.py:208} INFO - Processing /opt/airflow/dags/news_pipeline_dag.py took 0.107 seconds
[2026-05-09T15:23:00.671+0000] {processor.py:186} INFO - Started process (PID=2026) to work on /opt/airflow/dags/news_pipeline_dag.py
[2026-05-09T15:23:00.679+0000] {processor.py:914} INFO - Processing file /opt/airflow/dags/news_pipeline_dag.py for tasks to queue
[2026-05-09T15:23:00.681+0000] {logging_mixin.py:190} INFO - [2026-05-09T15:23:00.681+0000] {dagbag.py:588} INFO - Filling up the DagBag from /opt/airflow/dags/news_pipeline_dag.py
[2026-05-09T15:23:00.699+0000] {processor.py:925} INFO - DAG(s) 'news_data_architecture_pipeline' retrieved from /opt/airflow/dags/news_pipeline_dag.py
[2026-05-09T15:23:01.550+0000] {logging_mixin.py:190} INFO - [2026-05-09T15:23:01.550+0000] {dag.py:3239} INFO - Sync 1 DAGs
[2026-05-09T15:23:01.576+0000] {logging_mixin.py:190} INFO - [2026-05-09T15:23:01.576+0000] {dag.py:4180} INFO - Setting next_dagrun for news_data_architecture_pipeline to 2026-05-09 14:00:00+00:00, run_after=2026-05-09 15:00:00+00:00
[2026-05-09T15:23:01.605+0000] {processor.py:208} INFO - Processing /opt/airflow/dags/news_pipeline_dag.py took 0.941 seconds
[2026-05-09T15:23:31.988+0000] {processor.py:186} INFO - Started process (PID=2038) to work on /opt/airflow/dags/news_pipeline_dag.py
[2026-05-09T15:23:31.989+0000] {processor.py:914} INFO - Processing file /opt/airflow/dags/news_pipeline_dag.py for tasks to queue
[2026-05-09T15:23:31.991+0000] {logging_mixin.py:190} INFO - [2026-05-09T15:23:31.990+0000] {dagbag.py:588} INFO - Filling up the DagBag from /opt/airflow/dags/news_pipeline_dag.py
[2026-05-09T15:23:32.007+0000] {processor.py:925} INFO - DAG(s) 'news_data_architecture_pipeline' retrieved from /opt/airflow/dags/news_pipeline_dag.py
[2026-05-09T15:23:32.037+0000] {logging_mixin.py:190} INFO - [2026-05-09T15:23:32.037+0000] {dag.py:3239} INFO - Sync 1 DAGs
[2026-05-09T15:23:32.056+0000] {logging_mixin.py:190} INFO - [2026-05-09T15:23:32.056+0000] {dag.py:4180} INFO - Setting next_dagrun for news_data_architecture_pipeline to 2026-05-09 14:00:00+00:00, run_after=2026-05-09 15:00:00+00:00
[2026-05-09T15:23:32.076+0000] {processor.py:208} INFO - Processing /opt/airflow/dags/news_pipeline_dag.py took 0.094 seconds
[2026-05-09T15:24:02.461+0000] {processor.py:186} INFO - Started process (PID=2048) to work on /opt/airflow/dags/news_pipeline_dag.py
[2026-05-09T15:24:02.462+0000] {processor.py:914} INFO - Processing file /opt/airflow/dags/news_pipeline_dag.py for tasks to queue
[2026-05-09T15:24:02.463+0000] {logging_mixin.py:190} INFO - [2026-05-09T15:24:02.463+0000] {dagbag.py:588} INFO - Filling up the DagBag from /opt/airflow/dags/news_pipeline_dag.py
[2026-05-09T15:24:02.480+0000] {processor.py:925} INFO - DAG(s) 'news_data_architecture_pipeline' retrieved from /opt/airflow/dags/news_pipeline_dag.py
[2026-05-09T15:24:02.508+0000] {logging_mixin.py:190} INFO - [2026-05-09T15:24:02.507+0000] {dag.py:3239} INFO - Sync 1 DAGs
[2026-05-09T15:24:02.525+0000] {logging_mixin.py:190} INFO - [2026-05-09T15:24:02.525+0000] {dag.py:4180} INFO - Setting next_dagrun for news_data_architecture_pipeline to 2026-05-09 14:00:00+00:00, run_after=2026-05-09 15:00:00+00:00
[2026-05-09T15:24:02.545+0000] {processor.py:208} INFO - Processing /opt/airflow/dags/news_pipeline_dag.py took 0.090 seconds
[2026-05-09T15:24:32.963+0000] {processor.py:186} INFO - Started process (PID=2058) to work on /opt/airflow/dags/news_pipeline_dag.py
[2026-05-09T15:24:32.965+0000] {processor.py:914} INFO - Processing file /opt/airflow/dags/news_pipeline_dag.py for tasks to queue
[2026-05-09T15:24:32.966+0000] {logging_mixin.py:190} INFO - [2026-05-09T15:24:32.966+0000] {dagbag.py:588} INFO - Filling up the DagBag from /opt/airflow/dags/news_pipeline_dag.py
[2026-05-09T15:24:32.983+0000] {processor.py:925} INFO - DAG(s) 'news_data_architecture_pipeline' retrieved from /opt/airflow/dags/news_pipeline_dag.py
[2026-05-09T15:24:33.013+0000] {logging_mixin.py:190} INFO - [2026-05-09T15:24:33.013+0000] {dag.py:3239} INFO - Sync 1 DAGs
[2026-05-09T15:24:33.031+0000] {logging_mixin.py:190} INFO - [2026-05-09T15:24:33.031+0000] {dag.py:4180} INFO - Setting next_dagrun for news_data_architecture_pipeline to 2026-05-09 14:00:00+00:00, run_after=2026-05-09 15:00:00+00:00
[2026-05-09T15:24:33.051+0000] {processor.py:208} INFO - Processing /opt/airflow/dags/news_pipeline_dag.py took 0.094 seconds
[2026-05-09T15:25:03.425+0000] {processor.py:186} INFO - Started process (PID=2068) to work on /opt/airflow/dags/news_pipeline_dag.py
[2026-05-09T15:25:03.426+0000] {processor.py:914} INFO - Processing file /opt/airflow/dags/news_pipeline_dag.py for tasks to queue
[2026-05-09T15:25:03.427+0000] {logging_mixin.py:190} INFO - [2026-05-09T15:25:03.427+0000] {dagbag.py:588} INFO - Filling up the DagBag from /opt/airflow/dags/news_pipeline_dag.py
[2026-05-09T15:25:03.447+0000] {processor.py:925} INFO - DAG(s) 'news_data_architecture_pipeline' retrieved from /opt/airflow/dags/news_pipeline_dag.py
[2026-05-09T15:25:03.479+0000] {logging_mixin.py:190} INFO - [2026-05-09T15:25:03.479+0000] {dag.py:3239} INFO - Sync 1 DAGs
[2026-05-09T15:25:03.496+0000] {logging_mixin.py:190} INFO - [2026-05-09T15:25:03.496+0000] {dag.py:4180} INFO - Setting next_dagrun for news_data_architecture_pipeline to 2026-05-09 14:00:00+00:00, run_after=2026-05-09 15:00:00+00:00
[2026-05-09T15:25:03.515+0000] {processor.py:208} INFO - Processing /opt/airflow/dags/news_pipeline_dag.py took 0.095 seconds
[2026-05-09T15:25:33.954+0000] {processor.py:186} INFO - Started process (PID=2078) to work on /opt/airflow/dags/news_pipeline_dag.py
[2026-05-09T15:25:33.955+0000] {processor.py:914} INFO - Processing file /opt/airflow/dags/news_pipeline_dag.py for tasks to queue
[2026-05-09T15:25:33.956+0000] {logging_mixin.py:190} INFO - [2026-05-09T15:25:33.956+0000] {dagbag.py:588} INFO - Filling up the DagBag from /opt/airflow/dags/news_pipeline_dag.py
[2026-05-09T15:25:33.974+0000] {processor.py:925} INFO - DAG(s) 'news_data_architecture_pipeline' retrieved from /opt/airflow/dags/news_pipeline_dag.py
[2026-05-09T15:25:34.004+0000] {logging_mixin.py:190} INFO - [2026-05-09T15:25:34.003+0000] {dag.py:3239} INFO - Sync 1 DAGs
[2026-05-09T15:25:34.025+0000] {logging_mixin.py:190} INFO - [2026-05-09T15:25:34.025+0000] {dag.py:4180} INFO - Setting next_dagrun for news_data_architecture_pipeline to 2026-05-09 14:00:00+00:00, run_after=2026-05-09 15:00:00+00:00
[2026-05-09T15:25:34.044+0000] {processor.py:208} INFO - Processing /opt/airflow/dags/news_pipeline_dag.py took 0.097 seconds
[2026-05-09T15:26:04.401+0000] {processor.py:186} INFO - Started process (PID=2088) to work on /opt/airflow/dags/news_pipeline_dag.py
[2026-05-09T15:26:04.402+0000] {processor.py:914} INFO - Processing file /opt/airflow/dags/news_pipeline_dag.py for tasks to queue
[2026-05-09T15:26:04.404+0000] {logging_mixin.py:190} INFO - [2026-05-09T15:26:04.403+0000] {dagbag.py:588} INFO - Filling up the DagBag from /opt/airflow/dags/news_pipeline_dag.py
[2026-05-09T15:26:04.426+0000] {processor.py:925} INFO - DAG(s) 'news_data_architecture_pipeline' retrieved from /opt/airflow/dags/news_pipeline_dag.py
[2026-05-09T15:26:04.456+0000] {logging_mixin.py:190} INFO - [2026-05-09T15:26:04.456+0000] {dag.py:3239} INFO - Sync 1 DAGs
[2026-05-09T15:26:04.481+0000] {logging_mixin.py:190} INFO - [2026-05-09T15:26:04.481+0000] {dag.py:4180} INFO - Setting next_dagrun for news_data_architecture_pipeline to 2026-05-09 14:00:00+00:00, run_after=2026-05-09 15:00:00+00:00
[2026-05-09T15:26:04.502+0000] {processor.py:208} INFO - Processing /opt/airflow/dags/news_pipeline_dag.py took 0.108 seconds
[2026-05-09T15:26:34.883+0000] {processor.py:186} INFO - Started process (PID=2098) to work on /opt/airflow/dags/news_pipeline_dag.py
[2026-05-09T15:26:34.885+0000] {processor.py:914} INFO - Processing file /opt/airflow/dags/news_pipeline_dag.py for tasks to queue
[2026-05-09T15:26:34.886+0000] {logging_mixin.py:190} INFO - [2026-05-09T15:26:34.886+0000] {dagbag.py:588} INFO - Filling up the DagBag from /opt/airflow/dags/news_pipeline_dag.py
[2026-05-09T15:26:34.905+0000] {processor.py:925} INFO - DAG(s) 'news_data_architecture_pipeline' retrieved from /opt/airflow/dags/news_pipeline_dag.py
[2026-05-09T15:26:34.930+0000] {logging_mixin.py:190} INFO - [2026-05-09T15:26:34.930+0000] {dag.py:3239} INFO - Sync 1 DAGs
[2026-05-09T15:26:34.949+0000] {logging_mixin.py:190} INFO - [2026-05-09T15:26:34.948+0000] {dag.py:4180} INFO - Setting next_dagrun for news_data_architecture_pipeline to 2026-05-09 14:00:00+00:00, run_after=2026-05-09 15:00:00+00:00
[2026-05-09T15:26:34.968+0000] {processor.py:208} INFO - Processing /opt/airflow/dags/news_pipeline_dag.py took 0.090 seconds
[2026-05-09T15:27:05.335+0000] {processor.py:186} INFO - Started process (PID=2108) to work on /opt/airflow/dags/news_pipeline_dag.py
[2026-05-09T15:27:05.337+0000] {processor.py:914} INFO - Processing file /opt/airflow/dags/news_pipeline_dag.py for tasks to queue
[2026-05-09T15:27:05.338+0000] {logging_mixin.py:190} INFO - [2026-05-09T15:27:05.338+0000] {dagbag.py:588} INFO - Filling up the DagBag from /opt/airflow/dags/news_pipeline_dag.py
[2026-05-09T15:27:05.363+0000] {processor.py:925} INFO - DAG(s) 'news_data_architecture_pipeline' retrieved from /opt/airflow/dags/news_pipeline_dag.py
[2026-05-09T15:27:05.389+0000] {logging_mixin.py:190} INFO - [2026-05-09T15:27:05.389+0000] {dag.py:3239} INFO - Sync 1 DAGs
[2026-05-09T15:27:05.408+0000] {logging_mixin.py:190} INFO - [2026-05-09T15:27:05.408+0000] {dag.py:4180} INFO - Setting next_dagrun for news_data_architecture_pipeline to 2026-05-09 14:00:00+00:00, run_after=2026-05-09 15:00:00+00:00
[2026-05-09T15:27:05.435+0000] {processor.py:208} INFO - Processing /opt/airflow/dags/news_pipeline_dag.py took 0.106 seconds
[2026-05-09T15:27:35.845+0000] {processor.py:186} INFO - Started process (PID=2118) to work on /opt/airflow/dags/news_pipeline_dag.py
[2026-05-09T15:27:35.846+0000] {processor.py:914} INFO - Processing file /opt/airflow/dags/news_pipeline_dag.py for tasks to queue
[2026-05-09T15:27:35.848+0000] {logging_mixin.py:190} INFO - [2026-05-09T15:27:35.848+0000] {dagbag.py:588} INFO - Filling up the DagBag from /opt/airflow/dags/news_pipeline_dag.py
[2026-05-09T15:27:35.879+0000] {processor.py:925} INFO - DAG(s) 'news_data_architecture_pipeline' retrieved from /opt/airflow/dags/news_pipeline_dag.py
[2026-05-09T15:27:35.905+0000] {logging_mixin.py:190} INFO - [2026-05-09T15:27:35.905+0000] {dag.py:3239} INFO - Sync 1 DAGs
[2026-05-09T15:27:35.922+0000] {logging_mixin.py:190} INFO - [2026-05-09T15:27:35.922+0000] {dag.py:4180} INFO - Setting next_dagrun for news_data_architecture_pipeline to 2026-05-09 14:00:00+00:00, run_after=2026-05-09 15:00:00+00:00
[2026-05-09T15:27:35.943+0000] {processor.py:208} INFO - Processing /opt/airflow/dags/news_pipeline_dag.py took 0.104 seconds
[2026-05-09T15:28:06.361+0000] {processor.py:186} INFO - Started process (PID=2128) to work on /opt/airflow/dags/news_pipeline_dag.py
[2026-05-09T15:28:06.362+0000] {processor.py:914} INFO - Processing file /opt/airflow/dags/news_pipeline_dag.py for tasks to queue
[2026-05-09T15:28:06.365+0000] {logging_mixin.py:190} INFO - [2026-05-09T15:28:06.364+0000] {dagbag.py:588} INFO - Filling up the DagBag from /opt/airflow/dags/news_pipeline_dag.py
[2026-05-09T15:28:06.380+0000] {processor.py:925} INFO - DAG(s) 'news_data_architecture_pipeline' retrieved from /opt/airflow/dags/news_pipeline_dag.py
[2026-05-09T15:28:06.404+0000] {logging_mixin.py:190} INFO - [2026-05-09T15:28:06.404+0000] {dag.py:3239} INFO - Sync 1 DAGs
[2026-05-09T15:28:06.427+0000] {logging_mixin.py:190} INFO - [2026-05-09T15:28:06.426+0000] {dag.py:4180} INFO - Setting next_dagrun for news_data_architecture_pipeline to 2026-05-09 14:00:00+00:00, run_after=2026-05-09 15:00:00+00:00
[2026-05-09T15:28:06.445+0000] {processor.py:208} INFO - Processing /opt/airflow/dags/news_pipeline_dag.py took 0.091 seconds
[2026-05-09T15:28:36.804+0000] {processor.py:186} INFO - Started process (PID=2138) to work on /opt/airflow/dags/news_pipeline_dag.py
[2026-05-09T15:28:36.805+0000] {processor.py:914} INFO - Processing file /opt/airflow/dags/news_pipeline_dag.py for tasks to queue
[2026-05-09T15:28:36.806+0000] {logging_mixin.py:190} INFO - [2026-05-09T15:28:36.806+0000] {dagbag.py:588} INFO - Filling up the DagBag from /opt/airflow/dags/news_pipeline_dag.py
[2026-05-09T15:28:36.821+0000] {processor.py:925} INFO - DAG(s) 'news_data_architecture_pipeline' retrieved from /opt/airflow/dags/news_pipeline_dag.py
[2026-05-09T15:28:36.846+0000] {logging_mixin.py:190} INFO - [2026-05-09T15:28:36.845+0000] {dag.py:3239} INFO - Sync 1 DAGs
[2026-05-09T15:28:36.865+0000] {logging_mixin.py:190} INFO - [2026-05-09T15:28:36.864+0000] {dag.py:4180} INFO - Setting next_dagrun for news_data_architecture_pipeline to 2026-05-09 14:00:00+00:00, run_after=2026-05-09 15:00:00+00:00
[2026-05-09T15:28:36.881+0000] {processor.py:208} INFO - Processing /opt/airflow/dags/news_pipeline_dag.py took 0.083 seconds
[2026-05-09T15:29:07.269+0000] {processor.py:186} INFO - Started process (PID=2148) to work on /opt/airflow/dags/news_pipeline_dag.py
[2026-05-09T15:29:07.271+0000] {processor.py:914} INFO - Processing file /opt/airflow/dags/news_pipeline_dag.py for tasks to queue
[2026-05-09T15:29:07.272+0000] {logging_mixin.py:190} INFO - [2026-05-09T15:29:07.271+0000] {dagbag.py:588} INFO - Filling up the DagBag from /opt/airflow/dags/news_pipeline_dag.py
[2026-05-09T15:29:07.289+0000] {processor.py:925} INFO - DAG(s) 'news_data_architecture_pipeline' retrieved from /opt/airflow/dags/news_pipeline_dag.py
[2026-05-09T15:29:07.315+0000] {logging_mixin.py:190} INFO - [2026-05-09T15:29:07.315+0000] {dag.py:3239} INFO - Sync 1 DAGs
[2026-05-09T15:29:07.338+0000] {logging_mixin.py:190} INFO - [2026-05-09T15:29:07.337+0000] {dag.py:4180} INFO - Setting next_dagrun for news_data_architecture_pipeline to 2026-05-09 14:00:00+00:00, run_after=2026-05-09 15:00:00+00:00
[2026-05-09T15:29:07.358+0000] {processor.py:208} INFO - Processing /opt/airflow/dags/news_pipeline_dag.py took 0.095 seconds
[2026-05-09T15:29:37.746+0000] {processor.py:186} INFO - Started process (PID=2158) to work on /opt/airflow/dags/news_pipeline_dag.py
[2026-05-09T15:29:37.747+0000] {processor.py:914} INFO - Processing file /opt/airflow/dags/news_pipeline_dag.py for tasks to queue
[2026-05-09T15:29:37.748+0000] {logging_mixin.py:190} INFO - [2026-05-09T15:29:37.748+0000] {dagbag.py:588} INFO - Filling up the DagBag from /opt/airflow/dags/news_pipeline_dag.py
[2026-05-09T15:29:37.764+0000] {processor.py:925} INFO - DAG(s) 'news_data_architecture_pipeline' retrieved from /opt/airflow/dags/news_pipeline_dag.py
[2026-05-09T15:29:37.789+0000] {logging_mixin.py:190} INFO - [2026-05-09T15:29:37.789+0000] {dag.py:3239} INFO - Sync 1 DAGs
[2026-05-09T15:29:37.807+0000] {logging_mixin.py:190} INFO - [2026-05-09T15:29:37.807+0000] {dag.py:4180} INFO - Setting next_dagrun for news_data_architecture_pipeline to 2026-05-09 14:00:00+00:00, run_after=2026-05-09 15:00:00+00:00
[2026-05-09T15:29:37.825+0000] {processor.py:208} INFO - Processing /opt/airflow/dags/news_pipeline_dag.py took 0.085 seconds
[2026-05-09T15:30:08.192+0000] {processor.py:186} INFO - Started process (PID=2168) to work on /opt/airflow/dags/news_pipeline_dag.py
[2026-05-09T15:30:08.194+0000] {processor.py:914} INFO - Processing file /opt/airflow/dags/news_pipeline_dag.py for tasks to queue
[2026-05-09T15:30:08.196+0000] {logging_mixin.py:190} INFO - [2026-05-09T15:30:08.196+0000] {dagbag.py:588} INFO - Filling up the DagBag from /opt/airflow/dags/news_pipeline_dag.py
[2026-05-09T15:30:08.226+0000] {processor.py:925} INFO - DAG(s) 'news_data_architecture_pipeline' retrieved from /opt/airflow/dags/news_pipeline_dag.py
[2026-05-09T15:30:08.276+0000] {logging_mixin.py:190} INFO - [2026-05-09T15:30:08.276+0000] {dag.py:3239} INFO - Sync 1 DAGs
[2026-05-09T15:30:08.304+0000] {logging_mixin.py:190} INFO - [2026-05-09T15:30:08.304+0000] {dag.py:4180} INFO - Setting next_dagrun for news_data_architecture_pipeline to 2026-05-09 14:00:00+00:00, run_after=2026-05-09 15:00:00+00:00
[2026-05-09T15:30:08.324+0000] {processor.py:208} INFO - Processing /opt/airflow/dags/news_pipeline_dag.py took 0.141 seconds
[2026-05-09T15:30:38.664+0000] {processor.py:186} INFO - Started process (PID=2178) to work on /opt/airflow/dags/news_pipeline_dag.py
[2026-05-09T15:30:38.665+0000] {processor.py:914} INFO - Processing file /opt/airflow/dags/news_pipeline_dag.py for tasks to queue
[2026-05-09T15:30:38.666+0000] {logging_mixin.py:190} INFO - [2026-05-09T15:30:38.666+0000] {dagbag.py:588} INFO - Filling up the DagBag from /opt/airflow/dags/news_pipeline_dag.py
[2026-05-09T15:30:38.680+0000] {processor.py:925} INFO - DAG(s) 'news_data_architecture_pipeline' retrieved from /opt/airflow/dags/news_pipeline_dag.py
[2026-05-09T15:30:38.710+0000] {logging_mixin.py:190} INFO - [2026-05-09T15:30:38.710+0000] {dag.py:3239} INFO - Sync 1 DAGs
[2026-05-09T15:30:38.732+0000] {logging_mixin.py:190} INFO - [2026-05-09T15:30:38.732+0000] {dag.py:4180} INFO - Setting next_dagrun for news_data_architecture_pipeline to 2026-05-09 14:00:00+00:00, run_after=2026-05-09 15:00:00+00:00
[2026-05-09T15:30:38.750+0000] {processor.py:208} INFO - Processing /opt/airflow/dags/news_pipeline_dag.py took 0.092 seconds
[2026-05-09T15:31:09.118+0000] {processor.py:186} INFO - Started process (PID=2188) to work on /opt/airflow/dags/news_pipeline_dag.py
[2026-05-09T15:31:09.119+0000] {processor.py:914} INFO - Processing file /opt/airflow/dags/news_pipeline_dag.py for tasks to queue
[2026-05-09T15:31:09.120+0000] {logging_mixin.py:190} INFO - [2026-05-09T15:31:09.120+0000] {dagbag.py:588} INFO - Filling up the DagBag from /opt/airflow/dags/news_pipeline_dag.py
[2026-05-09T15:31:09.144+0000] {processor.py:925} INFO - DAG(s) 'news_data_architecture_pipeline' retrieved from /opt/airflow/dags/news_pipeline_dag.py
[2026-05-09T15:31:09.168+0000] {logging_mixin.py:190} INFO - [2026-05-09T15:31:09.168+0000] {dag.py:3239} INFO - Sync 1 DAGs
[2026-05-09T15:31:09.186+0000] {logging_mixin.py:190} INFO - [2026-05-09T15:31:09.186+0000] {dag.py:4180} INFO - Setting next_dagrun for news_data_architecture_pipeline to 2026-05-09 14:00:00+00:00, run_after=2026-05-09 15:00:00+00:00
[2026-05-09T15:31:09.207+0000] {processor.py:208} INFO - Processing /opt/airflow/dags/news_pipeline_dag.py took 0.095 seconds
[2026-05-09T15:31:39.563+0000] {processor.py:186} INFO - Started process (PID=2198) to work on /opt/airflow/dags/news_pipeline_dag.py
[2026-05-09T15:31:39.565+0000] {processor.py:914} INFO - Processing file /opt/airflow/dags/news_pipeline_dag.py for tasks to queue
[2026-05-09T15:31:39.567+0000] {logging_mixin.py:190} INFO - [2026-05-09T15:31:39.566+0000] {dagbag.py:588} INFO - Filling up the DagBag from /opt/airflow/dags/news_pipeline_dag.py
[2026-05-09T15:31:39.595+0000] {processor.py:925} INFO - DAG(s) 'news_data_architecture_pipeline' retrieved from /opt/airflow/dags/news_pipeline_dag.py
[2026-05-09T15:31:39.629+0000] {logging_mixin.py:190} INFO - [2026-05-09T15:31:39.628+0000] {dag.py:3239} INFO - Sync 1 DAGs
[2026-05-09T15:31:39.656+0000] {logging_mixin.py:190} INFO - [2026-05-09T15:31:39.655+0000] {dag.py:4180} INFO - Setting next_dagrun for news_data_architecture_pipeline to 2026-05-09 14:00:00+00:00, run_after=2026-05-09 15:00:00+00:00
[2026-05-09T15:31:39.681+0000] {processor.py:208} INFO - Processing /opt/airflow/dags/news_pipeline_dag.py took 0.125 seconds
[2026-05-09T15:32:10.053+0000] {processor.py:186} INFO - Started process (PID=2208) to work on /opt/airflow/dags/news_pipeline_dag.py
[2026-05-09T15:32:10.054+0000] {processor.py:914} INFO - Processing file /opt/airflow/dags/news_pipeline_dag.py for tasks to queue
[2026-05-09T15:32:10.055+0000] {logging_mixin.py:190} INFO - [2026-05-09T15:32:10.055+0000] {dagbag.py:588} INFO - Filling up the DagBag from /opt/airflow/dags/news_pipeline_dag.py
[2026-05-09T15:32:10.072+0000] {processor.py:925} INFO - DAG(s) 'news_data_architecture_pipeline' retrieved from /opt/airflow/dags/news_pipeline_dag.py
[2026-05-09T15:32:10.097+0000] {logging_mixin.py:190} INFO - [2026-05-09T15:32:10.097+0000] {dag.py:3239} INFO - Sync 1 DAGs
[2026-05-09T15:32:10.116+0000] {logging_mixin.py:190} INFO - [2026-05-09T15:32:10.116+0000] {dag.py:4180} INFO - Setting next_dagrun for news_data_architecture_pipeline to 2026-05-09 14:00:00+00:00, run_after=2026-05-09 15:00:00+00:00
[2026-05-09T15:32:10.136+0000] {processor.py:208} INFO - Processing /opt/airflow/dags/news_pipeline_dag.py took 0.089 seconds
[2026-05-09T15:32:40.441+0000] {processor.py:186} INFO - Started process (PID=2218) to work on /opt/airflow/dags/news_pipeline_dag.py
[2026-05-09T15:32:40.442+0000] {processor.py:914} INFO - Processing file /opt/airflow/dags/news_pipeline_dag.py for tasks to queue
[2026-05-09T15:32:40.444+0000] {logging_mixin.py:190} INFO - [2026-05-09T15:32:40.444+0000] {dagbag.py:588} INFO - Filling up the DagBag from /opt/airflow/dags/news_pipeline_dag.py
[2026-05-09T15:32:40.463+0000] {processor.py:925} INFO - DAG(s) 'news_data_architecture_pipeline' retrieved from /opt/airflow/dags/news_pipeline_dag.py
[2026-05-09T15:32:40.487+0000] {logging_mixin.py:190} INFO - [2026-05-09T15:32:40.487+0000] {dag.py:3239} INFO - Sync 1 DAGs
[2026-05-09T15:32:40.505+0000] {logging_mixin.py:190} INFO - [2026-05-09T15:32:40.505+0000] {dag.py:4180} INFO - Setting next_dagrun for news_data_architecture_pipeline to 2026-05-09 14:00:00+00:00, run_after=2026-05-09 15:00:00+00:00
[2026-05-09T15:32:40.526+0000] {processor.py:208} INFO - Processing /opt/airflow/dags/news_pipeline_dag.py took 0.091 seconds
[2026-05-09T15:33:10.896+0000] {processor.py:186} INFO - Started process (PID=2228) to work on /opt/airflow/dags/news_pipeline_dag.py
[2026-05-09T15:33:10.897+0000] {processor.py:914} INFO - Processing file /opt/airflow/dags/news_pipeline_dag.py for tasks to queue
[2026-05-09T15:33:10.898+0000] {logging_mixin.py:190} INFO - [2026-05-09T15:33:10.898+0000] {dagbag.py:588} INFO - Filling up the DagBag from /opt/airflow/dags/news_pipeline_dag.py
[2026-05-09T15:33:10.916+0000] {processor.py:925} INFO - DAG(s) 'news_data_architecture_pipeline' retrieved from /opt/airflow/dags/news_pipeline_dag.py
[2026-05-09T15:33:10.942+0000] {logging_mixin.py:190} INFO - [2026-05-09T15:33:10.942+0000] {dag.py:3239} INFO - Sync 1 DAGs
[2026-05-09T15:33:10.974+0000] {logging_mixin.py:190} INFO - [2026-05-09T15:33:10.973+0000] {dag.py:4180} INFO - Setting next_dagrun for news_data_architecture_pipeline to 2026-05-09 14:00:00+00:00, run_after=2026-05-09 15:00:00+00:00
[2026-05-09T15:33:10.993+0000] {processor.py:208} INFO - Processing /opt/airflow/dags/news_pipeline_dag.py took 0.104 seconds
[2026-05-09T15:33:41.415+0000] {processor.py:186} INFO - Started process (PID=2238) to work on /opt/airflow/dags/news_pipeline_dag.py
[2026-05-09T15:33:41.416+0000] {processor.py:914} INFO - Processing file /opt/airflow/dags/news_pipeline_dag.py for tasks to queue
[2026-05-09T15:33:41.417+0000] {logging_mixin.py:190} INFO - [2026-05-09T15:33:41.417+0000] {dagbag.py:588} INFO - Filling up the DagBag from /opt/airflow/dags/news_pipeline_dag.py
[2026-05-09T15:33:41.432+0000] {processor.py:925} INFO - DAG(s) 'news_data_architecture_pipeline' retrieved from /opt/airflow/dags/news_pipeline_dag.py
[2026-05-09T15:33:41.455+0000] {logging_mixin.py:190} INFO - [2026-05-09T15:33:41.455+0000] {dag.py:3239} INFO - Sync 1 DAGs
[2026-05-09T15:33:41.473+0000] {logging_mixin.py:190} INFO - [2026-05-09T15:33:41.472+0000] {dag.py:4180} INFO - Setting next_dagrun for news_data_architecture_pipeline to 2026-05-09 14:00:00+00:00, run_after=2026-05-09 15:00:00+00:00
[2026-05-09T15:33:41.502+0000] {processor.py:208} INFO - Processing /opt/airflow/dags/news_pipeline_dag.py took 0.093 seconds
[2026-05-09T15:34:11.848+0000] {processor.py:186} INFO - Started process (PID=2248) to work on /opt/airflow/dags/news_pipeline_dag.py
[2026-05-09T15:34:11.849+0000] {processor.py:914} INFO - Processing file /opt/airflow/dags/news_pipeline_dag.py for tasks to queue
[2026-05-09T15:34:11.850+0000] {logging_mixin.py:190} INFO - [2026-05-09T15:34:11.850+0000] {dagbag.py:588} INFO - Filling up the DagBag from /opt/airflow/dags/news_pipeline_dag.py
[2026-05-09T15:34:11.863+0000] {processor.py:925} INFO - DAG(s) 'news_data_architecture_pipeline' retrieved from /opt/airflow/dags/news_pipeline_dag.py
[2026-05-09T15:34:11.888+0000] {logging_mixin.py:190} INFO - [2026-05-09T15:34:11.888+0000] {dag.py:3239} INFO - Sync 1 DAGs
[2026-05-09T15:34:11.907+0000] {logging_mixin.py:190} INFO - [2026-05-09T15:34:11.907+0000] {dag.py:4180} INFO - Setting next_dagrun for news_data_architecture_pipeline to 2026-05-09 14:00:00+00:00, run_after=2026-05-09 15:00:00+00:00
[2026-05-09T15:34:11.925+0000] {processor.py:208} INFO - Processing /opt/airflow/dags/news_pipeline_dag.py took 0.083 seconds
[2026-05-09T15:34:42.330+0000] {processor.py:186} INFO - Started process (PID=2258) to work on /opt/airflow/dags/news_pipeline_dag.py
[2026-05-09T15:34:42.331+0000] {processor.py:914} INFO - Processing file /opt/airflow/dags/news_pipeline_dag.py for tasks to queue
[2026-05-09T15:34:42.334+0000] {logging_mixin.py:190} INFO - [2026-05-09T15:34:42.333+0000] {dagbag.py:588} INFO - Filling up the DagBag from /opt/airflow/dags/news_pipeline_dag.py
[2026-05-09T15:34:42.349+0000] {processor.py:925} INFO - DAG(s) 'news_data_architecture_pipeline' retrieved from /opt/airflow/dags/news_pipeline_dag.py
[2026-05-09T15:34:42.377+0000] {logging_mixin.py:190} INFO - [2026-05-09T15:34:42.376+0000] {dag.py:3239} INFO - Sync 1 DAGs
[2026-05-09T15:34:42.413+0000] {logging_mixin.py:190} INFO - [2026-05-09T15:34:42.413+0000] {dag.py:4180} INFO - Setting next_dagrun for news_data_architecture_pipeline to 2026-05-09 14:00:00+00:00, run_after=2026-05-09 15:00:00+00:00
[2026-05-09T15:34:42.445+0000] {processor.py:208} INFO - Processing /opt/airflow/dags/news_pipeline_dag.py took 0.121 seconds
[2026-05-09T15:35:12.812+0000] {processor.py:186} INFO - Started process (PID=2268) to work on /opt/airflow/dags/news_pipeline_dag.py
[2026-05-09T15:35:12.813+0000] {processor.py:914} INFO - Processing file /opt/airflow/dags/news_pipeline_dag.py for tasks to queue
[2026-05-09T15:35:12.814+0000] {logging_mixin.py:190} INFO - [2026-05-09T15:35:12.814+0000] {dagbag.py:588} INFO - Filling up the DagBag from /opt/airflow/dags/news_pipeline_dag.py
[2026-05-09T15:35:12.827+0000] {processor.py:925} INFO - DAG(s) 'news_data_architecture_pipeline' retrieved from /opt/airflow/dags/news_pipeline_dag.py
[2026-05-09T15:35:12.849+0000] {logging_mixin.py:190} INFO - [2026-05-09T15:35:12.849+0000] {dag.py:3239} INFO - Sync 1 DAGs
[2026-05-09T15:35:12.867+0000] {logging_mixin.py:190} INFO - [2026-05-09T15:35:12.867+0000] {dag.py:4180} INFO - Setting next_dagrun for news_data_architecture_pipeline to 2026-05-09 14:00:00+00:00, run_after=2026-05-09 15:00:00+00:00
[2026-05-09T15:35:12.886+0000] {processor.py:208} INFO - Processing /opt/airflow/dags/news_pipeline_dag.py took 0.079 seconds
[2026-05-09T15:35:43.231+0000] {processor.py:186} INFO - Started process (PID=2278) to work on /opt/airflow/dags/news_pipeline_dag.py
[2026-05-09T15:35:43.232+0000] {processor.py:914} INFO - Processing file /opt/airflow/dags/news_pipeline_dag.py for tasks to queue
[2026-05-09T15:35:43.233+0000] {logging_mixin.py:190} INFO - [2026-05-09T15:35:43.233+0000] {dagbag.py:588} INFO - Filling up the DagBag from /opt/airflow/dags/news_pipeline_dag.py
[2026-05-09T15:35:43.249+0000] {processor.py:925} INFO - DAG(s) 'news_data_architecture_pipeline' retrieved from /opt/airflow/dags/news_pipeline_dag.py
[2026-05-09T15:35:43.274+0000] {logging_mixin.py:190} INFO - [2026-05-09T15:35:43.274+0000] {dag.py:3239} INFO - Sync 1 DAGs
[2026-05-09T15:35:43.297+0000] {logging_mixin.py:190} INFO - [2026-05-09T15:35:43.297+0000] {dag.py:4180} INFO - Setting next_dagrun for news_data_architecture_pipeline to 2026-05-09 14:00:00+00:00, run_after=2026-05-09 15:00:00+00:00
[2026-05-09T15:35:43.313+0000] {processor.py:208} INFO - Processing /opt/airflow/dags/news_pipeline_dag.py took 0.088 seconds
[2026-05-09T15:36:13.621+0000] {processor.py:186} INFO - Started process (PID=2288) to work on /opt/airflow/dags/news_pipeline_dag.py
[2026-05-09T15:36:13.622+0000] {processor.py:914} INFO - Processing file /opt/airflow/dags/news_pipeline_dag.py for tasks to queue
[2026-05-09T15:36:13.624+0000] {logging_mixin.py:190} INFO - [2026-05-09T15:36:13.624+0000] {dagbag.py:588} INFO - Filling up the DagBag from /opt/airflow/dags/news_pipeline_dag.py
[2026-05-09T15:36:13.649+0000] {processor.py:925} INFO - DAG(s) 'news_data_architecture_pipeline' retrieved from /opt/airflow/dags/news_pipeline_dag.py
[2026-05-09T15:36:13.681+0000] {logging_mixin.py:190} INFO - [2026-05-09T15:36:13.681+0000] {dag.py:3239} INFO - Sync 1 DAGs
[2026-05-09T15:36:13.700+0000] {logging_mixin.py:190} INFO - [2026-05-09T15:36:13.700+0000] {dag.py:4180} INFO - Setting next_dagrun for news_data_architecture_pipeline to 2026-05-09 14:00:00+00:00, run_after=2026-05-09 15:00:00+00:00
[2026-05-09T15:36:13.718+0000] {processor.py:208} INFO - Processing /opt/airflow/dags/news_pipeline_dag.py took 0.106 seconds
[2026-05-09T15:36:44.151+0000] {processor.py:186} INFO - Started process (PID=2298) to work on /opt/airflow/dags/news_pipeline_dag.py
[2026-05-09T15:36:44.152+0000] {processor.py:914} INFO - Processing file /opt/airflow/dags/news_pipeline_dag.py for tasks to queue
[2026-05-09T15:36:44.154+0000] {logging_mixin.py:190} INFO - [2026-05-09T15:36:44.153+0000] {dagbag.py:588} INFO - Filling up the DagBag from /opt/airflow/dags/news_pipeline_dag.py
[2026-05-09T15:36:44.168+0000] {processor.py:925} INFO - DAG(s) 'news_data_architecture_pipeline' retrieved from /opt/airflow/dags/news_pipeline_dag.py
[2026-05-09T15:36:44.193+0000] {logging_mixin.py:190} INFO - [2026-05-09T15:36:44.193+0000] {dag.py:3239} INFO - Sync 1 DAGs
[2026-05-09T15:36:44.210+0000] {logging_mixin.py:190} INFO - [2026-05-09T15:36:44.210+0000] {dag.py:4180} INFO - Setting next_dagrun for news_data_architecture_pipeline to 2026-05-09 14:00:00+00:00, run_after=2026-05-09 15:00:00+00:00
[2026-05-09T15:36:44.229+0000] {processor.py:208} INFO - Processing /opt/airflow/dags/news_pipeline_dag.py took 0.083 seconds
[2026-05-09T15:37:14.590+0000] {processor.py:186} INFO - Started process (PID=2308) to work on /opt/airflow/dags/news_pipeline_dag.py
[2026-05-09T15:37:14.591+0000] {processor.py:914} INFO - Processing file /opt/airflow/dags/news_pipeline_dag.py for tasks to queue
[2026-05-09T15:37:14.593+0000] {logging_mixin.py:190} INFO - [2026-05-09T15:37:14.592+0000] {dagbag.py:588} INFO - Filling up the DagBag from /opt/airflow/dags/news_pipeline_dag.py
[2026-05-09T15:37:14.606+0000] {processor.py:925} INFO - DAG(s) 'news_data_architecture_pipeline' retrieved from /opt/airflow/dags/news_pipeline_dag.py
[2026-05-09T15:37:14.630+0000] {logging_mixin.py:190} INFO - [2026-05-09T15:37:14.629+0000] {dag.py:3239} INFO - Sync 1 DAGs
[2026-05-09T15:37:14.647+0000] {logging_mixin.py:190} INFO - [2026-05-09T15:37:14.647+0000] {dag.py:4180} INFO - Setting next_dagrun for news_data_architecture_pipeline to 2026-05-09 14:00:00+00:00, run_after=2026-05-09 15:00:00+00:00
[2026-05-09T15:37:14.677+0000] {processor.py:208} INFO - Processing /opt/airflow/dags/news_pipeline_dag.py took 0.092 seconds
[2026-05-09T15:37:45.037+0000] {processor.py:186} INFO - Started process (PID=2318) to work on /opt/airflow/dags/news_pipeline_dag.py
[2026-05-09T15:37:45.038+0000] {processor.py:914} INFO - Processing file /opt/airflow/dags/news_pipeline_dag.py for tasks to queue
[2026-05-09T15:37:45.039+0000] {logging_mixin.py:190} INFO - [2026-05-09T15:37:45.039+0000] {dagbag.py:588} INFO - Filling up the DagBag from /opt/airflow/dags/news_pipeline_dag.py
[2026-05-09T15:37:45.055+0000] {processor.py:925} INFO - DAG(s) 'news_data_architecture_pipeline' retrieved from /opt/airflow/dags/news_pipeline_dag.py
[2026-05-09T15:37:45.081+0000] {logging_mixin.py:190} INFO - [2026-05-09T15:37:45.081+0000] {dag.py:3239} INFO - Sync 1 DAGs
[2026-05-09T15:37:45.100+0000] {logging_mixin.py:190} INFO - [2026-05-09T15:37:45.100+0000] {dag.py:4180} INFO - Setting next_dagrun for news_data_architecture_pipeline to 2026-05-09 14:00:00+00:00, run_after=2026-05-09 15:00:00+00:00
[2026-05-09T15:37:45.120+0000] {processor.py:208} INFO - Processing /opt/airflow/dags/news_pipeline_dag.py took 0.089 seconds
[2026-05-09T15:38:15.657+0000] {processor.py:186} INFO - Started process (PID=2328) to work on /opt/airflow/dags/news_pipeline_dag.py
[2026-05-09T15:38:15.658+0000] {processor.py:914} INFO - Processing file /opt/airflow/dags/news_pipeline_dag.py for tasks to queue
[2026-05-09T15:38:15.659+0000] {logging_mixin.py:190} INFO - [2026-05-09T15:38:15.659+0000] {dagbag.py:588} INFO - Filling up the DagBag from /opt/airflow/dags/news_pipeline_dag.py
[2026-05-09T15:38:15.674+0000] {processor.py:925} INFO - DAG(s) 'news_data_architecture_pipeline' retrieved from /opt/airflow/dags/news_pipeline_dag.py
[2026-05-09T15:38:15.701+0000] {logging_mixin.py:190} INFO - [2026-05-09T15:38:15.700+0000] {dag.py:3239} INFO - Sync 1 DAGs
[2026-05-09T15:38:15.722+0000] {logging_mixin.py:190} INFO - [2026-05-09T15:38:15.722+0000] {dag.py:4180} INFO - Setting next_dagrun for news_data_architecture_pipeline to 2026-05-09 14:00:00+00:00, run_after=2026-05-09 15:00:00+00:00
[2026-05-09T15:38:15.740+0000] {processor.py:208} INFO - Processing /opt/airflow/dags/news_pipeline_dag.py took 0.090 seconds
[2026-05-09T15:38:46.138+0000] {processor.py:186} INFO - Started process (PID=2338) to work on /opt/airflow/dags/news_pipeline_dag.py
[2026-05-09T15:38:46.140+0000] {processor.py:914} INFO - Processing file /opt/airflow/dags/news_pipeline_dag.py for tasks to queue
[2026-05-09T15:38:46.141+0000] {logging_mixin.py:190} INFO - [2026-05-09T15:38:46.141+0000] {dagbag.py:588} INFO - Filling up the DagBag from /opt/airflow/dags/news_pipeline_dag.py
[2026-05-09T15:38:46.157+0000] {processor.py:925} INFO - DAG(s) 'news_data_architecture_pipeline' retrieved from /opt/airflow/dags/news_pipeline_dag.py
[2026-05-09T15:38:46.182+0000] {logging_mixin.py:190} INFO - [2026-05-09T15:38:46.182+0000] {dag.py:3239} INFO - Sync 1 DAGs
[2026-05-09T15:38:46.202+0000] {logging_mixin.py:190} INFO - [2026-05-09T15:38:46.202+0000] {dag.py:4180} INFO - Setting next_dagrun for news_data_architecture_pipeline to 2026-05-09 14:00:00+00:00, run_after=2026-05-09 15:00:00+00:00
[2026-05-09T15:38:46.220+0000] {processor.py:208} INFO - Processing /opt/airflow/dags/news_pipeline_dag.py took 0.087 seconds
[2026-05-09T15:39:16.643+0000] {processor.py:186} INFO - Started process (PID=2348) to work on /opt/airflow/dags/news_pipeline_dag.py
[2026-05-09T15:39:16.644+0000] {processor.py:914} INFO - Processing file /opt/airflow/dags/news_pipeline_dag.py for tasks to queue
[2026-05-09T15:39:16.645+0000] {logging_mixin.py:190} INFO - [2026-05-09T15:39:16.645+0000] {dagbag.py:588} INFO - Filling up the DagBag from /opt/airflow/dags/news_pipeline_dag.py
[2026-05-09T15:39:16.659+0000] {processor.py:925} INFO - DAG(s) 'news_data_architecture_pipeline' retrieved from /opt/airflow/dags/news_pipeline_dag.py
[2026-05-09T15:39:16.684+0000] {logging_mixin.py:190} INFO - [2026-05-09T15:39:16.684+0000] {dag.py:3239} INFO - Sync 1 DAGs
[2026-05-09T15:39:16.703+0000] {logging_mixin.py:190} INFO - [2026-05-09T15:39:16.703+0000] {dag.py:4180} INFO - Setting next_dagrun for news_data_architecture_pipeline to 2026-05-09 14:00:00+00:00, run_after=2026-05-09 15:00:00+00:00
[2026-05-09T15:39:16.722+0000] {processor.py:208} INFO - Processing /opt/airflow/dags/news_pipeline_dag.py took 0.085 seconds
[2026-05-09T15:39:47.115+0000] {processor.py:186} INFO - Started process (PID=2358) to work on /opt/airflow/dags/news_pipeline_dag.py
[2026-05-09T15:39:47.117+0000] {processor.py:914} INFO - Processing file /opt/airflow/dags/news_pipeline_dag.py for tasks to queue
[2026-05-09T15:39:47.118+0000] {logging_mixin.py:190} INFO - [2026-05-09T15:39:47.118+0000] {dagbag.py:588} INFO - Filling up the DagBag from /opt/airflow/dags/news_pipeline_dag.py
[2026-05-09T15:39:47.133+0000] {processor.py:925} INFO - DAG(s) 'news_data_architecture_pipeline' retrieved from /opt/airflow/dags/news_pipeline_dag.py
[2026-05-09T15:39:47.156+0000] {logging_mixin.py:190} INFO - [2026-05-09T15:39:47.156+0000] {dag.py:3239} INFO - Sync 1 DAGs
[2026-05-09T15:39:47.175+0000] {logging_mixin.py:190} INFO - [2026-05-09T15:39:47.175+0000] {dag.py:4180} INFO - Setting next_dagrun for news_data_architecture_pipeline to 2026-05-09 14:00:00+00:00, run_after=2026-05-09 15:00:00+00:00
[2026-05-09T15:39:47.196+0000] {processor.py:208} INFO - Processing /opt/airflow/dags/news_pipeline_dag.py took 0.086 seconds
[2026-05-09T15:40:17.640+0000] {processor.py:186} INFO - Started process (PID=2368) to work on /opt/airflow/dags/news_pipeline_dag.py
[2026-05-09T15:40:17.641+0000] {processor.py:914} INFO - Processing file /opt/airflow/dags/news_pipeline_dag.py for tasks to queue
[2026-05-09T15:40:17.642+0000] {logging_mixin.py:190} INFO - [2026-05-09T15:40:17.642+0000] {dagbag.py:588} INFO - Filling up the DagBag from /opt/airflow/dags/news_pipeline_dag.py
[2026-05-09T15:40:17.658+0000] {processor.py:925} INFO - DAG(s) 'news_data_architecture_pipeline' retrieved from /opt/airflow/dags/news_pipeline_dag.py
[2026-05-09T15:40:17.687+0000] {logging_mixin.py:190} INFO - [2026-05-09T15:40:17.687+0000] {dag.py:3239} INFO - Sync 1 DAGs
[2026-05-09T15:40:17.706+0000] {logging_mixin.py:190} INFO - [2026-05-09T15:40:17.706+0000] {dag.py:4180} INFO - Setting next_dagrun for news_data_architecture_pipeline to 2026-05-09 14:00:00+00:00, run_after=2026-05-09 15:00:00+00:00
[2026-05-09T15:40:17.727+0000] {processor.py:208} INFO - Processing /opt/airflow/dags/news_pipeline_dag.py took 0.093 seconds
[2026-05-09T15:40:48.047+0000] {processor.py:186} INFO - Started process (PID=2378) to work on /opt/airflow/dags/news_pipeline_dag.py
[2026-05-09T15:40:48.048+0000] {processor.py:914} INFO - Processing file /opt/airflow/dags/news_pipeline_dag.py for tasks to queue
[2026-05-09T15:40:48.049+0000] {logging_mixin.py:190} INFO - [2026-05-09T15:40:48.049+0000] {dagbag.py:588} INFO - Filling up the DagBag from /opt/airflow/dags/news_pipeline_dag.py
[2026-05-09T15:40:48.065+0000] {processor.py:925} INFO - DAG(s) 'news_data_architecture_pipeline' retrieved from /opt/airflow/dags/news_pipeline_dag.py
[2026-05-09T15:40:48.093+0000] {logging_mixin.py:190} INFO - [2026-05-09T15:40:48.093+0000] {dag.py:3239} INFO - Sync 1 DAGs
[2026-05-09T15:40:48.118+0000] {logging_mixin.py:190} INFO - [2026-05-09T15:40:48.117+0000] {dag.py:4180} INFO - Setting next_dagrun for news_data_architecture_pipeline to 2026-05-09 14:00:00+00:00, run_after=2026-05-09 15:00:00+00:00
[2026-05-09T15:40:48.139+0000] {processor.py:208} INFO - Processing /opt/airflow/dags/news_pipeline_dag.py took 0.099 seconds
[2026-05-09T15:41:18.542+0000] {processor.py:186} INFO - Started process (PID=2388) to work on /opt/airflow/dags/news_pipeline_dag.py
[2026-05-09T15:41:18.544+0000] {processor.py:914} INFO - Processing file /opt/airflow/dags/news_pipeline_dag.py for tasks to queue
[2026-05-09T15:41:18.545+0000] {logging_mixin.py:190} INFO - [2026-05-09T15:41:18.545+0000] {dagbag.py:588} INFO - Filling up the DagBag from /opt/airflow/dags/news_pipeline_dag.py
[2026-05-09T15:41:18.567+0000] {processor.py:925} INFO - DAG(s) 'news_data_architecture_pipeline' retrieved from /opt/airflow/dags/news_pipeline_dag.py
[2026-05-09T15:41:18.603+0000] {logging_mixin.py:190} INFO - [2026-05-09T15:41:18.603+0000] {dag.py:3239} INFO - Sync 1 DAGs
[2026-05-09T15:41:18.626+0000] {logging_mixin.py:190} INFO - [2026-05-09T15:41:18.626+0000] {dag.py:4180} INFO - Setting next_dagrun for news_data_architecture_pipeline to 2026-05-09 14:00:00+00:00, run_after=2026-05-09 15:00:00+00:00
[2026-05-09T15:41:18.655+0000] {processor.py:208} INFO - Processing /opt/airflow/dags/news_pipeline_dag.py took 0.119 seconds
[2026-05-09T15:41:49.093+0000] {processor.py:186} INFO - Started process (PID=2398) to work on /opt/airflow/dags/news_pipeline_dag.py
[2026-05-09T15:41:49.094+0000] {processor.py:914} INFO - Processing file /opt/airflow/dags/news_pipeline_dag.py for tasks to queue
[2026-05-09T15:41:49.096+0000] {logging_mixin.py:190} INFO - [2026-05-09T15:41:49.096+0000] {dagbag.py:588} INFO - Filling up the DagBag from /opt/airflow/dags/news_pipeline_dag.py
[2026-05-09T15:41:49.110+0000] {processor.py:925} INFO - DAG(s) 'news_data_architecture_pipeline' retrieved from /opt/airflow/dags/news_pipeline_dag.py
[2026-05-09T15:41:49.134+0000] {logging_mixin.py:190} INFO - [2026-05-09T15:41:49.134+0000] {dag.py:3239} INFO - Sync 1 DAGs
[2026-05-09T15:41:49.154+0000] {logging_mixin.py:190} INFO - [2026-05-09T15:41:49.154+0000] {dag.py:4180} INFO - Setting next_dagrun for news_data_architecture_pipeline to 2026-05-09 14:00:00+00:00, run_after=2026-05-09 15:00:00+00:00
[2026-05-09T15:41:49.181+0000] {processor.py:208} INFO - Processing /opt/airflow/dags/news_pipeline_dag.py took 0.094 seconds
[2026-05-09T15:42:19.573+0000] {processor.py:186} INFO - Started process (PID=2408) to work on /opt/airflow/dags/news_pipeline_dag.py
[2026-05-09T15:42:19.574+0000] {processor.py:914} INFO - Processing file /opt/airflow/dags/news_pipeline_dag.py for tasks to queue
[2026-05-09T15:42:19.576+0000] {logging_mixin.py:190} INFO - [2026-05-09T15:42:19.576+0000] {dagbag.py:588} INFO - Filling up the DagBag from /opt/airflow/dags/news_pipeline_dag.py
[2026-05-09T15:42:19.590+0000] {processor.py:925} INFO - DAG(s) 'news_data_architecture_pipeline' retrieved from /opt/airflow/dags/news_pipeline_dag.py
[2026-05-09T15:42:19.615+0000] {logging_mixin.py:190} INFO - [2026-05-09T15:42:19.615+0000] {dag.py:3239} INFO - Sync 1 DAGs
[2026-05-09T15:42:19.633+0000] {logging_mixin.py:190} INFO - [2026-05-09T15:42:19.633+0000] {dag.py:4180} INFO - Setting next_dagrun for news_data_architecture_pipeline to 2026-05-09 14:00:00+00:00, run_after=2026-05-09 15:00:00+00:00
[2026-05-09T15:42:19.652+0000] {processor.py:208} INFO - Processing /opt/airflow/dags/news_pipeline_dag.py took 0.084 seconds
[2026-05-09T15:42:49.998+0000] {processor.py:186} INFO - Started process (PID=2418) to work on /opt/airflow/dags/news_pipeline_dag.py
[2026-05-09T15:42:49.999+0000] {processor.py:914} INFO - Processing file /opt/airflow/dags/news_pipeline_dag.py for tasks to queue
[2026-05-09T15:42:50.001+0000] {logging_mixin.py:190} INFO - [2026-05-09T15:42:50.000+0000] {dagbag.py:588} INFO - Filling up the DagBag from /opt/airflow/dags/news_pipeline_dag.py
[2026-05-09T15:42:50.014+0000] {processor.py:925} INFO - DAG(s) 'news_data_architecture_pipeline' retrieved from /opt/airflow/dags/news_pipeline_dag.py
[2026-05-09T15:42:50.039+0000] {logging_mixin.py:190} INFO - [2026-05-09T15:42:50.039+0000] {dag.py:3239} INFO - Sync 1 DAGs
[2026-05-09T15:42:50.061+0000] {logging_mixin.py:190} INFO - [2026-05-09T15:42:50.061+0000] {dag.py:4180} INFO - Setting next_dagrun for news_data_architecture_pipeline to 2026-05-09 14:00:00+00:00, run_after=2026-05-09 15:00:00+00:00
[2026-05-09T15:42:50.082+0000] {processor.py:208} INFO - Processing /opt/airflow/dags/news_pipeline_dag.py took 0.090 seconds
[2026-05-09T15:43:20.475+0000] {processor.py:186} INFO - Started process (PID=2428) to work on /opt/airflow/dags/news_pipeline_dag.py
[2026-05-09T15:43:20.476+0000] {processor.py:914} INFO - Processing file /opt/airflow/dags/news_pipeline_dag.py for tasks to queue
[2026-05-09T15:43:20.477+0000] {logging_mixin.py:190} INFO - [2026-05-09T15:43:20.477+0000] {dagbag.py:588} INFO - Filling up the DagBag from /opt/airflow/dags/news_pipeline_dag.py
[2026-05-09T15:43:20.492+0000] {processor.py:925} INFO - DAG(s) 'news_data_architecture_pipeline' retrieved from /opt/airflow/dags/news_pipeline_dag.py
[2026-05-09T15:43:20.518+0000] {logging_mixin.py:190} INFO - [2026-05-09T15:43:20.518+0000] {dag.py:3239} INFO - Sync 1 DAGs
[2026-05-09T15:43:20.536+0000] {logging_mixin.py:190} INFO - [2026-05-09T15:43:20.536+0000] {dag.py:4180} INFO - Setting next_dagrun for news_data_architecture_pipeline to 2026-05-09 14:00:00+00:00, run_after=2026-05-09 15:00:00+00:00
[2026-05-09T15:43:20.556+0000] {processor.py:208} INFO - Processing /opt/airflow/dags/news_pipeline_dag.py took 0.087 seconds
[2026-05-09T15:43:50.913+0000] {processor.py:186} INFO - Started process (PID=2438) to work on /opt/airflow/dags/news_pipeline_dag.py
[2026-05-09T15:43:50.914+0000] {processor.py:914} INFO - Processing file /opt/airflow/dags/news_pipeline_dag.py for tasks to queue
[2026-05-09T15:43:50.915+0000] {logging_mixin.py:190} INFO - [2026-05-09T15:43:50.915+0000] {dagbag.py:588} INFO - Filling up the DagBag from /opt/airflow/dags/news_pipeline_dag.py
[2026-05-09T15:43:50.929+0000] {processor.py:925} INFO - DAG(s) 'news_data_architecture_pipeline' retrieved from /opt/airflow/dags/news_pipeline_dag.py
[2026-05-09T15:43:50.954+0000] {logging_mixin.py:190} INFO - [2026-05-09T15:43:50.954+0000] {dag.py:3239} INFO - Sync 1 DAGs
[2026-05-09T15:43:50.973+0000] {logging_mixin.py:190} INFO - [2026-05-09T15:43:50.973+0000] {dag.py:4180} INFO - Setting next_dagrun for news_data_architecture_pipeline to 2026-05-09 14:00:00+00:00, run_after=2026-05-09 15:00:00+00:00
[2026-05-09T15:43:51.000+0000] {processor.py:208} INFO - Processing /opt/airflow/dags/news_pipeline_dag.py took 0.093 seconds
[2026-05-09T15:44:21.344+0000] {processor.py:186} INFO - Started process (PID=2448) to work on /opt/airflow/dags/news_pipeline_dag.py
[2026-05-09T15:44:21.345+0000] {processor.py:914} INFO - Processing file /opt/airflow/dags/news_pipeline_dag.py for tasks to queue
[2026-05-09T15:44:21.347+0000] {logging_mixin.py:190} INFO - [2026-05-09T15:44:21.346+0000] {dagbag.py:588} INFO - Filling up the DagBag from /opt/airflow/dags/news_pipeline_dag.py
[2026-05-09T15:44:21.362+0000] {processor.py:925} INFO - DAG(s) 'news_data_architecture_pipeline' retrieved from /opt/airflow/dags/news_pipeline_dag.py
[2026-05-09T15:44:21.385+0000] {logging_mixin.py:190} INFO - [2026-05-09T15:44:21.385+0000] {dag.py:3239} INFO - Sync 1 DAGs
[2026-05-09T15:44:21.414+0000] {logging_mixin.py:190} INFO - [2026-05-09T15:44:21.413+0000] {dag.py:4180} INFO - Setting next_dagrun for news_data_architecture_pipeline to 2026-05-09 14:00:00+00:00, run_after=2026-05-09 15:00:00+00:00
[2026-05-09T15:44:21.435+0000] {processor.py:208} INFO - Processing /opt/airflow/dags/news_pipeline_dag.py took 0.096 seconds
[2026-05-09T15:44:51.787+0000] {processor.py:186} INFO - Started process (PID=2458) to work on /opt/airflow/dags/news_pipeline_dag.py
[2026-05-09T15:44:51.788+0000] {processor.py:914} INFO - Processing file /opt/airflow/dags/news_pipeline_dag.py for tasks to queue
[2026-05-09T15:44:51.789+0000] {logging_mixin.py:190} INFO - [2026-05-09T15:44:51.789+0000] {dagbag.py:588} INFO - Filling up the DagBag from /opt/airflow/dags/news_pipeline_dag.py
[2026-05-09T15:44:51.802+0000] {processor.py:925} INFO - DAG(s) 'news_data_architecture_pipeline' retrieved from /opt/airflow/dags/news_pipeline_dag.py
[2026-05-09T15:44:51.826+0000] {logging_mixin.py:190} INFO - [2026-05-09T15:44:51.826+0000] {dag.py:3239} INFO - Sync 1 DAGs
[2026-05-09T15:44:51.847+0000] {logging_mixin.py:190} INFO - [2026-05-09T15:44:51.847+0000] {dag.py:4180} INFO - Setting next_dagrun for news_data_architecture_pipeline to 2026-05-09 14:00:00+00:00, run_after=2026-05-09 15:00:00+00:00
[2026-05-09T15:44:51.866+0000] {processor.py:208} INFO - Processing /opt/airflow/dags/news_pipeline_dag.py took 0.085 seconds
[2026-05-09T15:45:22.265+0000] {processor.py:186} INFO - Started process (PID=2468) to work on /opt/airflow/dags/news_pipeline_dag.py
[2026-05-09T15:45:22.266+0000] {processor.py:914} INFO - Processing file /opt/airflow/dags/news_pipeline_dag.py for tasks to queue
[2026-05-09T15:45:22.268+0000] {logging_mixin.py:190} INFO - [2026-05-09T15:45:22.267+0000] {dagbag.py:588} INFO - Filling up the DagBag from /opt/airflow/dags/news_pipeline_dag.py
[2026-05-09T15:45:22.284+0000] {processor.py:925} INFO - DAG(s) 'news_data_architecture_pipeline' retrieved from /opt/airflow/dags/news_pipeline_dag.py
[2026-05-09T15:45:22.324+0000] {logging_mixin.py:190} INFO - [2026-05-09T15:45:22.324+0000] {dag.py:3239} INFO - Sync 1 DAGs
[2026-05-09T15:45:22.344+0000] {logging_mixin.py:190} INFO - [2026-05-09T15:45:22.344+0000] {dag.py:4180} INFO - Setting next_dagrun for news_data_architecture_pipeline to 2026-05-09 14:00:00+00:00, run_after=2026-05-09 15:00:00+00:00
[2026-05-09T15:45:22.372+0000] {processor.py:208} INFO - Processing /opt/airflow/dags/news_pipeline_dag.py took 0.113 seconds
[2026-05-09T15:45:52.736+0000] {processor.py:186} INFO - Started process (PID=2478) to work on /opt/airflow/dags/news_pipeline_dag.py
[2026-05-09T15:45:52.764+0000] {processor.py:914} INFO - Processing file /opt/airflow/dags/news_pipeline_dag.py for tasks to queue
[2026-05-09T15:45:52.766+0000] {logging_mixin.py:190} INFO - [2026-05-09T15:45:52.765+0000] {dagbag.py:588} INFO - Filling up the DagBag from /opt/airflow/dags/news_pipeline_dag.py
[2026-05-09T15:45:52.795+0000] {processor.py:925} INFO - DAG(s) 'news_data_architecture_pipeline' retrieved from /opt/airflow/dags/news_pipeline_dag.py
[2026-05-09T15:45:52.837+0000] {logging_mixin.py:190} INFO - [2026-05-09T15:45:52.837+0000] {dag.py:3239} INFO - Sync 1 DAGs
[2026-05-09T15:45:52.867+0000] {logging_mixin.py:190} INFO - [2026-05-09T15:45:52.867+0000] {dag.py:4180} INFO - Setting next_dagrun for news_data_architecture_pipeline to 2026-05-09 14:00:00+00:00, run_after=2026-05-09 15:00:00+00:00
[2026-05-09T15:45:52.898+0000] {processor.py:208} INFO - Processing /opt/airflow/dags/news_pipeline_dag.py took 0.170 seconds
[2026-05-09T15:46:23.646+0000] {processor.py:186} INFO - Started process (PID=2514) to work on /opt/airflow/dags/news_pipeline_dag.py
[2026-05-09T15:46:23.648+0000] {processor.py:914} INFO - Processing file /opt/airflow/dags/news_pipeline_dag.py for tasks to queue
[2026-05-09T15:46:23.649+0000] {logging_mixin.py:190} INFO - [2026-05-09T15:46:23.649+0000] {dagbag.py:588} INFO - Filling up the DagBag from /opt/airflow/dags/news_pipeline_dag.py
[2026-05-09T15:46:23.681+0000] {processor.py:925} INFO - DAG(s) 'news_data_architecture_pipeline' retrieved from /opt/airflow/dags/news_pipeline_dag.py
[2026-05-09T15:46:23.726+0000] {logging_mixin.py:190} INFO - [2026-05-09T15:46:23.725+0000] {dag.py:3239} INFO - Sync 1 DAGs
[2026-05-09T15:46:23.756+0000] {logging_mixin.py:190} INFO - [2026-05-09T15:46:23.756+0000] {dag.py:4180} INFO - Setting next_dagrun for news_data_architecture_pipeline to 2026-05-09 14:00:00+00:00, run_after=2026-05-09 15:00:00+00:00
[2026-05-09T15:46:23.799+0000] {processor.py:208} INFO - Processing /opt/airflow/dags/news_pipeline_dag.py took 0.161 seconds
[2026-05-09T15:46:54.105+0000] {processor.py:186} INFO - Started process (PID=2631) to work on /opt/airflow/dags/news_pipeline_dag.py
[2026-05-09T15:46:54.107+0000] {processor.py:914} INFO - Processing file /opt/airflow/dags/news_pipeline_dag.py for tasks to queue
[2026-05-09T15:46:54.110+0000] {logging_mixin.py:190} INFO - [2026-05-09T15:46:54.109+0000] {dagbag.py:588} INFO - Filling up the DagBag from /opt/airflow/dags/news_pipeline_dag.py
[2026-05-09T15:46:54.125+0000] {processor.py:925} INFO - DAG(s) 'news_data_architecture_pipeline' retrieved from /opt/airflow/dags/news_pipeline_dag.py
[2026-05-09T15:46:54.155+0000] {logging_mixin.py:190} INFO - [2026-05-09T15:46:54.154+0000] {dag.py:3239} INFO - Sync 1 DAGs
[2026-05-09T15:46:54.179+0000] {logging_mixin.py:190} INFO - [2026-05-09T15:46:54.179+0000] {dag.py:4180} INFO - Setting next_dagrun for news_data_architecture_pipeline to 2026-05-09 14:00:00+00:00, run_after=2026-05-09 15:00:00+00:00
[2026-05-09T15:46:54.465+0000] {processor.py:208} INFO - Processing /opt/airflow/dags/news_pipeline_dag.py took 0.367 seconds
[2026-05-09T15:47:24.553+0000] {processor.py:186} INFO - Started process (PID=2732) to work on /opt/airflow/dags/news_pipeline_dag.py
[2026-05-09T15:47:24.555+0000] {processor.py:914} INFO - Processing file /opt/airflow/dags/news_pipeline_dag.py for tasks to queue
[2026-05-09T15:47:24.556+0000] {logging_mixin.py:190} INFO - [2026-05-09T15:47:24.556+0000] {dagbag.py:588} INFO - Filling up the DagBag from /opt/airflow/dags/news_pipeline_dag.py
[2026-05-09T15:47:24.572+0000] {processor.py:925} INFO - DAG(s) 'news_data_architecture_pipeline' retrieved from /opt/airflow/dags/news_pipeline_dag.py
[2026-05-09T15:47:24.600+0000] {logging_mixin.py:190} INFO - [2026-05-09T15:47:24.600+0000] {dag.py:3239} INFO - Sync 1 DAGs
[2026-05-09T15:47:24.618+0000] {logging_mixin.py:190} INFO - [2026-05-09T15:47:24.618+0000] {dag.py:4180} INFO - Setting next_dagrun for news_data_architecture_pipeline to 2026-05-09 14:00:00+00:00, run_after=2026-05-09 15:00:00+00:00
[2026-05-09T15:47:24.647+0000] {processor.py:208} INFO - Processing /opt/airflow/dags/news_pipeline_dag.py took 0.100 seconds
[2026-05-09T15:47:54.840+0000] {processor.py:186} INFO - Started process (PID=2740) to work on /opt/airflow/dags/news_pipeline_dag.py
[2026-05-09T15:47:54.841+0000] {processor.py:914} INFO - Processing file /opt/airflow/dags/news_pipeline_dag.py for tasks to queue
[2026-05-09T15:47:54.842+0000] {logging_mixin.py:190} INFO - [2026-05-09T15:47:54.842+0000] {dagbag.py:588} INFO - Filling up the DagBag from /opt/airflow/dags/news_pipeline_dag.py
[2026-05-09T15:47:54.857+0000] {processor.py:925} INFO - DAG(s) 'news_data_architecture_pipeline' retrieved from /opt/airflow/dags/news_pipeline_dag.py
[2026-05-09T15:47:54.885+0000] {logging_mixin.py:190} INFO - [2026-05-09T15:47:54.885+0000] {dag.py:3239} INFO - Sync 1 DAGs
[2026-05-09T15:47:54.906+0000] {logging_mixin.py:190} INFO - [2026-05-09T15:47:54.906+0000] {dag.py:4180} INFO - Setting next_dagrun for news_data_architecture_pipeline to 2026-05-09 14:00:00+00:00, run_after=2026-05-09 15:00:00+00:00
[2026-05-09T15:47:54.929+0000] {processor.py:208} INFO - Processing /opt/airflow/dags/news_pipeline_dag.py took 0.096 seconds
[2026-05-09T15:48:25.142+0000] {processor.py:186} INFO - Started process (PID=2750) to work on /opt/airflow/dags/news_pipeline_dag.py
[2026-05-09T15:48:25.143+0000] {processor.py:914} INFO - Processing file /opt/airflow/dags/news_pipeline_dag.py for tasks to queue
[2026-05-09T15:48:25.145+0000] {logging_mixin.py:190} INFO - [2026-05-09T15:48:25.144+0000] {dagbag.py:588} INFO - Filling up the DagBag from /opt/airflow/dags/news_pipeline_dag.py
[2026-05-09T15:48:25.160+0000] {processor.py:925} INFO - DAG(s) 'news_data_architecture_pipeline' retrieved from /opt/airflow/dags/news_pipeline_dag.py
[2026-05-09T15:48:25.184+0000] {logging_mixin.py:190} INFO - [2026-05-09T15:48:25.184+0000] {dag.py:3239} INFO - Sync 1 DAGs
[2026-05-09T15:48:25.210+0000] {logging_mixin.py:190} INFO - [2026-05-09T15:48:25.210+0000] {dag.py:4180} INFO - Setting next_dagrun for news_data_architecture_pipeline to 2026-05-09 14:00:00+00:00, run_after=2026-05-09 15:00:00+00:00
[2026-05-09T15:48:25.231+0000] {processor.py:208} INFO - Processing /opt/airflow/dags/news_pipeline_dag.py took 0.095 seconds
[2026-05-09T15:48:55.565+0000] {processor.py:186} INFO - Started process (PID=2760) to work on /opt/airflow/dags/news_pipeline_dag.py
[2026-05-09T15:48:55.566+0000] {processor.py:914} INFO - Processing file /opt/airflow/dags/news_pipeline_dag.py for tasks to queue
[2026-05-09T15:48:55.568+0000] {logging_mixin.py:190} INFO - [2026-05-09T15:48:55.568+0000] {dagbag.py:588} INFO - Filling up the DagBag from /opt/airflow/dags/news_pipeline_dag.py
[2026-05-09T15:48:55.588+0000] {processor.py:925} INFO - DAG(s) 'news_data_architecture_pipeline' retrieved from /opt/airflow/dags/news_pipeline_dag.py
[2026-05-09T15:48:55.616+0000] {logging_mixin.py:190} INFO - [2026-05-09T15:48:55.616+0000] {dag.py:3239} INFO - Sync 1 DAGs
[2026-05-09T15:48:55.642+0000] {logging_mixin.py:190} INFO - [2026-05-09T15:48:55.642+0000] {dag.py:4180} INFO - Setting next_dagrun for news_data_architecture_pipeline to 2026-05-09 14:00:00+00:00, run_after=2026-05-09 15:00:00+00:00
[2026-05-09T15:48:55.668+0000] {processor.py:208} INFO - Processing /opt/airflow/dags/news_pipeline_dag.py took 0.110 seconds
[2026-05-09T15:49:26.059+0000] {processor.py:186} INFO - Started process (PID=2770) to work on /opt/airflow/dags/news_pipeline_dag.py
[2026-05-09T15:49:26.060+0000] {processor.py:914} INFO - Processing file /opt/airflow/dags/news_pipeline_dag.py for tasks to queue
[2026-05-09T15:49:26.062+0000] {logging_mixin.py:190} INFO - [2026-05-09T15:49:26.061+0000] {dagbag.py:588} INFO - Filling up the DagBag from /opt/airflow/dags/news_pipeline_dag.py
[2026-05-09T15:49:26.076+0000] {processor.py:925} INFO - DAG(s) 'news_data_architecture_pipeline' retrieved from /opt/airflow/dags/news_pipeline_dag.py
[2026-05-09T15:49:26.104+0000] {logging_mixin.py:190} INFO - [2026-05-09T15:49:26.104+0000] {dag.py:3239} INFO - Sync 1 DAGs
[2026-05-09T15:49:26.124+0000] {logging_mixin.py:190} INFO - [2026-05-09T15:49:26.124+0000] {dag.py:4180} INFO - Setting next_dagrun for news_data_architecture_pipeline to 2026-05-09 14:00:00+00:00, run_after=2026-05-09 15:00:00+00:00
[2026-05-09T15:49:26.141+0000] {processor.py:208} INFO - Processing /opt/airflow/dags/news_pipeline_dag.py took 0.087 seconds
[2026-05-09T15:49:56.395+0000] {processor.py:186} INFO - Started process (PID=2780) to work on /opt/airflow/dags/news_pipeline_dag.py
[2026-05-09T15:49:56.396+0000] {processor.py:914} INFO - Processing file /opt/airflow/dags/news_pipeline_dag.py for tasks to queue
[2026-05-09T15:49:56.399+0000] {logging_mixin.py:190} INFO - [2026-05-09T15:49:56.398+0000] {dagbag.py:588} INFO - Filling up the DagBag from /opt/airflow/dags/news_pipeline_dag.py
[2026-05-09T15:49:56.419+0000] {processor.py:925} INFO - DAG(s) 'news_data_architecture_pipeline' retrieved from /opt/airflow/dags/news_pipeline_dag.py
[2026-05-09T15:49:56.447+0000] {logging_mixin.py:190} INFO - [2026-05-09T15:49:56.447+0000] {dag.py:3239} INFO - Sync 1 DAGs
[2026-05-09T15:49:56.470+0000] {logging_mixin.py:190} INFO - [2026-05-09T15:49:56.469+0000] {dag.py:4180} INFO - Setting next_dagrun for news_data_architecture_pipeline to 2026-05-09 14:00:00+00:00, run_after=2026-05-09 15:00:00+00:00
[2026-05-09T15:49:56.490+0000] {processor.py:208} INFO - Processing /opt/airflow/dags/news_pipeline_dag.py took 0.104 seconds
[2026-05-09T15:50:26.861+0000] {processor.py:186} INFO - Started process (PID=2790) to work on /opt/airflow/dags/news_pipeline_dag.py
[2026-05-09T15:50:26.862+0000] {processor.py:914} INFO - Processing file /opt/airflow/dags/news_pipeline_dag.py for tasks to queue
[2026-05-09T15:50:26.864+0000] {logging_mixin.py:190} INFO - [2026-05-09T15:50:26.863+0000] {dagbag.py:588} INFO - Filling up the DagBag from /opt/airflow/dags/news_pipeline_dag.py
[2026-05-09T15:50:26.886+0000] {processor.py:925} INFO - DAG(s) 'news_data_architecture_pipeline' retrieved from /opt/airflow/dags/news_pipeline_dag.py
[2026-05-09T15:50:26.918+0000] {logging_mixin.py:190} INFO - [2026-05-09T15:50:26.918+0000] {dag.py:3239} INFO - Sync 1 DAGs
[2026-05-09T15:50:26.948+0000] {logging_mixin.py:190} INFO - [2026-05-09T15:50:26.948+0000] {dag.py:4180} INFO - Setting next_dagrun for news_data_architecture_pipeline to 2026-05-09 14:00:00+00:00, run_after=2026-05-09 15:00:00+00:00
[2026-05-09T15:50:26.966+0000] {processor.py:208} INFO - Processing /opt/airflow/dags/news_pipeline_dag.py took 0.112 seconds
[2026-05-09T15:50:57.371+0000] {processor.py:186} INFO - Started process (PID=2800) to work on /opt/airflow/dags/news_pipeline_dag.py
[2026-05-09T15:50:57.372+0000] {processor.py:914} INFO - Processing file /opt/airflow/dags/news_pipeline_dag.py for tasks to queue
[2026-05-09T15:50:57.374+0000] {logging_mixin.py:190} INFO - [2026-05-09T15:50:57.374+0000] {dagbag.py:588} INFO - Filling up the DagBag from /opt/airflow/dags/news_pipeline_dag.py
[2026-05-09T15:50:57.394+0000] {processor.py:925} INFO - DAG(s) 'news_data_architecture_pipeline' retrieved from /opt/airflow/dags/news_pipeline_dag.py
[2026-05-09T15:50:57.427+0000] {logging_mixin.py:190} INFO - [2026-05-09T15:50:57.427+0000] {dag.py:3239} INFO - Sync 1 DAGs
[2026-05-09T15:50:57.456+0000] {logging_mixin.py:190} INFO - [2026-05-09T15:50:57.456+0000] {dag.py:4180} INFO - Setting next_dagrun for news_data_architecture_pipeline to 2026-05-09 14:00:00+00:00, run_after=2026-05-09 15:00:00+00:00
[2026-05-09T15:50:57.476+0000] {processor.py:208} INFO - Processing /opt/airflow/dags/news_pipeline_dag.py took 0.111 seconds
[2026-05-09T15:51:27.701+0000] {processor.py:186} INFO - Started process (PID=2810) to work on /opt/airflow/dags/news_pipeline_dag.py
[2026-05-09T15:51:27.702+0000] {processor.py:914} INFO - Processing file /opt/airflow/dags/news_pipeline_dag.py for tasks to queue
[2026-05-09T15:51:27.704+0000] {logging_mixin.py:190} INFO - [2026-05-09T15:51:27.703+0000] {dagbag.py:588} INFO - Filling up the DagBag from /opt/airflow/dags/news_pipeline_dag.py
[2026-05-09T15:51:27.724+0000] {processor.py:925} INFO - DAG(s) 'news_data_architecture_pipeline' retrieved from /opt/airflow/dags/news_pipeline_dag.py
[2026-05-09T15:51:27.761+0000] {logging_mixin.py:190} INFO - [2026-05-09T15:51:27.761+0000] {dag.py:3239} INFO - Sync 1 DAGs
[2026-05-09T15:51:27.785+0000] {logging_mixin.py:190} INFO - [2026-05-09T15:51:27.785+0000] {dag.py:4180} INFO - Setting next_dagrun for news_data_architecture_pipeline to 2026-05-09 14:00:00+00:00, run_after=2026-05-09 15:00:00+00:00
[2026-05-09T15:51:27.806+0000] {processor.py:208} INFO - Processing /opt/airflow/dags/news_pipeline_dag.py took 0.114 seconds
[2026-05-09T15:51:58.181+0000] {processor.py:186} INFO - Started process (PID=2820) to work on /opt/airflow/dags/news_pipeline_dag.py
[2026-05-09T15:51:58.182+0000] {processor.py:914} INFO - Processing file /opt/airflow/dags/news_pipeline_dag.py for tasks to queue
[2026-05-09T15:51:58.184+0000] {logging_mixin.py:190} INFO - [2026-05-09T15:51:58.183+0000] {dagbag.py:588} INFO - Filling up the DagBag from /opt/airflow/dags/news_pipeline_dag.py
[2026-05-09T15:51:58.200+0000] {processor.py:925} INFO - DAG(s) 'news_data_architecture_pipeline' retrieved from /opt/airflow/dags/news_pipeline_dag.py
[2026-05-09T15:51:58.231+0000] {logging_mixin.py:190} INFO - [2026-05-09T15:51:58.230+0000] {dag.py:3239} INFO - Sync 1 DAGs
[2026-05-09T15:51:58.264+0000] {logging_mixin.py:190} INFO - [2026-05-09T15:51:58.264+0000] {dag.py:4180} INFO - Setting next_dagrun for news_data_architecture_pipeline to 2026-05-09 14:00:00+00:00, run_after=2026-05-09 15:00:00+00:00
[2026-05-09T15:51:58.286+0000] {processor.py:208} INFO - Processing /opt/airflow/dags/news_pipeline_dag.py took 0.111 seconds
[2026-05-09T15:52:28.686+0000] {processor.py:186} INFO - Started process (PID=2830) to work on /opt/airflow/dags/news_pipeline_dag.py
[2026-05-09T15:52:28.688+0000] {processor.py:914} INFO - Processing file /opt/airflow/dags/news_pipeline_dag.py for tasks to queue
[2026-05-09T15:52:28.690+0000] {logging_mixin.py:190} INFO - [2026-05-09T15:52:28.689+0000] {dagbag.py:588} INFO - Filling up the DagBag from /opt/airflow/dags/news_pipeline_dag.py
[2026-05-09T15:52:28.706+0000] {processor.py:925} INFO - DAG(s) 'news_data_architecture_pipeline' retrieved from /opt/airflow/dags/news_pipeline_dag.py
[2026-05-09T15:52:28.731+0000] {logging_mixin.py:190} INFO - [2026-05-09T15:52:28.731+0000] {dag.py:3239} INFO - Sync 1 DAGs
[2026-05-09T15:52:28.756+0000] {logging_mixin.py:190} INFO - [2026-05-09T15:52:28.756+0000] {dag.py:4180} INFO - Setting next_dagrun for news_data_architecture_pipeline to 2026-05-09 14:00:00+00:00, run_after=2026-05-09 15:00:00+00:00
[2026-05-09T15:52:28.787+0000] {processor.py:208} INFO - Processing /opt/airflow/dags/news_pipeline_dag.py took 0.108 seconds
[2026-05-09T15:52:59.046+0000] {processor.py:186} INFO - Started process (PID=2840) to work on /opt/airflow/dags/news_pipeline_dag.py
[2026-05-09T15:52:59.047+0000] {processor.py:914} INFO - Processing file /opt/airflow/dags/news_pipeline_dag.py for tasks to queue
[2026-05-09T15:52:59.049+0000] {logging_mixin.py:190} INFO - [2026-05-09T15:52:59.048+0000] {dagbag.py:588} INFO - Filling up the DagBag from /opt/airflow/dags/news_pipeline_dag.py
[2026-05-09T15:52:59.062+0000] {processor.py:925} INFO - DAG(s) 'news_data_architecture_pipeline' retrieved from /opt/airflow/dags/news_pipeline_dag.py
[2026-05-09T15:52:59.088+0000] {logging_mixin.py:190} INFO - [2026-05-09T15:52:59.088+0000] {dag.py:3239} INFO - Sync 1 DAGs
[2026-05-09T15:52:59.112+0000] {logging_mixin.py:190} INFO - [2026-05-09T15:52:59.112+0000] {dag.py:4180} INFO - Setting next_dagrun for news_data_architecture_pipeline to 2026-05-09 14:00:00+00:00, run_after=2026-05-09 15:00:00+00:00
[2026-05-09T15:52:59.152+0000] {processor.py:208} INFO - Processing /opt/airflow/dags/news_pipeline_dag.py took 0.112 seconds
[2026-05-09T15:53:29.470+0000] {processor.py:186} INFO - Started process (PID=2850) to work on /opt/airflow/dags/news_pipeline_dag.py
[2026-05-09T15:53:29.471+0000] {processor.py:914} INFO - Processing file /opt/airflow/dags/news_pipeline_dag.py for tasks to queue
[2026-05-09T15:53:29.473+0000] {logging_mixin.py:190} INFO - [2026-05-09T15:53:29.472+0000] {dagbag.py:588} INFO - Filling up the DagBag from /opt/airflow/dags/news_pipeline_dag.py
[2026-05-09T15:53:29.492+0000] {processor.py:925} INFO - DAG(s) 'news_data_architecture_pipeline' retrieved from /opt/airflow/dags/news_pipeline_dag.py
[2026-05-09T15:53:29.530+0000] {logging_mixin.py:190} INFO - [2026-05-09T15:53:29.530+0000] {dag.py:3239} INFO - Sync 1 DAGs
[2026-05-09T15:53:29.553+0000] {logging_mixin.py:190} INFO - [2026-05-09T15:53:29.553+0000] {dag.py:4180} INFO - Setting next_dagrun for news_data_architecture_pipeline to 2026-05-09 14:00:00+00:00, run_after=2026-05-09 15:00:00+00:00
[2026-05-09T15:53:29.577+0000] {processor.py:208} INFO - Processing /opt/airflow/dags/news_pipeline_dag.py took 0.115 seconds
[2026-05-09T15:53:59.926+0000] {processor.py:186} INFO - Started process (PID=2860) to work on /opt/airflow/dags/news_pipeline_dag.py
[2026-05-09T15:53:59.928+0000] {processor.py:914} INFO - Processing file /opt/airflow/dags/news_pipeline_dag.py for tasks to queue
[2026-05-09T15:53:59.929+0000] {logging_mixin.py:190} INFO - [2026-05-09T15:53:59.928+0000] {dagbag.py:588} INFO - Filling up the DagBag from /opt/airflow/dags/news_pipeline_dag.py
[2026-05-09T15:53:59.945+0000] {processor.py:925} INFO - DAG(s) 'news_data_architecture_pipeline' retrieved from /opt/airflow/dags/news_pipeline_dag.py
[2026-05-09T15:53:59.978+0000] {logging_mixin.py:190} INFO - [2026-05-09T15:53:59.978+0000] {dag.py:3239} INFO - Sync 1 DAGs
[2026-05-09T15:54:00.003+0000] {logging_mixin.py:190} INFO - [2026-05-09T15:54:00.003+0000] {dag.py:4180} INFO - Setting next_dagrun for news_data_architecture_pipeline to 2026-05-09 14:00:00+00:00, run_after=2026-05-09 15:00:00+00:00
[2026-05-09T15:54:00.047+0000] {processor.py:208} INFO - Processing /opt/airflow/dags/news_pipeline_dag.py took 0.128 seconds
[2026-05-09T15:54:30.354+0000] {processor.py:186} INFO - Started process (PID=2870) to work on /opt/airflow/dags/news_pipeline_dag.py
[2026-05-09T15:54:30.355+0000] {processor.py:914} INFO - Processing file /opt/airflow/dags/news_pipeline_dag.py for tasks to queue
[2026-05-09T15:54:30.357+0000] {logging_mixin.py:190} INFO - [2026-05-09T15:54:30.356+0000] {dagbag.py:588} INFO - Filling up the DagBag from /opt/airflow/dags/news_pipeline_dag.py
[2026-05-09T15:54:30.375+0000] {processor.py:925} INFO - DAG(s) 'news_data_architecture_pipeline' retrieved from /opt/airflow/dags/news_pipeline_dag.py
[2026-05-09T15:54:30.407+0000] {logging_mixin.py:190} INFO - [2026-05-09T15:54:30.407+0000] {dag.py:3239} INFO - Sync 1 DAGs
[2026-05-09T15:54:30.435+0000] {logging_mixin.py:190} INFO - [2026-05-09T15:54:30.435+0000] {dag.py:4180} INFO - Setting next_dagrun for news_data_architecture_pipeline to 2026-05-09 14:00:00+00:00, run_after=2026-05-09 15:00:00+00:00
[2026-05-09T15:54:30.461+0000] {processor.py:208} INFO - Processing /opt/airflow/dags/news_pipeline_dag.py took 0.114 seconds
[2026-05-09T15:55:00.832+0000] {processor.py:186} INFO - Started process (PID=2880) to work on /opt/airflow/dags/news_pipeline_dag.py
[2026-05-09T15:55:00.834+0000] {processor.py:914} INFO - Processing file /opt/airflow/dags/news_pipeline_dag.py for tasks to queue
[2026-05-09T15:55:00.836+0000] {logging_mixin.py:190} INFO - [2026-05-09T15:55:00.835+0000] {dagbag.py:588} INFO - Filling up the DagBag from /opt/airflow/dags/news_pipeline_dag.py
[2026-05-09T15:55:00.858+0000] {processor.py:925} INFO - DAG(s) 'news_data_architecture_pipeline' retrieved from /opt/airflow/dags/news_pipeline_dag.py
[2026-05-09T15:55:00.898+0000] {logging_mixin.py:190} INFO - [2026-05-09T15:55:00.898+0000] {dag.py:3239} INFO - Sync 1 DAGs
[2026-05-09T15:55:00.930+0000] {logging_mixin.py:190} INFO - [2026-05-09T15:55:00.929+0000] {dag.py:4180} INFO - Setting next_dagrun for news_data_architecture_pipeline to 2026-05-09 14:00:00+00:00, run_after=2026-05-09 15:00:00+00:00
[2026-05-09T15:55:00.953+0000] {processor.py:208} INFO - Processing /opt/airflow/dags/news_pipeline_dag.py took 0.132 seconds
[2026-05-09T15:55:31.200+0000] {processor.py:186} INFO - Started process (PID=2890) to work on /opt/airflow/dags/news_pipeline_dag.py
[2026-05-09T15:55:31.202+0000] {processor.py:914} INFO - Processing file /opt/airflow/dags/news_pipeline_dag.py for tasks to queue
[2026-05-09T15:55:31.204+0000] {logging_mixin.py:190} INFO - [2026-05-09T15:55:31.203+0000] {dagbag.py:588} INFO - Filling up the DagBag from /opt/airflow/dags/news_pipeline_dag.py
[2026-05-09T15:55:31.230+0000] {processor.py:925} INFO - DAG(s) 'news_data_architecture_pipeline' retrieved from /opt/airflow/dags/news_pipeline_dag.py
[2026-05-09T15:55:31.277+0000] {logging_mixin.py:190} INFO - [2026-05-09T15:55:31.277+0000] {dag.py:3239} INFO - Sync 1 DAGs
[2026-05-09T15:55:31.311+0000] {logging_mixin.py:190} INFO - [2026-05-09T15:55:31.310+0000] {dag.py:4180} INFO - Setting next_dagrun for news_data_architecture_pipeline to 2026-05-09 14:00:00+00:00, run_after=2026-05-09 15:00:00+00:00
[2026-05-09T15:55:31.342+0000] {processor.py:208} INFO - Processing /opt/airflow/dags/news_pipeline_dag.py took 0.150 seconds
[2026-05-09T15:56:01.561+0000] {processor.py:186} INFO - Started process (PID=2900) to work on /opt/airflow/dags/news_pipeline_dag.py
[2026-05-09T15:56:01.563+0000] {processor.py:914} INFO - Processing file /opt/airflow/dags/news_pipeline_dag.py for tasks to queue
[2026-05-09T15:56:01.564+0000] {logging_mixin.py:190} INFO - [2026-05-09T15:56:01.564+0000] {dagbag.py:588} INFO - Filling up the DagBag from /opt/airflow/dags/news_pipeline_dag.py
[2026-05-09T15:56:01.579+0000] {processor.py:925} INFO - DAG(s) 'news_data_architecture_pipeline' retrieved from /opt/airflow/dags/news_pipeline_dag.py
[2026-05-09T15:56:01.655+0000] {logging_mixin.py:190} INFO - [2026-05-09T15:56:01.654+0000] {dag.py:3239} INFO - Sync 1 DAGs
[2026-05-09T15:56:01.691+0000] {logging_mixin.py:190} INFO - [2026-05-09T15:56:01.691+0000] {dag.py:4180} INFO - Setting next_dagrun for news_data_architecture_pipeline to 2026-05-09 14:00:00+00:00, run_after=2026-05-09 15:00:00+00:00
[2026-05-09T15:56:01.714+0000] {processor.py:208} INFO - Processing /opt/airflow/dags/news_pipeline_dag.py took 0.159 seconds
[2026-05-09T15:56:32.048+0000] {processor.py:186} INFO - Started process (PID=2910) to work on /opt/airflow/dags/news_pipeline_dag.py
[2026-05-09T15:56:32.050+0000] {processor.py:914} INFO - Processing file /opt/airflow/dags/news_pipeline_dag.py for tasks to queue
[2026-05-09T15:56:32.053+0000] {logging_mixin.py:190} INFO - [2026-05-09T15:56:32.052+0000] {dagbag.py:588} INFO - Filling up the DagBag from /opt/airflow/dags/news_pipeline_dag.py
[2026-05-09T15:56:32.081+0000] {processor.py:925} INFO - DAG(s) 'news_data_architecture_pipeline' retrieved from /opt/airflow/dags/news_pipeline_dag.py
[2026-05-09T15:56:32.134+0000] {logging_mixin.py:190} INFO - [2026-05-09T15:56:32.133+0000] {dag.py:3239} INFO - Sync 1 DAGs
[2026-05-09T15:56:32.172+0000] {logging_mixin.py:190} INFO - [2026-05-09T15:56:32.171+0000] {dag.py:4180} INFO - Setting next_dagrun for news_data_architecture_pipeline to 2026-05-09 14:00:00+00:00, run_after=2026-05-09 15:00:00+00:00
[2026-05-09T15:56:32.203+0000] {processor.py:208} INFO - Processing /opt/airflow/dags/news_pipeline_dag.py took 0.166 seconds
[2026-05-09T15:57:02.432+0000] {processor.py:186} INFO - Started process (PID=2920) to work on /opt/airflow/dags/news_pipeline_dag.py
[2026-05-09T15:57:02.434+0000] {processor.py:914} INFO - Processing file /opt/airflow/dags/news_pipeline_dag.py for tasks to queue
[2026-05-09T15:57:02.435+0000] {logging_mixin.py:190} INFO - [2026-05-09T15:57:02.435+0000] {dagbag.py:588} INFO - Filling up the DagBag from /opt/airflow/dags/news_pipeline_dag.py
[2026-05-09T15:57:02.458+0000] {processor.py:925} INFO - DAG(s) 'news_data_architecture_pipeline' retrieved from /opt/airflow/dags/news_pipeline_dag.py
[2026-05-09T15:57:02.501+0000] {logging_mixin.py:190} INFO - [2026-05-09T15:57:02.501+0000] {dag.py:3239} INFO - Sync 1 DAGs
[2026-05-09T15:57:02.533+0000] {logging_mixin.py:190} INFO - [2026-05-09T15:57:02.533+0000] {dag.py:4180} INFO - Setting next_dagrun for news_data_architecture_pipeline to 2026-05-09 14:00:00+00:00, run_after=2026-05-09 15:00:00+00:00
[2026-05-09T15:57:02.559+0000] {processor.py:208} INFO - Processing /opt/airflow/dags/news_pipeline_dag.py took 0.133 seconds
[2026-05-09T15:57:32.901+0000] {processor.py:186} INFO - Started process (PID=2930) to work on /opt/airflow/dags/news_pipeline_dag.py
[2026-05-09T15:57:32.903+0000] {processor.py:914} INFO - Processing file /opt/airflow/dags/news_pipeline_dag.py for tasks to queue
[2026-05-09T15:57:32.904+0000] {logging_mixin.py:190} INFO - [2026-05-09T15:57:32.904+0000] {dagbag.py:588} INFO - Filling up the DagBag from /opt/airflow/dags/news_pipeline_dag.py
[2026-05-09T15:57:32.922+0000] {processor.py:925} INFO - DAG(s) 'news_data_architecture_pipeline' retrieved from /opt/airflow/dags/news_pipeline_dag.py
[2026-05-09T15:57:32.951+0000] {logging_mixin.py:190} INFO - [2026-05-09T15:57:32.950+0000] {dag.py:3239} INFO - Sync 1 DAGs
[2026-05-09T15:57:32.977+0000] {logging_mixin.py:190} INFO - [2026-05-09T15:57:32.977+0000] {dag.py:4180} INFO - Setting next_dagrun for news_data_architecture_pipeline to 2026-05-09 14:00:00+00:00, run_after=2026-05-09 15:00:00+00:00
[2026-05-09T15:57:33.006+0000] {processor.py:208} INFO - Processing /opt/airflow/dags/news_pipeline_dag.py took 0.111 seconds
[2026-05-09T15:58:03.308+0000] {processor.py:186} INFO - Started process (PID=2939) to work on /opt/airflow/dags/news_pipeline_dag.py
[2026-05-09T15:58:03.310+0000] {processor.py:914} INFO - Processing file /opt/airflow/dags/news_pipeline_dag.py for tasks to queue
[2026-05-09T15:58:03.311+0000] {logging_mixin.py:190} INFO - [2026-05-09T15:58:03.311+0000] {dagbag.py:588} INFO - Filling up the DagBag from /opt/airflow/dags/news_pipeline_dag.py
[2026-05-09T15:58:03.326+0000] {processor.py:925} INFO - DAG(s) 'news_data_architecture_pipeline' retrieved from /opt/airflow/dags/news_pipeline_dag.py
[2026-05-09T15:58:03.354+0000] {logging_mixin.py:190} INFO - [2026-05-09T15:58:03.354+0000] {dag.py:3239} INFO - Sync 1 DAGs
[2026-05-09T15:58:03.376+0000] {logging_mixin.py:190} INFO - [2026-05-09T15:58:03.375+0000] {dag.py:4180} INFO - Setting next_dagrun for news_data_architecture_pipeline to 2026-05-09 14:00:00+00:00, run_after=2026-05-09 15:00:00+00:00
[2026-05-09T15:58:03.397+0000] {processor.py:208} INFO - Processing /opt/airflow/dags/news_pipeline_dag.py took 0.094 seconds
[2026-05-09T15:58:33.714+0000] {processor.py:186} INFO - Started process (PID=2950) to work on /opt/airflow/dags/news_pipeline_dag.py
[2026-05-09T15:58:33.715+0000] {processor.py:914} INFO - Processing file /opt/airflow/dags/news_pipeline_dag.py for tasks to queue
[2026-05-09T15:58:33.717+0000] {logging_mixin.py:190} INFO - [2026-05-09T15:58:33.716+0000] {dagbag.py:588} INFO - Filling up the DagBag from /opt/airflow/dags/news_pipeline_dag.py
[2026-05-09T15:58:33.730+0000] {processor.py:925} INFO - DAG(s) 'news_data_architecture_pipeline' retrieved from /opt/airflow/dags/news_pipeline_dag.py
[2026-05-09T15:58:33.755+0000] {logging_mixin.py:190} INFO - [2026-05-09T15:58:33.755+0000] {dag.py:3239} INFO - Sync 1 DAGs
[2026-05-09T15:58:33.776+0000] {logging_mixin.py:190} INFO - [2026-05-09T15:58:33.776+0000] {dag.py:4180} INFO - Setting next_dagrun for news_data_architecture_pipeline to 2026-05-09 14:00:00+00:00, run_after=2026-05-09 15:00:00+00:00
[2026-05-09T15:58:33.805+0000] {processor.py:208} INFO - Processing /opt/airflow/dags/news_pipeline_dag.py took 0.097 seconds
[2026-05-09T15:59:04.245+0000] {processor.py:186} INFO - Started process (PID=2960) to work on /opt/airflow/dags/news_pipeline_dag.py
[2026-05-09T15:59:04.246+0000] {processor.py:914} INFO - Processing file /opt/airflow/dags/news_pipeline_dag.py for tasks to queue
[2026-05-09T15:59:04.248+0000] {logging_mixin.py:190} INFO - [2026-05-09T15:59:04.248+0000] {dagbag.py:588} INFO - Filling up the DagBag from /opt/airflow/dags/news_pipeline_dag.py
[2026-05-09T15:59:04.270+0000] {processor.py:925} INFO - DAG(s) 'news_data_architecture_pipeline' retrieved from /opt/airflow/dags/news_pipeline_dag.py
[2026-05-09T15:59:04.308+0000] {logging_mixin.py:190} INFO - [2026-05-09T15:59:04.308+0000] {dag.py:3239} INFO - Sync 1 DAGs
[2026-05-09T15:59:04.336+0000] {logging_mixin.py:190} INFO - [2026-05-09T15:59:04.335+0000] {dag.py:4180} INFO - Setting next_dagrun for news_data_architecture_pipeline to 2026-05-09 14:00:00+00:00, run_after=2026-05-09 15:00:00+00:00
[2026-05-09T15:59:04.362+0000] {processor.py:208} INFO - Processing /opt/airflow/dags/news_pipeline_dag.py took 0.124 seconds
[2026-05-09T15:59:34.573+0000] {processor.py:186} INFO - Started process (PID=2970) to work on /opt/airflow/dags/news_pipeline_dag.py
[2026-05-09T15:59:34.574+0000] {processor.py:914} INFO - Processing file /opt/airflow/dags/news_pipeline_dag.py for tasks to queue
[2026-05-09T15:59:34.576+0000] {logging_mixin.py:190} INFO - [2026-05-09T15:59:34.575+0000] {dagbag.py:588} INFO - Filling up the DagBag from /opt/airflow/dags/news_pipeline_dag.py
[2026-05-09T15:59:34.594+0000] {processor.py:925} INFO - DAG(s) 'news_data_architecture_pipeline' retrieved from /opt/airflow/dags/news_pipeline_dag.py
[2026-05-09T15:59:34.621+0000] {logging_mixin.py:190} INFO - [2026-05-09T15:59:34.621+0000] {dag.py:3239} INFO - Sync 1 DAGs
[2026-05-09T15:59:34.646+0000] {logging_mixin.py:190} INFO - [2026-05-09T15:59:34.646+0000] {dag.py:4180} INFO - Setting next_dagrun for news_data_architecture_pipeline to 2026-05-09 14:00:00+00:00, run_after=2026-05-09 15:00:00+00:00
[2026-05-09T15:59:34.675+0000] {processor.py:208} INFO - Processing /opt/airflow/dags/news_pipeline_dag.py took 0.109 seconds
[2026-05-09T16:00:05.231+0000] {processor.py:186} INFO - Started process (PID=2985) to work on /opt/airflow/dags/news_pipeline_dag.py
[2026-05-09T16:00:05.239+0000] {processor.py:914} INFO - Processing file /opt/airflow/dags/news_pipeline_dag.py for tasks to queue
[2026-05-09T16:00:05.251+0000] {logging_mixin.py:190} INFO - [2026-05-09T16:00:05.247+0000] {dagbag.py:588} INFO - Filling up the DagBag from /opt/airflow/dags/news_pipeline_dag.py
[2026-05-09T16:00:05.870+0000] {processor.py:925} INFO - DAG(s) 'news_data_architecture_pipeline' retrieved from /opt/airflow/dags/news_pipeline_dag.py
[2026-05-09T16:00:07.106+0000] {logging_mixin.py:190} INFO - [2026-05-09T16:00:07.106+0000] {dag.py:3239} INFO - Sync 1 DAGs
[2026-05-09T16:00:07.183+0000] {logging_mixin.py:190} INFO - [2026-05-09T16:00:07.183+0000] {dag.py:4180} INFO - Setting next_dagrun for news_data_architecture_pipeline to 2026-05-09 15:00:00+00:00, run_after=2026-05-09 16:00:00+00:00
[2026-05-09T16:00:07.237+0000] {processor.py:208} INFO - Processing /opt/airflow/dags/news_pipeline_dag.py took 2.132 seconds
[2026-05-09T16:00:37.477+0000] {processor.py:186} INFO - Started process (PID=3045) to work on /opt/airflow/dags/news_pipeline_dag.py
[2026-05-09T16:00:37.479+0000] {processor.py:914} INFO - Processing file /opt/airflow/dags/news_pipeline_dag.py for tasks to queue
[2026-05-09T16:00:37.481+0000] {logging_mixin.py:190} INFO - [2026-05-09T16:00:37.480+0000] {dagbag.py:588} INFO - Filling up the DagBag from /opt/airflow/dags/news_pipeline_dag.py
[2026-05-09T16:00:37.500+0000] {processor.py:925} INFO - DAG(s) 'news_data_architecture_pipeline' retrieved from /opt/airflow/dags/news_pipeline_dag.py
[2026-05-09T16:00:37.537+0000] {logging_mixin.py:190} INFO - [2026-05-09T16:00:37.537+0000] {dag.py:3239} INFO - Sync 1 DAGs
[2026-05-09T16:00:37.573+0000] {logging_mixin.py:190} INFO - [2026-05-09T16:00:37.573+0000] {dag.py:4180} INFO - Setting next_dagrun for news_data_architecture_pipeline to 2026-05-09 15:00:00+00:00, run_after=2026-05-09 16:00:00+00:00
[2026-05-09T16:00:37.602+0000] {processor.py:208} INFO - Processing /opt/airflow/dags/news_pipeline_dag.py took 0.138 seconds
[2026-05-09T16:01:07.966+0000] {processor.py:186} INFO - Started process (PID=3112) to work on /opt/airflow/dags/news_pipeline_dag.py
[2026-05-09T16:01:07.968+0000] {processor.py:914} INFO - Processing file /opt/airflow/dags/news_pipeline_dag.py for tasks to queue
[2026-05-09T16:01:07.970+0000] {logging_mixin.py:190} INFO - [2026-05-09T16:01:07.969+0000] {dagbag.py:588} INFO - Filling up the DagBag from /opt/airflow/dags/news_pipeline_dag.py
[2026-05-09T16:01:07.986+0000] {processor.py:925} INFO - DAG(s) 'news_data_architecture_pipeline' retrieved from /opt/airflow/dags/news_pipeline_dag.py
[2026-05-09T16:01:08.014+0000] {logging_mixin.py:190} INFO - [2026-05-09T16:01:08.014+0000] {dag.py:3239} INFO - Sync 1 DAGs
[2026-05-09T16:01:08.037+0000] {logging_mixin.py:190} INFO - [2026-05-09T16:01:08.037+0000] {dag.py:4180} INFO - Setting next_dagrun for news_data_architecture_pipeline to 2026-05-09 15:00:00+00:00, run_after=2026-05-09 16:00:00+00:00
[2026-05-09T16:01:08.058+0000] {processor.py:208} INFO - Processing /opt/airflow/dags/news_pipeline_dag.py took 0.100 seconds
[2026-05-09T16:01:38.396+0000] {processor.py:186} INFO - Started process (PID=3122) to work on /opt/airflow/dags/news_pipeline_dag.py
[2026-05-09T16:01:38.397+0000] {processor.py:914} INFO - Processing file /opt/airflow/dags/news_pipeline_dag.py for tasks to queue
[2026-05-09T16:01:38.398+0000] {logging_mixin.py:190} INFO - [2026-05-09T16:01:38.398+0000] {dagbag.py:588} INFO - Filling up the DagBag from /opt/airflow/dags/news_pipeline_dag.py
[2026-05-09T16:01:38.417+0000] {processor.py:925} INFO - DAG(s) 'news_data_architecture_pipeline' retrieved from /opt/airflow/dags/news_pipeline_dag.py
[2026-05-09T16:01:38.452+0000] {logging_mixin.py:190} INFO - [2026-05-09T16:01:38.452+0000] {dag.py:3239} INFO - Sync 1 DAGs
[2026-05-09T16:01:38.477+0000] {logging_mixin.py:190} INFO - [2026-05-09T16:01:38.477+0000] {dag.py:4180} INFO - Setting next_dagrun for news_data_architecture_pipeline to 2026-05-09 15:00:00+00:00, run_after=2026-05-09 16:00:00+00:00
[2026-05-09T16:01:38.499+0000] {processor.py:208} INFO - Processing /opt/airflow/dags/news_pipeline_dag.py took 0.112 seconds
[2026-05-09T16:02:08.790+0000] {processor.py:186} INFO - Started process (PID=3132) to work on /opt/airflow/dags/news_pipeline_dag.py
[2026-05-09T16:02:08.792+0000] {processor.py:914} INFO - Processing file /opt/airflow/dags/news_pipeline_dag.py for tasks to queue
[2026-05-09T16:02:08.794+0000] {logging_mixin.py:190} INFO - [2026-05-09T16:02:08.794+0000] {dagbag.py:588} INFO - Filling up the DagBag from /opt/airflow/dags/news_pipeline_dag.py
[2026-05-09T16:02:08.813+0000] {processor.py:925} INFO - DAG(s) 'news_data_architecture_pipeline' retrieved from /opt/airflow/dags/news_pipeline_dag.py
[2026-05-09T16:02:08.850+0000] {logging_mixin.py:190} INFO - [2026-05-09T16:02:08.850+0000] {dag.py:3239} INFO - Sync 1 DAGs
[2026-05-09T16:02:08.888+0000] {logging_mixin.py:190} INFO - [2026-05-09T16:02:08.887+0000] {dag.py:4180} INFO - Setting next_dagrun for news_data_architecture_pipeline to 2026-05-09 15:00:00+00:00, run_after=2026-05-09 16:00:00+00:00
[2026-05-09T16:02:08.930+0000] {processor.py:208} INFO - Processing /opt/airflow/dags/news_pipeline_dag.py took 0.148 seconds
[2026-05-09T16:02:39.255+0000] {processor.py:186} INFO - Started process (PID=3142) to work on /opt/airflow/dags/news_pipeline_dag.py
[2026-05-09T16:02:39.256+0000] {processor.py:914} INFO - Processing file /opt/airflow/dags/news_pipeline_dag.py for tasks to queue
[2026-05-09T16:02:39.257+0000] {logging_mixin.py:190} INFO - [2026-05-09T16:02:39.257+0000] {dagbag.py:588} INFO - Filling up the DagBag from /opt/airflow/dags/news_pipeline_dag.py
[2026-05-09T16:02:39.273+0000] {processor.py:925} INFO - DAG(s) 'news_data_architecture_pipeline' retrieved from /opt/airflow/dags/news_pipeline_dag.py
[2026-05-09T16:02:39.305+0000] {logging_mixin.py:190} INFO - [2026-05-09T16:02:39.305+0000] {dag.py:3239} INFO - Sync 1 DAGs
[2026-05-09T16:02:39.327+0000] {logging_mixin.py:190} INFO - [2026-05-09T16:02:39.326+0000] {dag.py:4180} INFO - Setting next_dagrun for news_data_architecture_pipeline to 2026-05-09 15:00:00+00:00, run_after=2026-05-09 16:00:00+00:00
[2026-05-09T16:02:39.354+0000] {processor.py:208} INFO - Processing /opt/airflow/dags/news_pipeline_dag.py took 0.104 seconds
[2026-05-09T16:03:09.683+0000] {processor.py:186} INFO - Started process (PID=3152) to work on /opt/airflow/dags/news_pipeline_dag.py
[2026-05-09T16:03:09.685+0000] {processor.py:914} INFO - Processing file /opt/airflow/dags/news_pipeline_dag.py for tasks to queue
[2026-05-09T16:03:09.686+0000] {logging_mixin.py:190} INFO - [2026-05-09T16:03:09.686+0000] {dagbag.py:588} INFO - Filling up the DagBag from /opt/airflow/dags/news_pipeline_dag.py
[2026-05-09T16:03:09.708+0000] {processor.py:925} INFO - DAG(s) 'news_data_architecture_pipeline' retrieved from /opt/airflow/dags/news_pipeline_dag.py
[2026-05-09T16:03:09.746+0000] {logging_mixin.py:190} INFO - [2026-05-09T16:03:09.746+0000] {dag.py:3239} INFO - Sync 1 DAGs
[2026-05-09T16:03:09.794+0000] {logging_mixin.py:190} INFO - [2026-05-09T16:03:09.793+0000] {dag.py:4180} INFO - Setting next_dagrun for news_data_architecture_pipeline to 2026-05-09 15:00:00+00:00, run_after=2026-05-09 16:00:00+00:00
[2026-05-09T16:03:09.833+0000] {processor.py:208} INFO - Processing /opt/airflow/dags/news_pipeline_dag.py took 0.159 seconds
[2026-05-09T16:03:40.063+0000] {processor.py:186} INFO - Started process (PID=3162) to work on /opt/airflow/dags/news_pipeline_dag.py
[2026-05-09T16:03:40.065+0000] {processor.py:914} INFO - Processing file /opt/airflow/dags/news_pipeline_dag.py for tasks to queue
[2026-05-09T16:03:40.068+0000] {logging_mixin.py:190} INFO - [2026-05-09T16:03:40.067+0000] {dagbag.py:588} INFO - Filling up the DagBag from /opt/airflow/dags/news_pipeline_dag.py
[2026-05-09T16:03:40.092+0000] {processor.py:925} INFO - DAG(s) 'news_data_architecture_pipeline' retrieved from /opt/airflow/dags/news_pipeline_dag.py
[2026-05-09T16:03:40.131+0000] {logging_mixin.py:190} INFO - [2026-05-09T16:03:40.131+0000] {dag.py:3239} INFO - Sync 1 DAGs
[2026-05-09T16:03:40.157+0000] {logging_mixin.py:190} INFO - [2026-05-09T16:03:40.157+0000] {dag.py:4180} INFO - Setting next_dagrun for news_data_architecture_pipeline to 2026-05-09 15:00:00+00:00, run_after=2026-05-09 16:00:00+00:00
[2026-05-09T16:03:40.182+0000] {processor.py:208} INFO - Processing /opt/airflow/dags/news_pipeline_dag.py took 0.132 seconds
[2026-05-09T16:04:10.434+0000] {processor.py:186} INFO - Started process (PID=3172) to work on /opt/airflow/dags/news_pipeline_dag.py
[2026-05-09T16:04:10.435+0000] {processor.py:914} INFO - Processing file /opt/airflow/dags/news_pipeline_dag.py for tasks to queue
[2026-05-09T16:04:10.437+0000] {logging_mixin.py:190} INFO - [2026-05-09T16:04:10.437+0000] {dagbag.py:588} INFO - Filling up the DagBag from /opt/airflow/dags/news_pipeline_dag.py
[2026-05-09T16:04:10.459+0000] {processor.py:925} INFO - DAG(s) 'news_data_architecture_pipeline' retrieved from /opt/airflow/dags/news_pipeline_dag.py
[2026-05-09T16:04:10.490+0000] {logging_mixin.py:190} INFO - [2026-05-09T16:04:10.490+0000] {dag.py:3239} INFO - Sync 1 DAGs
[2026-05-09T16:04:10.512+0000] {logging_mixin.py:190} INFO - [2026-05-09T16:04:10.512+0000] {dag.py:4180} INFO - Setting next_dagrun for news_data_architecture_pipeline to 2026-05-09 15:00:00+00:00, run_after=2026-05-09 16:00:00+00:00
[2026-05-09T16:04:10.539+0000] {processor.py:208} INFO - Processing /opt/airflow/dags/news_pipeline_dag.py took 0.114 seconds
[2026-05-09T16:04:40.838+0000] {processor.py:186} INFO - Started process (PID=3182) to work on /opt/airflow/dags/news_pipeline_dag.py
[2026-05-09T16:04:40.839+0000] {processor.py:914} INFO - Processing file /opt/airflow/dags/news_pipeline_dag.py for tasks to queue
[2026-05-09T16:04:40.841+0000] {logging_mixin.py:190} INFO - [2026-05-09T16:04:40.840+0000] {dagbag.py:588} INFO - Filling up the DagBag from /opt/airflow/dags/news_pipeline_dag.py
[2026-05-09T16:04:40.858+0000] {processor.py:925} INFO - DAG(s) 'news_data_architecture_pipeline' retrieved from /opt/airflow/dags/news_pipeline_dag.py
[2026-05-09T16:04:40.890+0000] {logging_mixin.py:190} INFO - [2026-05-09T16:04:40.890+0000] {dag.py:3239} INFO - Sync 1 DAGs
[2026-05-09T16:04:40.916+0000] {logging_mixin.py:190} INFO - [2026-05-09T16:04:40.916+0000] {dag.py:4180} INFO - Setting next_dagrun for news_data_architecture_pipeline to 2026-05-09 15:00:00+00:00, run_after=2026-05-09 16:00:00+00:00
[2026-05-09T16:04:40.939+0000] {processor.py:208} INFO - Processing /opt/airflow/dags/news_pipeline_dag.py took 0.107 seconds
[2026-05-09T16:05:11.324+0000] {processor.py:186} INFO - Started process (PID=3192) to work on /opt/airflow/dags/news_pipeline_dag.py
[2026-05-09T16:05:11.325+0000] {processor.py:914} INFO - Processing file /opt/airflow/dags/news_pipeline_dag.py for tasks to queue
[2026-05-09T16:05:11.327+0000] {logging_mixin.py:190} INFO - [2026-05-09T16:05:11.327+0000] {dagbag.py:588} INFO - Filling up the DagBag from /opt/airflow/dags/news_pipeline_dag.py
[2026-05-09T16:05:11.348+0000] {processor.py:925} INFO - DAG(s) 'news_data_architecture_pipeline' retrieved from /opt/airflow/dags/news_pipeline_dag.py
[2026-05-09T16:05:11.390+0000] {logging_mixin.py:190} INFO - [2026-05-09T16:05:11.389+0000] {dag.py:3239} INFO - Sync 1 DAGs
[2026-05-09T16:05:11.430+0000] {logging_mixin.py:190} INFO - [2026-05-09T16:05:11.429+0000] {dag.py:4180} INFO - Setting next_dagrun for news_data_architecture_pipeline to 2026-05-09 15:00:00+00:00, run_after=2026-05-09 16:00:00+00:00
[2026-05-09T16:05:11.462+0000] {processor.py:208} INFO - Processing /opt/airflow/dags/news_pipeline_dag.py took 0.148 seconds
[2026-05-09T16:05:41.913+0000] {processor.py:186} INFO - Started process (PID=3202) to work on /opt/airflow/dags/news_pipeline_dag.py
[2026-05-09T16:05:41.915+0000] {processor.py:914} INFO - Processing file /opt/airflow/dags/news_pipeline_dag.py for tasks to queue
[2026-05-09T16:05:41.918+0000] {logging_mixin.py:190} INFO - [2026-05-09T16:05:41.917+0000] {dagbag.py:588} INFO - Filling up the DagBag from /opt/airflow/dags/news_pipeline_dag.py
[2026-05-09T16:05:41.940+0000] {processor.py:925} INFO - DAG(s) 'news_data_architecture_pipeline' retrieved from /opt/airflow/dags/news_pipeline_dag.py
[2026-05-09T16:05:41.972+0000] {logging_mixin.py:190} INFO - [2026-05-09T16:05:41.971+0000] {dag.py:3239} INFO - Sync 1 DAGs
[2026-05-09T16:05:41.995+0000] {logging_mixin.py:190} INFO - [2026-05-09T16:05:41.995+0000] {dag.py:4180} INFO - Setting next_dagrun for news_data_architecture_pipeline to 2026-05-09 15:00:00+00:00, run_after=2026-05-09 16:00:00+00:00
[2026-05-09T16:05:42.021+0000] {processor.py:208} INFO - Processing /opt/airflow/dags/news_pipeline_dag.py took 0.115 seconds
[2026-05-09T16:06:12.282+0000] {processor.py:186} INFO - Started process (PID=3212) to work on /opt/airflow/dags/news_pipeline_dag.py
[2026-05-09T16:06:12.283+0000] {processor.py:914} INFO - Processing file /opt/airflow/dags/news_pipeline_dag.py for tasks to queue
[2026-05-09T16:06:12.284+0000] {logging_mixin.py:190} INFO - [2026-05-09T16:06:12.284+0000] {dagbag.py:588} INFO - Filling up the DagBag from /opt/airflow/dags/news_pipeline_dag.py
[2026-05-09T16:06:12.303+0000] {processor.py:925} INFO - DAG(s) 'news_data_architecture_pipeline' retrieved from /opt/airflow/dags/news_pipeline_dag.py
[2026-05-09T16:06:12.337+0000] {logging_mixin.py:190} INFO - [2026-05-09T16:06:12.336+0000] {dag.py:3239} INFO - Sync 1 DAGs
[2026-05-09T16:06:12.358+0000] {logging_mixin.py:190} INFO - [2026-05-09T16:06:12.358+0000] {dag.py:4180} INFO - Setting next_dagrun for news_data_architecture_pipeline to 2026-05-09 15:00:00+00:00, run_after=2026-05-09 16:00:00+00:00
[2026-05-09T16:06:12.381+0000] {processor.py:208} INFO - Processing /opt/airflow/dags/news_pipeline_dag.py took 0.109 seconds
[2026-05-09T16:06:42.772+0000] {processor.py:186} INFO - Started process (PID=3222) to work on /opt/airflow/dags/news_pipeline_dag.py
[2026-05-09T16:06:42.775+0000] {processor.py:914} INFO - Processing file /opt/airflow/dags/news_pipeline_dag.py for tasks to queue
[2026-05-09T16:06:42.778+0000] {logging_mixin.py:190} INFO - [2026-05-09T16:06:42.777+0000] {dagbag.py:588} INFO - Filling up the DagBag from /opt/airflow/dags/news_pipeline_dag.py
[2026-05-09T16:06:42.831+0000] {processor.py:925} INFO - DAG(s) 'news_data_architecture_pipeline' retrieved from /opt/airflow/dags/news_pipeline_dag.py
[2026-05-09T16:06:42.880+0000] {logging_mixin.py:190} INFO - [2026-05-09T16:06:42.880+0000] {dag.py:3239} INFO - Sync 1 DAGs
[2026-05-09T16:06:42.921+0000] {logging_mixin.py:190} INFO - [2026-05-09T16:06:42.920+0000] {dag.py:4180} INFO - Setting next_dagrun for news_data_architecture_pipeline to 2026-05-09 15:00:00+00:00, run_after=2026-05-09 16:00:00+00:00
[2026-05-09T16:06:42.948+0000] {processor.py:208} INFO - Processing /opt/airflow/dags/news_pipeline_dag.py took 0.188 seconds
[2026-05-09T16:07:13.099+0000] {processor.py:186} INFO - Started process (PID=3232) to work on /opt/airflow/dags/news_pipeline_dag.py
[2026-05-09T16:07:13.102+0000] {processor.py:914} INFO - Processing file /opt/airflow/dags/news_pipeline_dag.py for tasks to queue
[2026-05-09T16:07:13.105+0000] {logging_mixin.py:190} INFO - [2026-05-09T16:07:13.105+0000] {dagbag.py:588} INFO - Filling up the DagBag from /opt/airflow/dags/news_pipeline_dag.py
[2026-05-09T16:07:13.126+0000] {processor.py:925} INFO - DAG(s) 'news_data_architecture_pipeline' retrieved from /opt/airflow/dags/news_pipeline_dag.py
[2026-05-09T16:07:13.168+0000] {logging_mixin.py:190} INFO - [2026-05-09T16:07:13.168+0000] {dag.py:3239} INFO - Sync 1 DAGs
[2026-05-09T16:07:13.196+0000] {logging_mixin.py:190} INFO - [2026-05-09T16:07:13.196+0000] {dag.py:4180} INFO - Setting next_dagrun for news_data_architecture_pipeline to 2026-05-09 15:00:00+00:00, run_after=2026-05-09 16:00:00+00:00
[2026-05-09T16:07:13.230+0000] {processor.py:208} INFO - Processing /opt/airflow/dags/news_pipeline_dag.py took 0.139 seconds
[2026-05-09T16:07:43.617+0000] {processor.py:186} INFO - Started process (PID=3242) to work on /opt/airflow/dags/news_pipeline_dag.py
[2026-05-09T16:07:43.620+0000] {processor.py:914} INFO - Processing file /opt/airflow/dags/news_pipeline_dag.py for tasks to queue
[2026-05-09T16:07:43.626+0000] {logging_mixin.py:190} INFO - [2026-05-09T16:07:43.623+0000] {dagbag.py:588} INFO - Filling up the DagBag from /opt/airflow/dags/news_pipeline_dag.py
[2026-05-09T16:07:43.655+0000] {processor.py:925} INFO - DAG(s) 'news_data_architecture_pipeline' retrieved from /opt/airflow/dags/news_pipeline_dag.py
[2026-05-09T16:07:43.726+0000] {logging_mixin.py:190} INFO - [2026-05-09T16:07:43.726+0000] {dag.py:3239} INFO - Sync 1 DAGs
[2026-05-09T16:07:44.083+0000] {logging_mixin.py:190} INFO - [2026-05-09T16:07:44.083+0000] {dag.py:4180} INFO - Setting next_dagrun for news_data_architecture_pipeline to 2026-05-09 15:00:00+00:00, run_after=2026-05-09 16:00:00+00:00
[2026-05-09T16:07:44.169+0000] {processor.py:208} INFO - Processing /opt/airflow/dags/news_pipeline_dag.py took 0.561 seconds
[2026-05-09T16:08:14.663+0000] {processor.py:186} INFO - Started process (PID=3252) to work on /opt/airflow/dags/news_pipeline_dag.py
[2026-05-09T16:08:14.664+0000] {processor.py:914} INFO - Processing file /opt/airflow/dags/news_pipeline_dag.py for tasks to queue
[2026-05-09T16:08:14.666+0000] {logging_mixin.py:190} INFO - [2026-05-09T16:08:14.665+0000] {dagbag.py:588} INFO - Filling up the DagBag from /opt/airflow/dags/news_pipeline_dag.py
[2026-05-09T16:08:14.685+0000] {processor.py:925} INFO - DAG(s) 'news_data_architecture_pipeline' retrieved from /opt/airflow/dags/news_pipeline_dag.py
[2026-05-09T16:08:14.727+0000] {logging_mixin.py:190} INFO - [2026-05-09T16:08:14.727+0000] {dag.py:3239} INFO - Sync 1 DAGs
[2026-05-09T16:08:14.802+0000] {logging_mixin.py:190} INFO - [2026-05-09T16:08:14.802+0000] {dag.py:4180} INFO - Setting next_dagrun for news_data_architecture_pipeline to 2026-05-09 15:00:00+00:00, run_after=2026-05-09 16:00:00+00:00
[2026-05-09T16:08:14.833+0000] {processor.py:208} INFO - Processing /opt/airflow/dags/news_pipeline_dag.py took 0.181 seconds
[2026-05-09T16:08:45.161+0000] {processor.py:186} INFO - Started process (PID=3262) to work on /opt/airflow/dags/news_pipeline_dag.py
[2026-05-09T16:08:45.162+0000] {processor.py:914} INFO - Processing file /opt/airflow/dags/news_pipeline_dag.py for tasks to queue
[2026-05-09T16:08:45.165+0000] {logging_mixin.py:190} INFO - [2026-05-09T16:08:45.164+0000] {dagbag.py:588} INFO - Filling up the DagBag from /opt/airflow/dags/news_pipeline_dag.py
[2026-05-09T16:08:45.183+0000] {processor.py:925} INFO - DAG(s) 'news_data_architecture_pipeline' retrieved from /opt/airflow/dags/news_pipeline_dag.py
[2026-05-09T16:08:45.217+0000] {logging_mixin.py:190} INFO - [2026-05-09T16:08:45.217+0000] {dag.py:3239} INFO - Sync 1 DAGs
[2026-05-09T16:08:45.295+0000] {logging_mixin.py:190} INFO - [2026-05-09T16:08:45.295+0000] {dag.py:4180} INFO - Setting next_dagrun for news_data_architecture_pipeline to 2026-05-09 15:00:00+00:00, run_after=2026-05-09 16:00:00+00:00
[2026-05-09T16:08:45.340+0000] {processor.py:208} INFO - Processing /opt/airflow/dags/news_pipeline_dag.py took 0.187 seconds
[2026-05-09T16:09:15.504+0000] {processor.py:186} INFO - Started process (PID=3272) to work on /opt/airflow/dags/news_pipeline_dag.py
[2026-05-09T16:09:15.506+0000] {processor.py:914} INFO - Processing file /opt/airflow/dags/news_pipeline_dag.py for tasks to queue
[2026-05-09T16:09:15.507+0000] {logging_mixin.py:190} INFO - [2026-05-09T16:09:15.507+0000] {dagbag.py:588} INFO - Filling up the DagBag from /opt/airflow/dags/news_pipeline_dag.py
[2026-05-09T16:09:15.524+0000] {processor.py:925} INFO - DAG(s) 'news_data_architecture_pipeline' retrieved from /opt/airflow/dags/news_pipeline_dag.py
[2026-05-09T16:09:15.557+0000] {logging_mixin.py:190} INFO - [2026-05-09T16:09:15.557+0000] {dag.py:3239} INFO - Sync 1 DAGs
[2026-05-09T16:09:15.590+0000] {logging_mixin.py:190} INFO - [2026-05-09T16:09:15.589+0000] {dag.py:4180} INFO - Setting next_dagrun for news_data_architecture_pipeline to 2026-05-09 15:00:00+00:00, run_after=2026-05-09 16:00:00+00:00
[2026-05-09T16:09:15.617+0000] {processor.py:208} INFO - Processing /opt/airflow/dags/news_pipeline_dag.py took 0.120 seconds
[2026-05-09T16:09:46.063+0000] {processor.py:186} INFO - Started process (PID=3282) to work on /opt/airflow/dags/news_pipeline_dag.py
[2026-05-09T16:09:46.065+0000] {processor.py:914} INFO - Processing file /opt/airflow/dags/news_pipeline_dag.py for tasks to queue
[2026-05-09T16:09:46.068+0000] {logging_mixin.py:190} INFO - [2026-05-09T16:09:46.067+0000] {dagbag.py:588} INFO - Filling up the DagBag from /opt/airflow/dags/news_pipeline_dag.py
[2026-05-09T16:09:46.108+0000] {processor.py:925} INFO - DAG(s) 'news_data_architecture_pipeline' retrieved from /opt/airflow/dags/news_pipeline_dag.py
[2026-05-09T16:09:46.174+0000] {logging_mixin.py:190} INFO - [2026-05-09T16:09:46.173+0000] {dag.py:3239} INFO - Sync 1 DAGs
[2026-05-09T16:09:46.286+0000] {logging_mixin.py:190} INFO - [2026-05-09T16:09:46.286+0000] {dag.py:4180} INFO - Setting next_dagrun for news_data_architecture_pipeline to 2026-05-09 15:00:00+00:00, run_after=2026-05-09 16:00:00+00:00
[2026-05-09T16:09:46.336+0000] {processor.py:208} INFO - Processing /opt/airflow/dags/news_pipeline_dag.py took 0.281 seconds
[2026-05-09T16:10:16.706+0000] {processor.py:186} INFO - Started process (PID=3292) to work on /opt/airflow/dags/news_pipeline_dag.py
[2026-05-09T16:10:16.708+0000] {processor.py:914} INFO - Processing file /opt/airflow/dags/news_pipeline_dag.py for tasks to queue
[2026-05-09T16:10:16.709+0000] {logging_mixin.py:190} INFO - [2026-05-09T16:10:16.709+0000] {dagbag.py:588} INFO - Filling up the DagBag from /opt/airflow/dags/news_pipeline_dag.py
[2026-05-09T16:10:16.728+0000] {processor.py:925} INFO - DAG(s) 'news_data_architecture_pipeline' retrieved from /opt/airflow/dags/news_pipeline_dag.py
[2026-05-09T16:10:16.761+0000] {logging_mixin.py:190} INFO - [2026-05-09T16:10:16.761+0000] {dag.py:3239} INFO - Sync 1 DAGs
[2026-05-09T16:10:16.783+0000] {logging_mixin.py:190} INFO - [2026-05-09T16:10:16.782+0000] {dag.py:4180} INFO - Setting next_dagrun for news_data_architecture_pipeline to 2026-05-09 15:00:00+00:00, run_after=2026-05-09 16:00:00+00:00
[2026-05-09T16:10:16.808+0000] {processor.py:208} INFO - Processing /opt/airflow/dags/news_pipeline_dag.py took 0.111 seconds
[2026-05-09T16:10:47.043+0000] {processor.py:186} INFO - Started process (PID=3302) to work on /opt/airflow/dags/news_pipeline_dag.py
[2026-05-09T16:10:47.044+0000] {processor.py:914} INFO - Processing file /opt/airflow/dags/news_pipeline_dag.py for tasks to queue
[2026-05-09T16:10:47.046+0000] {logging_mixin.py:190} INFO - [2026-05-09T16:10:47.045+0000] {dagbag.py:588} INFO - Filling up the DagBag from /opt/airflow/dags/news_pipeline_dag.py
[2026-05-09T16:10:47.064+0000] {processor.py:925} INFO - DAG(s) 'news_data_architecture_pipeline' retrieved from /opt/airflow/dags/news_pipeline_dag.py
[2026-05-09T16:10:47.095+0000] {logging_mixin.py:190} INFO - [2026-05-09T16:10:47.095+0000] {dag.py:3239} INFO - Sync 1 DAGs
[2026-05-09T16:10:47.120+0000] {logging_mixin.py:190} INFO - [2026-05-09T16:10:47.120+0000] {dag.py:4180} INFO - Setting next_dagrun for news_data_architecture_pipeline to 2026-05-09 15:00:00+00:00, run_after=2026-05-09 16:00:00+00:00
[2026-05-09T16:10:47.140+0000] {processor.py:208} INFO - Processing /opt/airflow/dags/news_pipeline_dag.py took 0.104 seconds
[2026-05-09T16:11:17.489+0000] {processor.py:186} INFO - Started process (PID=3312) to work on /opt/airflow/dags/news_pipeline_dag.py
[2026-05-09T16:11:17.491+0000] {processor.py:914} INFO - Processing file /opt/airflow/dags/news_pipeline_dag.py for tasks to queue
[2026-05-09T16:11:17.495+0000] {logging_mixin.py:190} INFO - [2026-05-09T16:11:17.494+0000] {dagbag.py:588} INFO - Filling up the DagBag from /opt/airflow/dags/news_pipeline_dag.py
[2026-05-09T16:11:17.514+0000] {processor.py:925} INFO - DAG(s) 'news_data_architecture_pipeline' retrieved from /opt/airflow/dags/news_pipeline_dag.py
[2026-05-09T16:11:17.549+0000] {logging_mixin.py:190} INFO - [2026-05-09T16:11:17.548+0000] {dag.py:3239} INFO - Sync 1 DAGs
[2026-05-09T16:11:17.573+0000] {logging_mixin.py:190} INFO - [2026-05-09T16:11:17.573+0000] {dag.py:4180} INFO - Setting next_dagrun for news_data_architecture_pipeline to 2026-05-09 15:00:00+00:00, run_after=2026-05-09 16:00:00+00:00
[2026-05-09T16:11:17.617+0000] {processor.py:208} INFO - Processing /opt/airflow/dags/news_pipeline_dag.py took 0.134 seconds
[2026-05-09T16:11:47.805+0000] {processor.py:186} INFO - Started process (PID=3322) to work on /opt/airflow/dags/news_pipeline_dag.py
[2026-05-09T16:11:47.806+0000] {processor.py:914} INFO - Processing file /opt/airflow/dags/news_pipeline_dag.py for tasks to queue
[2026-05-09T16:11:47.808+0000] {logging_mixin.py:190} INFO - [2026-05-09T16:11:47.808+0000] {dagbag.py:588} INFO - Filling up the DagBag from /opt/airflow/dags/news_pipeline_dag.py
[2026-05-09T16:11:47.832+0000] {processor.py:925} INFO - DAG(s) 'news_data_architecture_pipeline' retrieved from /opt/airflow/dags/news_pipeline_dag.py
[2026-05-09T16:11:47.862+0000] {logging_mixin.py:190} INFO - [2026-05-09T16:11:47.862+0000] {dag.py:3239} INFO - Sync 1 DAGs
[2026-05-09T16:11:47.888+0000] {logging_mixin.py:190} INFO - [2026-05-09T16:11:47.887+0000] {dag.py:4180} INFO - Setting next_dagrun for news_data_architecture_pipeline to 2026-05-09 15:00:00+00:00, run_after=2026-05-09 16:00:00+00:00
[2026-05-09T16:11:47.910+0000] {processor.py:208} INFO - Processing /opt/airflow/dags/news_pipeline_dag.py took 0.111 seconds
[2026-05-09T16:12:18.276+0000] {processor.py:186} INFO - Started process (PID=3332) to work on /opt/airflow/dags/news_pipeline_dag.py
[2026-05-09T16:12:18.281+0000] {processor.py:914} INFO - Processing file /opt/airflow/dags/news_pipeline_dag.py for tasks to queue
[2026-05-09T16:12:18.286+0000] {logging_mixin.py:190} INFO - [2026-05-09T16:12:18.285+0000] {dagbag.py:588} INFO - Filling up the DagBag from /opt/airflow/dags/news_pipeline_dag.py
[2026-05-09T16:12:18.358+0000] {processor.py:925} INFO - DAG(s) 'news_data_architecture_pipeline' retrieved from /opt/airflow/dags/news_pipeline_dag.py
[2026-05-09T16:12:18.392+0000] {logging_mixin.py:190} INFO - [2026-05-09T16:12:18.392+0000] {dag.py:3239} INFO - Sync 1 DAGs
[2026-05-09T16:12:18.437+0000] {logging_mixin.py:190} INFO - [2026-05-09T16:12:18.436+0000] {dag.py:4180} INFO - Setting next_dagrun for news_data_architecture_pipeline to 2026-05-09 15:00:00+00:00, run_after=2026-05-09 16:00:00+00:00
[2026-05-09T16:12:18.469+0000] {processor.py:208} INFO - Processing /opt/airflow/dags/news_pipeline_dag.py took 0.223 seconds
[2026-05-09T16:12:48.648+0000] {processor.py:186} INFO - Started process (PID=3342) to work on /opt/airflow/dags/news_pipeline_dag.py
[2026-05-09T16:12:48.649+0000] {processor.py:914} INFO - Processing file /opt/airflow/dags/news_pipeline_dag.py for tasks to queue
[2026-05-09T16:12:48.651+0000] {logging_mixin.py:190} INFO - [2026-05-09T16:12:48.650+0000] {dagbag.py:588} INFO - Filling up the DagBag from /opt/airflow/dags/news_pipeline_dag.py
[2026-05-09T16:12:48.669+0000] {processor.py:925} INFO - DAG(s) 'news_data_architecture_pipeline' retrieved from /opt/airflow/dags/news_pipeline_dag.py
[2026-05-09T16:12:48.701+0000] {logging_mixin.py:190} INFO - [2026-05-09T16:12:48.701+0000] {dag.py:3239} INFO - Sync 1 DAGs
[2026-05-09T16:12:48.723+0000] {logging_mixin.py:190} INFO - [2026-05-09T16:12:48.723+0000] {dag.py:4180} INFO - Setting next_dagrun for news_data_architecture_pipeline to 2026-05-09 15:00:00+00:00, run_after=2026-05-09 16:00:00+00:00
[2026-05-09T16:12:48.747+0000] {processor.py:208} INFO - Processing /opt/airflow/dags/news_pipeline_dag.py took 0.107 seconds
[2026-05-09T16:13:19.183+0000] {processor.py:186} INFO - Started process (PID=3352) to work on /opt/airflow/dags/news_pipeline_dag.py
[2026-05-09T16:13:19.185+0000] {processor.py:914} INFO - Processing file /opt/airflow/dags/news_pipeline_dag.py for tasks to queue
[2026-05-09T16:13:19.186+0000] {logging_mixin.py:190} INFO - [2026-05-09T16:13:19.186+0000] {dagbag.py:588} INFO - Filling up the DagBag from /opt/airflow/dags/news_pipeline_dag.py
[2026-05-09T16:13:19.203+0000] {processor.py:925} INFO - DAG(s) 'news_data_architecture_pipeline' retrieved from /opt/airflow/dags/news_pipeline_dag.py
[2026-05-09T16:13:19.229+0000] {logging_mixin.py:190} INFO - [2026-05-09T16:13:19.229+0000] {dag.py:3239} INFO - Sync 1 DAGs
[2026-05-09T16:13:19.249+0000] {logging_mixin.py:190} INFO - [2026-05-09T16:13:19.249+0000] {dag.py:4180} INFO - Setting next_dagrun for news_data_architecture_pipeline to 2026-05-09 15:00:00+00:00, run_after=2026-05-09 16:00:00+00:00
[2026-05-09T16:13:19.269+0000] {processor.py:208} INFO - Processing /opt/airflow/dags/news_pipeline_dag.py took 0.092 seconds
[2026-05-09T16:13:49.570+0000] {processor.py:186} INFO - Started process (PID=3362) to work on /opt/airflow/dags/news_pipeline_dag.py
[2026-05-09T16:13:49.583+0000] {processor.py:914} INFO - Processing file /opt/airflow/dags/news_pipeline_dag.py for tasks to queue
[2026-05-09T16:13:49.599+0000] {logging_mixin.py:190} INFO - [2026-05-09T16:13:49.595+0000] {dagbag.py:588} INFO - Filling up the DagBag from /opt/airflow/dags/news_pipeline_dag.py
[2026-05-09T16:13:49.707+0000] {processor.py:925} INFO - DAG(s) 'news_data_architecture_pipeline' retrieved from /opt/airflow/dags/news_pipeline_dag.py
[2026-05-09T16:13:49.887+0000] {logging_mixin.py:190} INFO - [2026-05-09T16:13:49.887+0000] {dag.py:3239} INFO - Sync 1 DAGs
[2026-05-09T16:13:49.990+0000] {logging_mixin.py:190} INFO - [2026-05-09T16:13:49.990+0000] {dag.py:4180} INFO - Setting next_dagrun for news_data_architecture_pipeline to 2026-05-09 15:00:00+00:00, run_after=2026-05-09 16:00:00+00:00
[2026-05-09T16:13:50.031+0000] {processor.py:208} INFO - Processing /opt/airflow/dags/news_pipeline_dag.py took 0.519 seconds
[2026-05-09T16:14:20.353+0000] {processor.py:186} INFO - Started process (PID=3372) to work on /opt/airflow/dags/news_pipeline_dag.py
[2026-05-09T16:14:20.354+0000] {processor.py:914} INFO - Processing file /opt/airflow/dags/news_pipeline_dag.py for tasks to queue
[2026-05-09T16:14:20.356+0000] {logging_mixin.py:190} INFO - [2026-05-09T16:14:20.355+0000] {dagbag.py:588} INFO - Filling up the DagBag from /opt/airflow/dags/news_pipeline_dag.py
[2026-05-09T16:14:20.382+0000] {processor.py:925} INFO - DAG(s) 'news_data_architecture_pipeline' retrieved from /opt/airflow/dags/news_pipeline_dag.py
[2026-05-09T16:14:20.427+0000] {logging_mixin.py:190} INFO - [2026-05-09T16:14:20.427+0000] {dag.py:3239} INFO - Sync 1 DAGs
[2026-05-09T16:14:20.459+0000] {logging_mixin.py:190} INFO - [2026-05-09T16:14:20.459+0000] {dag.py:4180} INFO - Setting next_dagrun for news_data_architecture_pipeline to 2026-05-09 15:00:00+00:00, run_after=2026-05-09 16:00:00+00:00
[2026-05-09T16:14:20.494+0000] {processor.py:208} INFO - Processing /opt/airflow/dags/news_pipeline_dag.py took 0.146 seconds
[2026-05-09T16:14:51.418+0000] {processor.py:186} INFO - Started process (PID=3382) to work on /opt/airflow/dags/news_pipeline_dag.py
[2026-05-09T16:14:51.427+0000] {processor.py:914} INFO - Processing file /opt/airflow/dags/news_pipeline_dag.py for tasks to queue
[2026-05-09T16:14:51.431+0000] {logging_mixin.py:190} INFO - [2026-05-09T16:14:51.431+0000] {dagbag.py:588} INFO - Filling up the DagBag from /opt/airflow/dags/news_pipeline_dag.py
[2026-05-09T16:14:51.508+0000] {processor.py:925} INFO - DAG(s) 'news_data_architecture_pipeline' retrieved from /opt/airflow/dags/news_pipeline_dag.py
[2026-05-09T16:14:51.736+0000] {logging_mixin.py:190} INFO - [2026-05-09T16:14:51.735+0000] {dag.py:3239} INFO - Sync 1 DAGs
[2026-05-09T16:14:51.974+0000] {logging_mixin.py:190} INFO - [2026-05-09T16:14:51.973+0000] {dag.py:4180} INFO - Setting next_dagrun for news_data_architecture_pipeline to 2026-05-09 15:00:00+00:00, run_after=2026-05-09 16:00:00+00:00
[2026-05-09T16:14:52.036+0000] {processor.py:208} INFO - Processing /opt/airflow/dags/news_pipeline_dag.py took 0.642 seconds
[2026-05-09T16:15:22.335+0000] {processor.py:186} INFO - Started process (PID=3392) to work on /opt/airflow/dags/news_pipeline_dag.py
[2026-05-09T16:15:22.336+0000] {processor.py:914} INFO - Processing file /opt/airflow/dags/news_pipeline_dag.py for tasks to queue
[2026-05-09T16:15:22.338+0000] {logging_mixin.py:190} INFO - [2026-05-09T16:15:22.338+0000] {dagbag.py:588} INFO - Filling up the DagBag from /opt/airflow/dags/news_pipeline_dag.py
[2026-05-09T16:15:22.356+0000] {processor.py:925} INFO - DAG(s) 'news_data_architecture_pipeline' retrieved from /opt/airflow/dags/news_pipeline_dag.py
[2026-05-09T16:15:22.388+0000] {logging_mixin.py:190} INFO - [2026-05-09T16:15:22.388+0000] {dag.py:3239} INFO - Sync 1 DAGs
[2026-05-09T16:15:22.457+0000] {logging_mixin.py:190} INFO - [2026-05-09T16:15:22.457+0000] {dag.py:4180} INFO - Setting next_dagrun for news_data_architecture_pipeline to 2026-05-09 15:00:00+00:00, run_after=2026-05-09 16:00:00+00:00
[2026-05-09T16:15:22.483+0000] {processor.py:208} INFO - Processing /opt/airflow/dags/news_pipeline_dag.py took 0.156 seconds
[2026-05-09T16:15:52.946+0000] {processor.py:186} INFO - Started process (PID=3402) to work on /opt/airflow/dags/news_pipeline_dag.py
[2026-05-09T16:15:52.948+0000] {processor.py:914} INFO - Processing file /opt/airflow/dags/news_pipeline_dag.py for tasks to queue
[2026-05-09T16:15:52.950+0000] {logging_mixin.py:190} INFO - [2026-05-09T16:15:52.950+0000] {dagbag.py:588} INFO - Filling up the DagBag from /opt/airflow/dags/news_pipeline_dag.py
[2026-05-09T16:15:52.980+0000] {processor.py:925} INFO - DAG(s) 'news_data_architecture_pipeline' retrieved from /opt/airflow/dags/news_pipeline_dag.py
[2026-05-09T16:15:53.020+0000] {logging_mixin.py:190} INFO - [2026-05-09T16:15:53.019+0000] {dag.py:3239} INFO - Sync 1 DAGs
[2026-05-09T16:15:53.053+0000] {logging_mixin.py:190} INFO - [2026-05-09T16:15:53.053+0000] {dag.py:4180} INFO - Setting next_dagrun for news_data_architecture_pipeline to 2026-05-09 15:00:00+00:00, run_after=2026-05-09 16:00:00+00:00
[2026-05-09T16:15:53.076+0000] {processor.py:208} INFO - Processing /opt/airflow/dags/news_pipeline_dag.py took 0.141 seconds
[2026-05-09T16:16:23.257+0000] {processor.py:186} INFO - Started process (PID=3412) to work on /opt/airflow/dags/news_pipeline_dag.py
[2026-05-09T16:16:23.259+0000] {processor.py:914} INFO - Processing file /opt/airflow/dags/news_pipeline_dag.py for tasks to queue
[2026-05-09T16:16:23.260+0000] {logging_mixin.py:190} INFO - [2026-05-09T16:16:23.260+0000] {dagbag.py:588} INFO - Filling up the DagBag from /opt/airflow/dags/news_pipeline_dag.py
[2026-05-09T16:16:23.287+0000] {processor.py:925} INFO - DAG(s) 'news_data_architecture_pipeline' retrieved from /opt/airflow/dags/news_pipeline_dag.py
[2026-05-09T16:16:23.325+0000] {logging_mixin.py:190} INFO - [2026-05-09T16:16:23.324+0000] {dag.py:3239} INFO - Sync 1 DAGs
[2026-05-09T16:16:23.363+0000] {logging_mixin.py:190} INFO - [2026-05-09T16:16:23.362+0000] {dag.py:4180} INFO - Setting next_dagrun for news_data_architecture_pipeline to 2026-05-09 15:00:00+00:00, run_after=2026-05-09 16:00:00+00:00
[2026-05-09T16:16:23.393+0000] {processor.py:208} INFO - Processing /opt/airflow/dags/news_pipeline_dag.py took 0.147 seconds
[2026-05-09T16:16:53.742+0000] {processor.py:186} INFO - Started process (PID=3422) to work on /opt/airflow/dags/news_pipeline_dag.py
[2026-05-09T16:16:53.743+0000] {processor.py:914} INFO - Processing file /opt/airflow/dags/news_pipeline_dag.py for tasks to queue
[2026-05-09T16:16:53.745+0000] {logging_mixin.py:190} INFO - [2026-05-09T16:16:53.744+0000] {dagbag.py:588} INFO - Filling up the DagBag from /opt/airflow/dags/news_pipeline_dag.py
[2026-05-09T16:16:53.772+0000] {processor.py:925} INFO - DAG(s) 'news_data_architecture_pipeline' retrieved from /opt/airflow/dags/news_pipeline_dag.py
[2026-05-09T16:16:53.808+0000] {logging_mixin.py:190} INFO - [2026-05-09T16:16:53.807+0000] {dag.py:3239} INFO - Sync 1 DAGs
[2026-05-09T16:16:53.835+0000] {logging_mixin.py:190} INFO - [2026-05-09T16:16:53.835+0000] {dag.py:4180} INFO - Setting next_dagrun for news_data_architecture_pipeline to 2026-05-09 15:00:00+00:00, run_after=2026-05-09 16:00:00+00:00
[2026-05-09T16:16:53.860+0000] {processor.py:208} INFO - Processing /opt/airflow/dags/news_pipeline_dag.py took 0.123 seconds
[2026-05-09T16:17:24.222+0000] {processor.py:186} INFO - Started process (PID=3432) to work on /opt/airflow/dags/news_pipeline_dag.py
[2026-05-09T16:17:24.223+0000] {processor.py:914} INFO - Processing file /opt/airflow/dags/news_pipeline_dag.py for tasks to queue
[2026-05-09T16:17:24.226+0000] {logging_mixin.py:190} INFO - [2026-05-09T16:17:24.225+0000] {dagbag.py:588} INFO - Filling up the DagBag from /opt/airflow/dags/news_pipeline_dag.py
[2026-05-09T16:17:24.244+0000] {processor.py:925} INFO - DAG(s) 'news_data_architecture_pipeline' retrieved from /opt/airflow/dags/news_pipeline_dag.py
[2026-05-09T16:17:24.272+0000] {logging_mixin.py:190} INFO - [2026-05-09T16:17:24.272+0000] {dag.py:3239} INFO - Sync 1 DAGs
[2026-05-09T16:17:24.293+0000] {logging_mixin.py:190} INFO - [2026-05-09T16:17:24.293+0000] {dag.py:4180} INFO - Setting next_dagrun for news_data_architecture_pipeline to 2026-05-09 15:00:00+00:00, run_after=2026-05-09 16:00:00+00:00
[2026-05-09T16:17:24.313+0000] {processor.py:208} INFO - Processing /opt/airflow/dags/news_pipeline_dag.py took 0.099 seconds
[2026-05-09T16:17:54.676+0000] {processor.py:186} INFO - Started process (PID=3442) to work on /opt/airflow/dags/news_pipeline_dag.py
[2026-05-09T16:17:54.677+0000] {processor.py:914} INFO - Processing file /opt/airflow/dags/news_pipeline_dag.py for tasks to queue
[2026-05-09T16:17:54.679+0000] {logging_mixin.py:190} INFO - [2026-05-09T16:17:54.679+0000] {dagbag.py:588} INFO - Filling up the DagBag from /opt/airflow/dags/news_pipeline_dag.py
[2026-05-09T16:17:54.698+0000] {processor.py:925} INFO - DAG(s) 'news_data_architecture_pipeline' retrieved from /opt/airflow/dags/news_pipeline_dag.py
[2026-05-09T16:17:54.730+0000] {logging_mixin.py:190} INFO - [2026-05-09T16:17:54.729+0000] {dag.py:3239} INFO - Sync 1 DAGs
[2026-05-09T16:17:54.750+0000] {logging_mixin.py:190} INFO - [2026-05-09T16:17:54.750+0000] {dag.py:4180} INFO - Setting next_dagrun for news_data_architecture_pipeline to 2026-05-09 15:00:00+00:00, run_after=2026-05-09 16:00:00+00:00
[2026-05-09T16:17:54.775+0000] {processor.py:208} INFO - Processing /opt/airflow/dags/news_pipeline_dag.py took 0.107 seconds
[2026-05-09T16:18:24.982+0000] {processor.py:186} INFO - Started process (PID=3452) to work on /opt/airflow/dags/news_pipeline_dag.py
[2026-05-09T16:18:24.985+0000] {processor.py:914} INFO - Processing file /opt/airflow/dags/news_pipeline_dag.py for tasks to queue
[2026-05-09T16:18:24.989+0000] {logging_mixin.py:190} INFO - [2026-05-09T16:18:24.988+0000] {dagbag.py:588} INFO - Filling up the DagBag from /opt/airflow/dags/news_pipeline_dag.py
[2026-05-09T16:18:25.018+0000] {processor.py:925} INFO - DAG(s) 'news_data_architecture_pipeline' retrieved from /opt/airflow/dags/news_pipeline_dag.py
[2026-05-09T16:18:25.064+0000] {logging_mixin.py:190} INFO - [2026-05-09T16:18:25.064+0000] {dag.py:3239} INFO - Sync 1 DAGs
[2026-05-09T16:18:25.097+0000] {logging_mixin.py:190} INFO - [2026-05-09T16:18:25.097+0000] {dag.py:4180} INFO - Setting next_dagrun for news_data_architecture_pipeline to 2026-05-09 15:00:00+00:00, run_after=2026-05-09 16:00:00+00:00
[2026-05-09T16:18:25.125+0000] {processor.py:208} INFO - Processing /opt/airflow/dags/news_pipeline_dag.py took 0.152 seconds
[2026-05-09T16:18:55.482+0000] {processor.py:186} INFO - Started process (PID=3462) to work on /opt/airflow/dags/news_pipeline_dag.py
[2026-05-09T16:18:55.484+0000] {processor.py:914} INFO - Processing file /opt/airflow/dags/news_pipeline_dag.py for tasks to queue
[2026-05-09T16:18:55.485+0000] {logging_mixin.py:190} INFO - [2026-05-09T16:18:55.485+0000] {dagbag.py:588} INFO - Filling up the DagBag from /opt/airflow/dags/news_pipeline_dag.py
[2026-05-09T16:18:55.499+0000] {processor.py:925} INFO - DAG(s) 'news_data_architecture_pipeline' retrieved from /opt/airflow/dags/news_pipeline_dag.py
[2026-05-09T16:18:55.522+0000] {logging_mixin.py:190} INFO - [2026-05-09T16:18:55.522+0000] {dag.py:3239} INFO - Sync 1 DAGs
[2026-05-09T16:18:55.547+0000] {logging_mixin.py:190} INFO - [2026-05-09T16:18:55.547+0000] {dag.py:4180} INFO - Setting next_dagrun for news_data_architecture_pipeline to 2026-05-09 15:00:00+00:00, run_after=2026-05-09 16:00:00+00:00
[2026-05-09T16:18:55.571+0000] {processor.py:208} INFO - Processing /opt/airflow/dags/news_pipeline_dag.py took 0.096 seconds
[2026-05-09T16:19:25.900+0000] {processor.py:186} INFO - Started process (PID=3472) to work on /opt/airflow/dags/news_pipeline_dag.py
[2026-05-09T16:19:25.901+0000] {processor.py:914} INFO - Processing file /opt/airflow/dags/news_pipeline_dag.py for tasks to queue
[2026-05-09T16:19:25.902+0000] {logging_mixin.py:190} INFO - [2026-05-09T16:19:25.902+0000] {dagbag.py:588} INFO - Filling up the DagBag from /opt/airflow/dags/news_pipeline_dag.py
[2026-05-09T16:19:25.918+0000] {processor.py:925} INFO - DAG(s) 'news_data_architecture_pipeline' retrieved from /opt/airflow/dags/news_pipeline_dag.py
[2026-05-09T16:19:25.945+0000] {logging_mixin.py:190} INFO - [2026-05-09T16:19:25.945+0000] {dag.py:3239} INFO - Sync 1 DAGs
[2026-05-09T16:19:25.966+0000] {logging_mixin.py:190} INFO - [2026-05-09T16:19:25.966+0000] {dag.py:4180} INFO - Setting next_dagrun for news_data_architecture_pipeline to 2026-05-09 15:00:00+00:00, run_after=2026-05-09 16:00:00+00:00
[2026-05-09T16:19:25.987+0000] {processor.py:208} INFO - Processing /opt/airflow/dags/news_pipeline_dag.py took 0.093 seconds
[2026-05-09T16:19:56.238+0000] {processor.py:186} INFO - Started process (PID=3482) to work on /opt/airflow/dags/news_pipeline_dag.py
[2026-05-09T16:19:56.239+0000] {processor.py:914} INFO - Processing file /opt/airflow/dags/news_pipeline_dag.py for tasks to queue
[2026-05-09T16:19:56.241+0000] {logging_mixin.py:190} INFO - [2026-05-09T16:19:56.240+0000] {dagbag.py:588} INFO - Filling up the DagBag from /opt/airflow/dags/news_pipeline_dag.py
[2026-05-09T16:19:56.256+0000] {processor.py:925} INFO - DAG(s) 'news_data_architecture_pipeline' retrieved from /opt/airflow/dags/news_pipeline_dag.py
[2026-05-09T16:19:56.283+0000] {logging_mixin.py:190} INFO - [2026-05-09T16:19:56.283+0000] {dag.py:3239} INFO - Sync 1 DAGs
[2026-05-09T16:19:56.305+0000] {logging_mixin.py:190} INFO - [2026-05-09T16:19:56.305+0000] {dag.py:4180} INFO - Setting next_dagrun for news_data_architecture_pipeline to 2026-05-09 15:00:00+00:00, run_after=2026-05-09 16:00:00+00:00
[2026-05-09T16:19:56.325+0000] {processor.py:208} INFO - Processing /opt/airflow/dags/news_pipeline_dag.py took 0.092 seconds
[2026-05-09T16:20:26.694+0000] {processor.py:186} INFO - Started process (PID=3492) to work on /opt/airflow/dags/news_pipeline_dag.py
[2026-05-09T16:20:26.696+0000] {processor.py:914} INFO - Processing file /opt/airflow/dags/news_pipeline_dag.py for tasks to queue
[2026-05-09T16:20:26.697+0000] {logging_mixin.py:190} INFO - [2026-05-09T16:20:26.697+0000] {dagbag.py:588} INFO - Filling up the DagBag from /opt/airflow/dags/news_pipeline_dag.py
[2026-05-09T16:20:26.716+0000] {processor.py:925} INFO - DAG(s) 'news_data_architecture_pipeline' retrieved from /opt/airflow/dags/news_pipeline_dag.py
[2026-05-09T16:20:26.745+0000] {logging_mixin.py:190} INFO - [2026-05-09T16:20:26.745+0000] {dag.py:3239} INFO - Sync 1 DAGs
[2026-05-09T16:20:26.768+0000] {logging_mixin.py:190} INFO - [2026-05-09T16:20:26.768+0000] {dag.py:4180} INFO - Setting next_dagrun for news_data_architecture_pipeline to 2026-05-09 15:00:00+00:00, run_after=2026-05-09 16:00:00+00:00
[2026-05-09T16:20:26.795+0000] {processor.py:208} INFO - Processing /opt/airflow/dags/news_pipeline_dag.py took 0.107 seconds
[2026-05-09T16:20:56.986+0000] {processor.py:186} INFO - Started process (PID=3502) to work on /opt/airflow/dags/news_pipeline_dag.py
[2026-05-09T16:20:56.988+0000] {processor.py:914} INFO - Processing file /opt/airflow/dags/news_pipeline_dag.py for tasks to queue
[2026-05-09T16:20:56.990+0000] {logging_mixin.py:190} INFO - [2026-05-09T16:20:56.990+0000] {dagbag.py:588} INFO - Filling up the DagBag from /opt/airflow/dags/news_pipeline_dag.py
[2026-05-09T16:20:57.007+0000] {processor.py:925} INFO - DAG(s) 'news_data_architecture_pipeline' retrieved from /opt/airflow/dags/news_pipeline_dag.py
[2026-05-09T16:20:57.062+0000] {logging_mixin.py:190} INFO - [2026-05-09T16:20:57.062+0000] {dag.py:3239} INFO - Sync 1 DAGs
[2026-05-09T16:20:57.085+0000] {logging_mixin.py:190} INFO - [2026-05-09T16:20:57.085+0000] {dag.py:4180} INFO - Setting next_dagrun for news_data_architecture_pipeline to 2026-05-09 15:00:00+00:00, run_after=2026-05-09 16:00:00+00:00
[2026-05-09T16:20:57.106+0000] {processor.py:208} INFO - Processing /opt/airflow/dags/news_pipeline_dag.py took 0.128 seconds
[2026-05-09T16:21:27.457+0000] {processor.py:186} INFO - Started process (PID=3512) to work on /opt/airflow/dags/news_pipeline_dag.py
[2026-05-09T16:21:27.458+0000] {processor.py:914} INFO - Processing file /opt/airflow/dags/news_pipeline_dag.py for tasks to queue
[2026-05-09T16:21:27.460+0000] {logging_mixin.py:190} INFO - [2026-05-09T16:21:27.460+0000] {dagbag.py:588} INFO - Filling up the DagBag from /opt/airflow/dags/news_pipeline_dag.py
[2026-05-09T16:21:27.478+0000] {processor.py:925} INFO - DAG(s) 'news_data_architecture_pipeline' retrieved from /opt/airflow/dags/news_pipeline_dag.py
[2026-05-09T16:21:27.515+0000] {logging_mixin.py:190} INFO - [2026-05-09T16:21:27.515+0000] {dag.py:3239} INFO - Sync 1 DAGs
[2026-05-09T16:21:27.541+0000] {logging_mixin.py:190} INFO - [2026-05-09T16:21:27.541+0000] {dag.py:4180} INFO - Setting next_dagrun for news_data_architecture_pipeline to 2026-05-09 15:00:00+00:00, run_after=2026-05-09 16:00:00+00:00
[2026-05-09T16:21:27.563+0000] {processor.py:208} INFO - Processing /opt/airflow/dags/news_pipeline_dag.py took 0.113 seconds
[2026-05-09T16:21:57.761+0000] {processor.py:186} INFO - Started process (PID=3522) to work on /opt/airflow/dags/news_pipeline_dag.py
[2026-05-09T16:21:57.763+0000] {processor.py:914} INFO - Processing file /opt/airflow/dags/news_pipeline_dag.py for tasks to queue
[2026-05-09T16:21:57.767+0000] {logging_mixin.py:190} INFO - [2026-05-09T16:21:57.766+0000] {dagbag.py:588} INFO - Filling up the DagBag from /opt/airflow/dags/news_pipeline_dag.py
[2026-05-09T16:21:57.796+0000] {processor.py:925} INFO - DAG(s) 'news_data_architecture_pipeline' retrieved from /opt/airflow/dags/news_pipeline_dag.py
[2026-05-09T16:21:57.846+0000] {logging_mixin.py:190} INFO - [2026-05-09T16:21:57.845+0000] {dag.py:3239} INFO - Sync 1 DAGs
[2026-05-09T16:21:57.875+0000] {logging_mixin.py:190} INFO - [2026-05-09T16:21:57.875+0000] {dag.py:4180} INFO - Setting next_dagrun for news_data_architecture_pipeline to 2026-05-09 15:00:00+00:00, run_after=2026-05-09 16:00:00+00:00
[2026-05-09T16:21:57.897+0000] {processor.py:208} INFO - Processing /opt/airflow/dags/news_pipeline_dag.py took 0.147 seconds
[2026-05-09T16:22:28.216+0000] {processor.py:186} INFO - Started process (PID=3532) to work on /opt/airflow/dags/news_pipeline_dag.py
[2026-05-09T16:22:28.218+0000] {processor.py:914} INFO - Processing file /opt/airflow/dags/news_pipeline_dag.py for tasks to queue
[2026-05-09T16:22:28.219+0000] {logging_mixin.py:190} INFO - [2026-05-09T16:22:28.219+0000] {dagbag.py:588} INFO - Filling up the DagBag from /opt/airflow/dags/news_pipeline_dag.py
[2026-05-09T16:22:28.242+0000] {processor.py:925} INFO - DAG(s) 'news_data_architecture_pipeline' retrieved from /opt/airflow/dags/news_pipeline_dag.py
[2026-05-09T16:22:28.287+0000] {logging_mixin.py:190} INFO - [2026-05-09T16:22:28.287+0000] {dag.py:3239} INFO - Sync 1 DAGs
[2026-05-09T16:22:28.333+0000] {logging_mixin.py:190} INFO - [2026-05-09T16:22:28.332+0000] {dag.py:4180} INFO - Setting next_dagrun for news_data_architecture_pipeline to 2026-05-09 15:00:00+00:00, run_after=2026-05-09 16:00:00+00:00
[2026-05-09T16:22:28.363+0000] {processor.py:208} INFO - Processing /opt/airflow/dags/news_pipeline_dag.py took 0.155 seconds
[2026-05-09T16:22:58.806+0000] {processor.py:186} INFO - Started process (PID=3542) to work on /opt/airflow/dags/news_pipeline_dag.py
[2026-05-09T16:22:58.808+0000] {processor.py:914} INFO - Processing file /opt/airflow/dags/news_pipeline_dag.py for tasks to queue
[2026-05-09T16:22:58.809+0000] {logging_mixin.py:190} INFO - [2026-05-09T16:22:58.809+0000] {dagbag.py:588} INFO - Filling up the DagBag from /opt/airflow/dags/news_pipeline_dag.py
[2026-05-09T16:22:58.834+0000] {processor.py:925} INFO - DAG(s) 'news_data_architecture_pipeline' retrieved from /opt/airflow/dags/news_pipeline_dag.py
[2026-05-09T16:22:58.866+0000] {logging_mixin.py:190} INFO - [2026-05-09T16:22:58.865+0000] {dag.py:3239} INFO - Sync 1 DAGs
[2026-05-09T16:22:58.888+0000] {logging_mixin.py:190} INFO - [2026-05-09T16:22:58.888+0000] {dag.py:4180} INFO - Setting next_dagrun for news_data_architecture_pipeline to 2026-05-09 15:00:00+00:00, run_after=2026-05-09 16:00:00+00:00
[2026-05-09T16:22:58.921+0000] {processor.py:208} INFO - Processing /opt/airflow/dags/news_pipeline_dag.py took 0.123 seconds
[2026-05-09T16:23:29.184+0000] {processor.py:186} INFO - Started process (PID=3552) to work on /opt/airflow/dags/news_pipeline_dag.py
[2026-05-09T16:23:29.185+0000] {processor.py:914} INFO - Processing file /opt/airflow/dags/news_pipeline_dag.py for tasks to queue
[2026-05-09T16:23:29.187+0000] {logging_mixin.py:190} INFO - [2026-05-09T16:23:29.187+0000] {dagbag.py:588} INFO - Filling up the DagBag from /opt/airflow/dags/news_pipeline_dag.py
[2026-05-09T16:23:29.209+0000] {processor.py:925} INFO - DAG(s) 'news_data_architecture_pipeline' retrieved from /opt/airflow/dags/news_pipeline_dag.py
[2026-05-09T16:23:29.237+0000] {logging_mixin.py:190} INFO - [2026-05-09T16:23:29.236+0000] {dag.py:3239} INFO - Sync 1 DAGs
[2026-05-09T16:23:29.257+0000] {logging_mixin.py:190} INFO - [2026-05-09T16:23:29.257+0000] {dag.py:4180} INFO - Setting next_dagrun for news_data_architecture_pipeline to 2026-05-09 15:00:00+00:00, run_after=2026-05-09 16:00:00+00:00
[2026-05-09T16:23:29.277+0000] {processor.py:208} INFO - Processing /opt/airflow/dags/news_pipeline_dag.py took 0.099 seconds
[2026-05-09T16:23:59.673+0000] {processor.py:186} INFO - Started process (PID=3562) to work on /opt/airflow/dags/news_pipeline_dag.py
[2026-05-09T16:23:59.674+0000] {processor.py:914} INFO - Processing file /opt/airflow/dags/news_pipeline_dag.py for tasks to queue
[2026-05-09T16:23:59.676+0000] {logging_mixin.py:190} INFO - [2026-05-09T16:23:59.675+0000] {dagbag.py:588} INFO - Filling up the DagBag from /opt/airflow/dags/news_pipeline_dag.py
[2026-05-09T16:23:59.697+0000] {processor.py:925} INFO - DAG(s) 'news_data_architecture_pipeline' retrieved from /opt/airflow/dags/news_pipeline_dag.py
[2026-05-09T16:23:59.731+0000] {logging_mixin.py:190} INFO - [2026-05-09T16:23:59.731+0000] {dag.py:3239} INFO - Sync 1 DAGs
[2026-05-09T16:23:59.757+0000] {logging_mixin.py:190} INFO - [2026-05-09T16:23:59.757+0000] {dag.py:4180} INFO - Setting next_dagrun for news_data_architecture_pipeline to 2026-05-09 15:00:00+00:00, run_after=2026-05-09 16:00:00+00:00
[2026-05-09T16:23:59.783+0000] {processor.py:208} INFO - Processing /opt/airflow/dags/news_pipeline_dag.py took 0.117 seconds
[2026-05-09T16:24:30.114+0000] {processor.py:186} INFO - Started process (PID=3572) to work on /opt/airflow/dags/news_pipeline_dag.py
[2026-05-09T16:24:30.115+0000] {processor.py:914} INFO - Processing file /opt/airflow/dags/news_pipeline_dag.py for tasks to queue
[2026-05-09T16:24:30.116+0000] {logging_mixin.py:190} INFO - [2026-05-09T16:24:30.116+0000] {dagbag.py:588} INFO - Filling up the DagBag from /opt/airflow/dags/news_pipeline_dag.py
[2026-05-09T16:24:30.136+0000] {processor.py:925} INFO - DAG(s) 'news_data_architecture_pipeline' retrieved from /opt/airflow/dags/news_pipeline_dag.py
[2026-05-09T16:24:30.165+0000] {logging_mixin.py:190} INFO - [2026-05-09T16:24:30.165+0000] {dag.py:3239} INFO - Sync 1 DAGs
[2026-05-09T16:24:30.187+0000] {logging_mixin.py:190} INFO - [2026-05-09T16:24:30.187+0000] {dag.py:4180} INFO - Setting next_dagrun for news_data_architecture_pipeline to 2026-05-09 15:00:00+00:00, run_after=2026-05-09 16:00:00+00:00
[2026-05-09T16:24:30.211+0000] {processor.py:208} INFO - Processing /opt/airflow/dags/news_pipeline_dag.py took 0.104 seconds
[2026-05-09T16:25:00.564+0000] {processor.py:186} INFO - Started process (PID=3582) to work on /opt/airflow/dags/news_pipeline_dag.py
[2026-05-09T16:25:00.566+0000] {processor.py:914} INFO - Processing file /opt/airflow/dags/news_pipeline_dag.py for tasks to queue
[2026-05-09T16:25:00.568+0000] {logging_mixin.py:190} INFO - [2026-05-09T16:25:00.567+0000] {dagbag.py:588} INFO - Filling up the DagBag from /opt/airflow/dags/news_pipeline_dag.py
[2026-05-09T16:25:00.588+0000] {processor.py:925} INFO - DAG(s) 'news_data_architecture_pipeline' retrieved from /opt/airflow/dags/news_pipeline_dag.py
[2026-05-09T16:25:00.616+0000] {logging_mixin.py:190} INFO - [2026-05-09T16:25:00.615+0000] {dag.py:3239} INFO - Sync 1 DAGs
[2026-05-09T16:25:00.642+0000] {logging_mixin.py:190} INFO - [2026-05-09T16:25:00.641+0000] {dag.py:4180} INFO - Setting next_dagrun for news_data_architecture_pipeline to 2026-05-09 15:00:00+00:00, run_after=2026-05-09 16:00:00+00:00
[2026-05-09T16:25:00.666+0000] {processor.py:208} INFO - Processing /opt/airflow/dags/news_pipeline_dag.py took 0.108 seconds
[2026-05-09T16:25:31.208+0000] {processor.py:186} INFO - Started process (PID=3592) to work on /opt/airflow/dags/news_pipeline_dag.py
[2026-05-09T16:25:31.209+0000] {processor.py:914} INFO - Processing file /opt/airflow/dags/news_pipeline_dag.py for tasks to queue
[2026-05-09T16:25:31.211+0000] {logging_mixin.py:190} INFO - [2026-05-09T16:25:31.210+0000] {dagbag.py:588} INFO - Filling up the DagBag from /opt/airflow/dags/news_pipeline_dag.py
[2026-05-09T16:25:31.299+0000] {processor.py:925} INFO - DAG(s) 'news_data_architecture_pipeline' retrieved from /opt/airflow/dags/news_pipeline_dag.py
[2026-05-09T16:25:31.331+0000] {logging_mixin.py:190} INFO - [2026-05-09T16:25:31.331+0000] {dag.py:3239} INFO - Sync 1 DAGs
[2026-05-09T16:25:31.375+0000] {logging_mixin.py:190} INFO - [2026-05-09T16:25:31.374+0000] {dag.py:4180} INFO - Setting next_dagrun for news_data_architecture_pipeline to 2026-05-09 15:00:00+00:00, run_after=2026-05-09 16:00:00+00:00
[2026-05-09T16:25:31.793+0000] {processor.py:208} INFO - Processing /opt/airflow/dags/news_pipeline_dag.py took 0.591 seconds
[2026-05-09T16:26:01.925+0000] {processor.py:186} INFO - Started process (PID=3602) to work on /opt/airflow/dags/news_pipeline_dag.py
[2026-05-09T16:26:01.928+0000] {processor.py:914} INFO - Processing file /opt/airflow/dags/news_pipeline_dag.py for tasks to queue
[2026-05-09T16:26:01.929+0000] {logging_mixin.py:190} INFO - [2026-05-09T16:26:01.929+0000] {dagbag.py:588} INFO - Filling up the DagBag from /opt/airflow/dags/news_pipeline_dag.py
[2026-05-09T16:26:01.960+0000] {processor.py:925} INFO - DAG(s) 'news_data_architecture_pipeline' retrieved from /opt/airflow/dags/news_pipeline_dag.py
[2026-05-09T16:26:02.000+0000] {logging_mixin.py:190} INFO - [2026-05-09T16:26:01.999+0000] {dag.py:3239} INFO - Sync 1 DAGs
[2026-05-09T16:26:02.050+0000] {logging_mixin.py:190} INFO - [2026-05-09T16:26:02.050+0000] {dag.py:4180} INFO - Setting next_dagrun for news_data_architecture_pipeline to 2026-05-09 15:00:00+00:00, run_after=2026-05-09 16:00:00+00:00
[2026-05-09T16:26:02.079+0000] {processor.py:208} INFO - Processing /opt/airflow/dags/news_pipeline_dag.py took 0.164 seconds
[2026-05-09T16:26:32.430+0000] {processor.py:186} INFO - Started process (PID=3612) to work on /opt/airflow/dags/news_pipeline_dag.py
[2026-05-09T16:26:32.432+0000] {processor.py:914} INFO - Processing file /opt/airflow/dags/news_pipeline_dag.py for tasks to queue
[2026-05-09T16:26:32.434+0000] {logging_mixin.py:190} INFO - [2026-05-09T16:26:32.434+0000] {dagbag.py:588} INFO - Filling up the DagBag from /opt/airflow/dags/news_pipeline_dag.py
[2026-05-09T16:26:32.449+0000] {processor.py:925} INFO - DAG(s) 'news_data_architecture_pipeline' retrieved from /opt/airflow/dags/news_pipeline_dag.py
[2026-05-09T16:26:32.476+0000] {logging_mixin.py:190} INFO - [2026-05-09T16:26:32.476+0000] {dag.py:3239} INFO - Sync 1 DAGs
[2026-05-09T16:26:32.498+0000] {logging_mixin.py:190} INFO - [2026-05-09T16:26:32.498+0000] {dag.py:4180} INFO - Setting next_dagrun for news_data_architecture_pipeline to 2026-05-09 15:00:00+00:00, run_after=2026-05-09 16:00:00+00:00
[2026-05-09T16:26:32.524+0000] {processor.py:208} INFO - Processing /opt/airflow/dags/news_pipeline_dag.py took 0.100 seconds
[2026-05-09T16:27:02.754+0000] {processor.py:186} INFO - Started process (PID=3622) to work on /opt/airflow/dags/news_pipeline_dag.py
[2026-05-09T16:27:02.755+0000] {processor.py:914} INFO - Processing file /opt/airflow/dags/news_pipeline_dag.py for tasks to queue
[2026-05-09T16:27:02.758+0000] {logging_mixin.py:190} INFO - [2026-05-09T16:27:02.757+0000] {dagbag.py:588} INFO - Filling up the DagBag from /opt/airflow/dags/news_pipeline_dag.py
[2026-05-09T16:27:02.790+0000] {processor.py:925} INFO - DAG(s) 'news_data_architecture_pipeline' retrieved from /opt/airflow/dags/news_pipeline_dag.py
[2026-05-09T16:27:02.830+0000] {logging_mixin.py:190} INFO - [2026-05-09T16:27:02.829+0000] {dag.py:3239} INFO - Sync 1 DAGs
[2026-05-09T16:27:02.854+0000] {logging_mixin.py:190} INFO - [2026-05-09T16:27:02.854+0000] {dag.py:4180} INFO - Setting next_dagrun for news_data_architecture_pipeline to 2026-05-09 15:00:00+00:00, run_after=2026-05-09 16:00:00+00:00
[2026-05-09T16:27:02.878+0000] {processor.py:208} INFO - Processing /opt/airflow/dags/news_pipeline_dag.py took 0.132 seconds
[2026-05-09T16:27:33.221+0000] {processor.py:186} INFO - Started process (PID=3632) to work on /opt/airflow/dags/news_pipeline_dag.py
[2026-05-09T16:27:33.224+0000] {processor.py:914} INFO - Processing file /opt/airflow/dags/news_pipeline_dag.py for tasks to queue
[2026-05-09T16:27:33.226+0000] {logging_mixin.py:190} INFO - [2026-05-09T16:27:33.226+0000] {dagbag.py:588} INFO - Filling up the DagBag from /opt/airflow/dags/news_pipeline_dag.py
[2026-05-09T16:27:33.248+0000] {processor.py:925} INFO - DAG(s) 'news_data_architecture_pipeline' retrieved from /opt/airflow/dags/news_pipeline_dag.py
[2026-05-09T16:27:33.283+0000] {logging_mixin.py:190} INFO - [2026-05-09T16:27:33.283+0000] {dag.py:3239} INFO - Sync 1 DAGs
[2026-05-09T16:27:33.313+0000] {logging_mixin.py:190} INFO - [2026-05-09T16:27:33.313+0000] {dag.py:4180} INFO - Setting next_dagrun for news_data_architecture_pipeline to 2026-05-09 15:00:00+00:00, run_after=2026-05-09 16:00:00+00:00
[2026-05-09T16:27:33.347+0000] {processor.py:208} INFO - Processing /opt/airflow/dags/news_pipeline_dag.py took 0.133 seconds
[2026-05-09T16:28:03.637+0000] {processor.py:186} INFO - Started process (PID=3642) to work on /opt/airflow/dags/news_pipeline_dag.py
[2026-05-09T16:28:03.639+0000] {processor.py:914} INFO - Processing file /opt/airflow/dags/news_pipeline_dag.py for tasks to queue
[2026-05-09T16:28:03.640+0000] {logging_mixin.py:190} INFO - [2026-05-09T16:28:03.640+0000] {dagbag.py:588} INFO - Filling up the DagBag from /opt/airflow/dags/news_pipeline_dag.py
[2026-05-09T16:28:03.657+0000] {processor.py:925} INFO - DAG(s) 'news_data_architecture_pipeline' retrieved from /opt/airflow/dags/news_pipeline_dag.py
[2026-05-09T16:28:03.685+0000] {logging_mixin.py:190} INFO - [2026-05-09T16:28:03.685+0000] {dag.py:3239} INFO - Sync 1 DAGs
[2026-05-09T16:28:03.712+0000] {logging_mixin.py:190} INFO - [2026-05-09T16:28:03.712+0000] {dag.py:4180} INFO - Setting next_dagrun for news_data_architecture_pipeline to 2026-05-09 15:00:00+00:00, run_after=2026-05-09 16:00:00+00:00
[2026-05-09T16:28:03.736+0000] {processor.py:208} INFO - Processing /opt/airflow/dags/news_pipeline_dag.py took 0.105 seconds
[2026-05-09T16:28:34.223+0000] {processor.py:186} INFO - Started process (PID=3652) to work on /opt/airflow/dags/news_pipeline_dag.py
[2026-05-09T16:28:34.225+0000] {processor.py:914} INFO - Processing file /opt/airflow/dags/news_pipeline_dag.py for tasks to queue
[2026-05-09T16:28:34.227+0000] {logging_mixin.py:190} INFO - [2026-05-09T16:28:34.227+0000] {dagbag.py:588} INFO - Filling up the DagBag from /opt/airflow/dags/news_pipeline_dag.py
[2026-05-09T16:28:34.253+0000] {processor.py:925} INFO - DAG(s) 'news_data_architecture_pipeline' retrieved from /opt/airflow/dags/news_pipeline_dag.py
[2026-05-09T16:28:34.296+0000] {logging_mixin.py:190} INFO - [2026-05-09T16:28:34.296+0000] {dag.py:3239} INFO - Sync 1 DAGs
[2026-05-09T16:28:34.322+0000] {logging_mixin.py:190} INFO - [2026-05-09T16:28:34.322+0000] {dag.py:4180} INFO - Setting next_dagrun for news_data_architecture_pipeline to 2026-05-09 15:00:00+00:00, run_after=2026-05-09 16:00:00+00:00
[2026-05-09T16:28:34.355+0000] {processor.py:208} INFO - Processing /opt/airflow/dags/news_pipeline_dag.py took 0.148 seconds
[2026-05-09T16:29:04.712+0000] {processor.py:186} INFO - Started process (PID=3662) to work on /opt/airflow/dags/news_pipeline_dag.py
[2026-05-09T16:29:04.715+0000] {processor.py:914} INFO - Processing file /opt/airflow/dags/news_pipeline_dag.py for tasks to queue
[2026-05-09T16:29:04.718+0000] {logging_mixin.py:190} INFO - [2026-05-09T16:29:04.717+0000] {dagbag.py:588} INFO - Filling up the DagBag from /opt/airflow/dags/news_pipeline_dag.py
[2026-05-09T16:29:04.756+0000] {processor.py:925} INFO - DAG(s) 'news_data_architecture_pipeline' retrieved from /opt/airflow/dags/news_pipeline_dag.py
[2026-05-09T16:29:04.800+0000] {logging_mixin.py:190} INFO - [2026-05-09T16:29:04.799+0000] {dag.py:3239} INFO - Sync 1 DAGs
[2026-05-09T16:29:04.831+0000] {logging_mixin.py:190} INFO - [2026-05-09T16:29:04.830+0000] {dag.py:4180} INFO - Setting next_dagrun for news_data_architecture_pipeline to 2026-05-09 15:00:00+00:00, run_after=2026-05-09 16:00:00+00:00
[2026-05-09T16:29:04.863+0000] {processor.py:208} INFO - Processing /opt/airflow/dags/news_pipeline_dag.py took 0.163 seconds
[2026-05-09T16:29:35.225+0000] {processor.py:186} INFO - Started process (PID=3672) to work on /opt/airflow/dags/news_pipeline_dag.py
[2026-05-09T16:29:35.230+0000] {processor.py:914} INFO - Processing file /opt/airflow/dags/news_pipeline_dag.py for tasks to queue
[2026-05-09T16:29:35.237+0000] {logging_mixin.py:190} INFO - [2026-05-09T16:29:35.233+0000] {dagbag.py:588} INFO - Filling up the DagBag from /opt/airflow/dags/news_pipeline_dag.py
[2026-05-09T16:29:35.263+0000] {processor.py:925} INFO - DAG(s) 'news_data_architecture_pipeline' retrieved from /opt/airflow/dags/news_pipeline_dag.py
[2026-05-09T16:29:35.311+0000] {logging_mixin.py:190} INFO - [2026-05-09T16:29:35.310+0000] {dag.py:3239} INFO - Sync 1 DAGs
[2026-05-09T16:29:35.343+0000] {logging_mixin.py:190} INFO - [2026-05-09T16:29:35.343+0000] {dag.py:4180} INFO - Setting next_dagrun for news_data_architecture_pipeline to 2026-05-09 15:00:00+00:00, run_after=2026-05-09 16:00:00+00:00
[2026-05-09T16:29:35.372+0000] {processor.py:208} INFO - Processing /opt/airflow/dags/news_pipeline_dag.py took 0.157 seconds
[2026-05-09T16:30:05.521+0000] {processor.py:186} INFO - Started process (PID=3682) to work on /opt/airflow/dags/news_pipeline_dag.py
[2026-05-09T16:30:05.522+0000] {processor.py:914} INFO - Processing file /opt/airflow/dags/news_pipeline_dag.py for tasks to queue
[2026-05-09T16:30:05.525+0000] {logging_mixin.py:190} INFO - [2026-05-09T16:30:05.524+0000] {dagbag.py:588} INFO - Filling up the DagBag from /opt/airflow/dags/news_pipeline_dag.py
[2026-05-09T16:30:05.541+0000] {processor.py:925} INFO - DAG(s) 'news_data_architecture_pipeline' retrieved from /opt/airflow/dags/news_pipeline_dag.py
[2026-05-09T16:30:05.566+0000] {logging_mixin.py:190} INFO - [2026-05-09T16:30:05.566+0000] {dag.py:3239} INFO - Sync 1 DAGs
[2026-05-09T16:30:05.586+0000] {logging_mixin.py:190} INFO - [2026-05-09T16:30:05.586+0000] {dag.py:4180} INFO - Setting next_dagrun for news_data_architecture_pipeline to 2026-05-09 15:00:00+00:00, run_after=2026-05-09 16:00:00+00:00
[2026-05-09T16:30:05.606+0000] {processor.py:208} INFO - Processing /opt/airflow/dags/news_pipeline_dag.py took 0.091 seconds
[2026-05-09T16:30:35.985+0000] {processor.py:186} INFO - Started process (PID=3692) to work on /opt/airflow/dags/news_pipeline_dag.py
[2026-05-09T16:30:35.987+0000] {processor.py:914} INFO - Processing file /opt/airflow/dags/news_pipeline_dag.py for tasks to queue
[2026-05-09T16:30:35.988+0000] {logging_mixin.py:190} INFO - [2026-05-09T16:30:35.987+0000] {dagbag.py:588} INFO - Filling up the DagBag from /opt/airflow/dags/news_pipeline_dag.py
[2026-05-09T16:30:36.004+0000] {processor.py:925} INFO - DAG(s) 'news_data_architecture_pipeline' retrieved from /opt/airflow/dags/news_pipeline_dag.py
[2026-05-09T16:30:36.033+0000] {logging_mixin.py:190} INFO - [2026-05-09T16:30:36.033+0000] {dag.py:3239} INFO - Sync 1 DAGs
[2026-05-09T16:30:36.053+0000] {logging_mixin.py:190} INFO - [2026-05-09T16:30:36.053+0000] {dag.py:4180} INFO - Setting next_dagrun for news_data_architecture_pipeline to 2026-05-09 15:00:00+00:00, run_after=2026-05-09 16:00:00+00:00
[2026-05-09T16:30:36.074+0000] {processor.py:208} INFO - Processing /opt/airflow/dags/news_pipeline_dag.py took 0.094 seconds
[2026-05-09T16:31:06.475+0000] {processor.py:186} INFO - Started process (PID=3702) to work on /opt/airflow/dags/news_pipeline_dag.py
[2026-05-09T16:31:06.477+0000] {processor.py:914} INFO - Processing file /opt/airflow/dags/news_pipeline_dag.py for tasks to queue
[2026-05-09T16:31:06.480+0000] {logging_mixin.py:190} INFO - [2026-05-09T16:31:06.480+0000] {dagbag.py:588} INFO - Filling up the DagBag from /opt/airflow/dags/news_pipeline_dag.py
[2026-05-09T16:31:06.501+0000] {processor.py:925} INFO - DAG(s) 'news_data_architecture_pipeline' retrieved from /opt/airflow/dags/news_pipeline_dag.py
[2026-05-09T16:31:06.532+0000] {logging_mixin.py:190} INFO - [2026-05-09T16:31:06.532+0000] {dag.py:3239} INFO - Sync 1 DAGs
[2026-05-09T16:31:06.553+0000] {logging_mixin.py:190} INFO - [2026-05-09T16:31:06.553+0000] {dag.py:4180} INFO - Setting next_dagrun for news_data_architecture_pipeline to 2026-05-09 15:00:00+00:00, run_after=2026-05-09 16:00:00+00:00
[2026-05-09T16:31:06.579+0000] {processor.py:208} INFO - Processing /opt/airflow/dags/news_pipeline_dag.py took 0.112 seconds
[2026-05-09T16:31:36.844+0000] {processor.py:186} INFO - Started process (PID=3712) to work on /opt/airflow/dags/news_pipeline_dag.py
[2026-05-09T16:31:36.845+0000] {processor.py:914} INFO - Processing file /opt/airflow/dags/news_pipeline_dag.py for tasks to queue
[2026-05-09T16:31:36.847+0000] {logging_mixin.py:190} INFO - [2026-05-09T16:31:36.847+0000] {dagbag.py:588} INFO - Filling up the DagBag from /opt/airflow/dags/news_pipeline_dag.py
[2026-05-09T16:31:36.869+0000] {processor.py:925} INFO - DAG(s) 'news_data_architecture_pipeline' retrieved from /opt/airflow/dags/news_pipeline_dag.py
[2026-05-09T16:31:36.903+0000] {logging_mixin.py:190} INFO - [2026-05-09T16:31:36.903+0000] {dag.py:3239} INFO - Sync 1 DAGs
[2026-05-09T16:31:36.926+0000] {logging_mixin.py:190} INFO - [2026-05-09T16:31:36.926+0000] {dag.py:4180} INFO - Setting next_dagrun for news_data_architecture_pipeline to 2026-05-09 15:00:00+00:00, run_after=2026-05-09 16:00:00+00:00
[2026-05-09T16:31:36.946+0000] {processor.py:208} INFO - Processing /opt/airflow/dags/news_pipeline_dag.py took 0.109 seconds
[2026-05-09T16:32:07.185+0000] {processor.py:186} INFO - Started process (PID=3722) to work on /opt/airflow/dags/news_pipeline_dag.py
[2026-05-09T16:32:07.187+0000] {processor.py:914} INFO - Processing file /opt/airflow/dags/news_pipeline_dag.py for tasks to queue
[2026-05-09T16:32:07.188+0000] {logging_mixin.py:190} INFO - [2026-05-09T16:32:07.188+0000] {dagbag.py:588} INFO - Filling up the DagBag from /opt/airflow/dags/news_pipeline_dag.py
[2026-05-09T16:32:07.247+0000] {processor.py:925} INFO - DAG(s) 'news_data_architecture_pipeline' retrieved from /opt/airflow/dags/news_pipeline_dag.py
[2026-05-09T16:32:07.280+0000] {logging_mixin.py:190} INFO - [2026-05-09T16:32:07.279+0000] {dag.py:3239} INFO - Sync 1 DAGs
[2026-05-09T16:32:07.304+0000] {logging_mixin.py:190} INFO - [2026-05-09T16:32:07.303+0000] {dag.py:4180} INFO - Setting next_dagrun for news_data_architecture_pipeline to 2026-05-09 15:00:00+00:00, run_after=2026-05-09 16:00:00+00:00
[2026-05-09T16:32:07.327+0000] {processor.py:208} INFO - Processing /opt/airflow/dags/news_pipeline_dag.py took 0.150 seconds
[2026-05-09T16:32:37.671+0000] {processor.py:186} INFO - Started process (PID=3732) to work on /opt/airflow/dags/news_pipeline_dag.py
[2026-05-09T16:32:37.673+0000] {processor.py:914} INFO - Processing file /opt/airflow/dags/news_pipeline_dag.py for tasks to queue
[2026-05-09T16:32:37.675+0000] {logging_mixin.py:190} INFO - [2026-05-09T16:32:37.674+0000] {dagbag.py:588} INFO - Filling up the DagBag from /opt/airflow/dags/news_pipeline_dag.py
[2026-05-09T16:32:37.698+0000] {processor.py:925} INFO - DAG(s) 'news_data_architecture_pipeline' retrieved from /opt/airflow/dags/news_pipeline_dag.py
[2026-05-09T16:32:37.732+0000] {logging_mixin.py:190} INFO - [2026-05-09T16:32:37.731+0000] {dag.py:3239} INFO - Sync 1 DAGs
[2026-05-09T16:32:37.757+0000] {logging_mixin.py:190} INFO - [2026-05-09T16:32:37.756+0000] {dag.py:4180} INFO - Setting next_dagrun for news_data_architecture_pipeline to 2026-05-09 15:00:00+00:00, run_after=2026-05-09 16:00:00+00:00
[2026-05-09T16:32:37.780+0000] {processor.py:208} INFO - Processing /opt/airflow/dags/news_pipeline_dag.py took 0.117 seconds
[2026-05-09T16:33:08.078+0000] {processor.py:186} INFO - Started process (PID=3742) to work on /opt/airflow/dags/news_pipeline_dag.py
[2026-05-09T16:33:08.080+0000] {processor.py:914} INFO - Processing file /opt/airflow/dags/news_pipeline_dag.py for tasks to queue
[2026-05-09T16:33:08.082+0000] {logging_mixin.py:190} INFO - [2026-05-09T16:33:08.081+0000] {dagbag.py:588} INFO - Filling up the DagBag from /opt/airflow/dags/news_pipeline_dag.py
[2026-05-09T16:33:08.112+0000] {processor.py:925} INFO - DAG(s) 'news_data_architecture_pipeline' retrieved from /opt/airflow/dags/news_pipeline_dag.py
[2026-05-09T16:33:08.148+0000] {logging_mixin.py:190} INFO - [2026-05-09T16:33:08.147+0000] {dag.py:3239} INFO - Sync 1 DAGs
[2026-05-09T16:33:08.175+0000] {logging_mixin.py:190} INFO - [2026-05-09T16:33:08.175+0000] {dag.py:4180} INFO - Setting next_dagrun for news_data_architecture_pipeline to 2026-05-09 15:00:00+00:00, run_after=2026-05-09 16:00:00+00:00
[2026-05-09T16:33:08.206+0000] {processor.py:208} INFO - Processing /opt/airflow/dags/news_pipeline_dag.py took 0.137 seconds
[2026-05-09T16:33:38.586+0000] {processor.py:186} INFO - Started process (PID=3752) to work on /opt/airflow/dags/news_pipeline_dag.py
[2026-05-09T16:33:38.587+0000] {processor.py:914} INFO - Processing file /opt/airflow/dags/news_pipeline_dag.py for tasks to queue
[2026-05-09T16:33:38.589+0000] {logging_mixin.py:190} INFO - [2026-05-09T16:33:38.589+0000] {dagbag.py:588} INFO - Filling up the DagBag from /opt/airflow/dags/news_pipeline_dag.py
[2026-05-09T16:33:38.614+0000] {processor.py:925} INFO - DAG(s) 'news_data_architecture_pipeline' retrieved from /opt/airflow/dags/news_pipeline_dag.py
[2026-05-09T16:33:38.660+0000] {logging_mixin.py:190} INFO - [2026-05-09T16:33:38.659+0000] {dag.py:3239} INFO - Sync 1 DAGs
[2026-05-09T16:33:38.697+0000] {logging_mixin.py:190} INFO - [2026-05-09T16:33:38.697+0000] {dag.py:4180} INFO - Setting next_dagrun for news_data_architecture_pipeline to 2026-05-09 15:00:00+00:00, run_after=2026-05-09 16:00:00+00:00
[2026-05-09T16:33:38.729+0000] {processor.py:208} INFO - Processing /opt/airflow/dags/news_pipeline_dag.py took 0.152 seconds
[2026-05-09T16:34:08.945+0000] {processor.py:186} INFO - Started process (PID=3762) to work on /opt/airflow/dags/news_pipeline_dag.py
[2026-05-09T16:34:08.947+0000] {processor.py:914} INFO - Processing file /opt/airflow/dags/news_pipeline_dag.py for tasks to queue
[2026-05-09T16:34:08.949+0000] {logging_mixin.py:190} INFO - [2026-05-09T16:34:08.949+0000] {dagbag.py:588} INFO - Filling up the DagBag from /opt/airflow/dags/news_pipeline_dag.py
[2026-05-09T16:34:08.993+0000] {processor.py:925} INFO - DAG(s) 'news_data_architecture_pipeline' retrieved from /opt/airflow/dags/news_pipeline_dag.py
[2026-05-09T16:34:09.051+0000] {logging_mixin.py:190} INFO - [2026-05-09T16:34:09.050+0000] {dag.py:3239} INFO - Sync 1 DAGs
[2026-05-09T16:34:09.089+0000] {logging_mixin.py:190} INFO - [2026-05-09T16:34:09.088+0000] {dag.py:4180} INFO - Setting next_dagrun for news_data_architecture_pipeline to 2026-05-09 15:00:00+00:00, run_after=2026-05-09 16:00:00+00:00
[2026-05-09T16:34:09.142+0000] {processor.py:208} INFO - Processing /opt/airflow/dags/news_pipeline_dag.py took 0.206 seconds
[2026-05-09T16:34:39.461+0000] {processor.py:186} INFO - Started process (PID=3772) to work on /opt/airflow/dags/news_pipeline_dag.py
[2026-05-09T16:34:39.462+0000] {processor.py:914} INFO - Processing file /opt/airflow/dags/news_pipeline_dag.py for tasks to queue
[2026-05-09T16:34:39.464+0000] {logging_mixin.py:190} INFO - [2026-05-09T16:34:39.463+0000] {dagbag.py:588} INFO - Filling up the DagBag from /opt/airflow/dags/news_pipeline_dag.py
[2026-05-09T16:34:39.492+0000] {processor.py:925} INFO - DAG(s) 'news_data_architecture_pipeline' retrieved from /opt/airflow/dags/news_pipeline_dag.py
[2026-05-09T16:34:39.526+0000] {logging_mixin.py:190} INFO - [2026-05-09T16:34:39.526+0000] {dag.py:3239} INFO - Sync 1 DAGs
[2026-05-09T16:34:39.548+0000] {logging_mixin.py:190} INFO - [2026-05-09T16:34:39.548+0000] {dag.py:4180} INFO - Setting next_dagrun for news_data_architecture_pipeline to 2026-05-09 15:00:00+00:00, run_after=2026-05-09 16:00:00+00:00
[2026-05-09T16:34:39.570+0000] {processor.py:208} INFO - Processing /opt/airflow/dags/news_pipeline_dag.py took 0.118 seconds
[2026-05-09T16:35:09.906+0000] {processor.py:186} INFO - Started process (PID=3782) to work on /opt/airflow/dags/news_pipeline_dag.py
[2026-05-09T16:35:09.907+0000] {processor.py:914} INFO - Processing file /opt/airflow/dags/news_pipeline_dag.py for tasks to queue
[2026-05-09T16:35:09.909+0000] {logging_mixin.py:190} INFO - [2026-05-09T16:35:09.909+0000] {dagbag.py:588} INFO - Filling up the DagBag from /opt/airflow/dags/news_pipeline_dag.py
[2026-05-09T16:35:09.923+0000] {processor.py:925} INFO - DAG(s) 'news_data_architecture_pipeline' retrieved from /opt/airflow/dags/news_pipeline_dag.py
[2026-05-09T16:35:09.950+0000] {logging_mixin.py:190} INFO - [2026-05-09T16:35:09.950+0000] {dag.py:3239} INFO - Sync 1 DAGs
[2026-05-09T16:35:09.971+0000] {logging_mixin.py:190} INFO - [2026-05-09T16:35:09.970+0000] {dag.py:4180} INFO - Setting next_dagrun for news_data_architecture_pipeline to 2026-05-09 15:00:00+00:00, run_after=2026-05-09 16:00:00+00:00
[2026-05-09T16:35:09.989+0000] {processor.py:208} INFO - Processing /opt/airflow/dags/news_pipeline_dag.py took 0.090 seconds
[2026-05-09T16:35:40.358+0000] {processor.py:186} INFO - Started process (PID=3792) to work on /opt/airflow/dags/news_pipeline_dag.py
[2026-05-09T16:35:40.359+0000] {processor.py:914} INFO - Processing file /opt/airflow/dags/news_pipeline_dag.py for tasks to queue
[2026-05-09T16:35:40.360+0000] {logging_mixin.py:190} INFO - [2026-05-09T16:35:40.360+0000] {dagbag.py:588} INFO - Filling up the DagBag from /opt/airflow/dags/news_pipeline_dag.py
[2026-05-09T16:35:40.378+0000] {processor.py:925} INFO - DAG(s) 'news_data_architecture_pipeline' retrieved from /opt/airflow/dags/news_pipeline_dag.py
[2026-05-09T16:35:40.402+0000] {logging_mixin.py:190} INFO - [2026-05-09T16:35:40.402+0000] {dag.py:3239} INFO - Sync 1 DAGs
[2026-05-09T16:35:40.423+0000] {logging_mixin.py:190} INFO - [2026-05-09T16:35:40.422+0000] {dag.py:4180} INFO - Setting next_dagrun for news_data_architecture_pipeline to 2026-05-09 15:00:00+00:00, run_after=2026-05-09 16:00:00+00:00
[2026-05-09T16:35:40.442+0000] {processor.py:208} INFO - Processing /opt/airflow/dags/news_pipeline_dag.py took 0.090 seconds
[2026-05-09T16:36:10.811+0000] {processor.py:186} INFO - Started process (PID=3802) to work on /opt/airflow/dags/news_pipeline_dag.py
[2026-05-09T16:36:10.812+0000] {processor.py:914} INFO - Processing file /opt/airflow/dags/news_pipeline_dag.py for tasks to queue
[2026-05-09T16:36:10.814+0000] {logging_mixin.py:190} INFO - [2026-05-09T16:36:10.813+0000] {dagbag.py:588} INFO - Filling up the DagBag from /opt/airflow/dags/news_pipeline_dag.py
[2026-05-09T16:36:10.834+0000] {processor.py:925} INFO - DAG(s) 'news_data_architecture_pipeline' retrieved from /opt/airflow/dags/news_pipeline_dag.py
[2026-05-09T16:36:10.864+0000] {logging_mixin.py:190} INFO - [2026-05-09T16:36:10.864+0000] {dag.py:3239} INFO - Sync 1 DAGs
[2026-05-09T16:36:10.889+0000] {logging_mixin.py:190} INFO - [2026-05-09T16:36:10.889+0000] {dag.py:4180} INFO - Setting next_dagrun for news_data_architecture_pipeline to 2026-05-09 15:00:00+00:00, run_after=2026-05-09 16:00:00+00:00
[2026-05-09T16:36:10.909+0000] {processor.py:208} INFO - Processing /opt/airflow/dags/news_pipeline_dag.py took 0.105 seconds
[2026-05-09T16:36:41.215+0000] {processor.py:186} INFO - Started process (PID=3812) to work on /opt/airflow/dags/news_pipeline_dag.py
[2026-05-09T16:36:41.216+0000] {processor.py:914} INFO - Processing file /opt/airflow/dags/news_pipeline_dag.py for tasks to queue
[2026-05-09T16:36:41.217+0000] {logging_mixin.py:190} INFO - [2026-05-09T16:36:41.217+0000] {dagbag.py:588} INFO - Filling up the DagBag from /opt/airflow/dags/news_pipeline_dag.py
[2026-05-09T16:36:41.237+0000] {processor.py:925} INFO - DAG(s) 'news_data_architecture_pipeline' retrieved from /opt/airflow/dags/news_pipeline_dag.py
[2026-05-09T16:36:41.262+0000] {logging_mixin.py:190} INFO - [2026-05-09T16:36:41.262+0000] {dag.py:3239} INFO - Sync 1 DAGs
[2026-05-09T16:36:41.284+0000] {logging_mixin.py:190} INFO - [2026-05-09T16:36:41.284+0000] {dag.py:4180} INFO - Setting next_dagrun for news_data_architecture_pipeline to 2026-05-09 15:00:00+00:00, run_after=2026-05-09 16:00:00+00:00
[2026-05-09T16:36:41.305+0000] {processor.py:208} INFO - Processing /opt/airflow/dags/news_pipeline_dag.py took 0.097 seconds
[2026-05-09T16:37:11.707+0000] {processor.py:186} INFO - Started process (PID=3822) to work on /opt/airflow/dags/news_pipeline_dag.py
[2026-05-09T16:37:11.709+0000] {processor.py:914} INFO - Processing file /opt/airflow/dags/news_pipeline_dag.py for tasks to queue
[2026-05-09T16:37:11.710+0000] {logging_mixin.py:190} INFO - [2026-05-09T16:37:11.710+0000] {dagbag.py:588} INFO - Filling up the DagBag from /opt/airflow/dags/news_pipeline_dag.py
[2026-05-09T16:37:11.725+0000] {processor.py:925} INFO - DAG(s) 'news_data_architecture_pipeline' retrieved from /opt/airflow/dags/news_pipeline_dag.py
[2026-05-09T16:37:11.748+0000] {logging_mixin.py:190} INFO - [2026-05-09T16:37:11.748+0000] {dag.py:3239} INFO - Sync 1 DAGs
[2026-05-09T16:37:11.768+0000] {logging_mixin.py:190} INFO - [2026-05-09T16:37:11.767+0000] {dag.py:4180} INFO - Setting next_dagrun for news_data_architecture_pipeline to 2026-05-09 15:00:00+00:00, run_after=2026-05-09 16:00:00+00:00
[2026-05-09T16:37:11.790+0000] {processor.py:208} INFO - Processing /opt/airflow/dags/news_pipeline_dag.py took 0.089 seconds
[2026-05-09T16:37:42.100+0000] {processor.py:186} INFO - Started process (PID=3832) to work on /opt/airflow/dags/news_pipeline_dag.py
[2026-05-09T16:37:42.101+0000] {processor.py:914} INFO - Processing file /opt/airflow/dags/news_pipeline_dag.py for tasks to queue
[2026-05-09T16:37:42.104+0000] {logging_mixin.py:190} INFO - [2026-05-09T16:37:42.104+0000] {dagbag.py:588} INFO - Filling up the DagBag from /opt/airflow/dags/news_pipeline_dag.py
[2026-05-09T16:37:42.128+0000] {processor.py:925} INFO - DAG(s) 'news_data_architecture_pipeline' retrieved from /opt/airflow/dags/news_pipeline_dag.py
[2026-05-09T16:37:42.157+0000] {logging_mixin.py:190} INFO - [2026-05-09T16:37:42.157+0000] {dag.py:3239} INFO - Sync 1 DAGs
[2026-05-09T16:37:42.191+0000] {logging_mixin.py:190} INFO - [2026-05-09T16:37:42.191+0000] {dag.py:4180} INFO - Setting next_dagrun for news_data_architecture_pipeline to 2026-05-09 15:00:00+00:00, run_after=2026-05-09 16:00:00+00:00
[2026-05-09T16:37:42.214+0000] {processor.py:208} INFO - Processing /opt/airflow/dags/news_pipeline_dag.py took 0.123 seconds
[2026-05-09T16:38:12.791+0000] {processor.py:186} INFO - Started process (PID=3842) to work on /opt/airflow/dags/news_pipeline_dag.py
[2026-05-09T16:38:12.796+0000] {processor.py:914} INFO - Processing file /opt/airflow/dags/news_pipeline_dag.py for tasks to queue
[2026-05-09T16:38:12.799+0000] {logging_mixin.py:190} INFO - [2026-05-09T16:38:12.798+0000] {dagbag.py:588} INFO - Filling up the DagBag from /opt/airflow/dags/news_pipeline_dag.py
[2026-05-09T16:38:12.818+0000] {processor.py:925} INFO - DAG(s) 'news_data_architecture_pipeline' retrieved from /opt/airflow/dags/news_pipeline_dag.py
[2026-05-09T16:38:12.859+0000] {logging_mixin.py:190} INFO - [2026-05-09T16:38:12.858+0000] {dag.py:3239} INFO - Sync 1 DAGs
[2026-05-09T16:38:12.889+0000] {logging_mixin.py:190} INFO - [2026-05-09T16:38:12.888+0000] {dag.py:4180} INFO - Setting next_dagrun for news_data_architecture_pipeline to 2026-05-09 15:00:00+00:00, run_after=2026-05-09 16:00:00+00:00
[2026-05-09T16:38:12.922+0000] {processor.py:208} INFO - Processing /opt/airflow/dags/news_pipeline_dag.py took 0.138 seconds
[2026-05-09T16:38:43.087+0000] {processor.py:186} INFO - Started process (PID=3852) to work on /opt/airflow/dags/news_pipeline_dag.py
[2026-05-09T16:38:43.088+0000] {processor.py:914} INFO - Processing file /opt/airflow/dags/news_pipeline_dag.py for tasks to queue
[2026-05-09T16:38:43.090+0000] {logging_mixin.py:190} INFO - [2026-05-09T16:38:43.090+0000] {dagbag.py:588} INFO - Filling up the DagBag from /opt/airflow/dags/news_pipeline_dag.py
[2026-05-09T16:38:43.112+0000] {processor.py:925} INFO - DAG(s) 'news_data_architecture_pipeline' retrieved from /opt/airflow/dags/news_pipeline_dag.py
[2026-05-09T16:38:43.153+0000] {logging_mixin.py:190} INFO - [2026-05-09T16:38:43.153+0000] {dag.py:3239} INFO - Sync 1 DAGs
[2026-05-09T16:38:43.179+0000] {logging_mixin.py:190} INFO - [2026-05-09T16:38:43.179+0000] {dag.py:4180} INFO - Setting next_dagrun for news_data_architecture_pipeline to 2026-05-09 15:00:00+00:00, run_after=2026-05-09 16:00:00+00:00
[2026-05-09T16:38:43.209+0000] {processor.py:208} INFO - Processing /opt/airflow/dags/news_pipeline_dag.py took 0.130 seconds
[2026-05-09T16:39:13.522+0000] {processor.py:186} INFO - Started process (PID=3862) to work on /opt/airflow/dags/news_pipeline_dag.py
[2026-05-09T16:39:13.525+0000] {processor.py:914} INFO - Processing file /opt/airflow/dags/news_pipeline_dag.py for tasks to queue
[2026-05-09T16:39:13.527+0000] {logging_mixin.py:190} INFO - [2026-05-09T16:39:13.526+0000] {dagbag.py:588} INFO - Filling up the DagBag from /opt/airflow/dags/news_pipeline_dag.py
[2026-05-09T16:39:13.546+0000] {processor.py:925} INFO - DAG(s) 'news_data_architecture_pipeline' retrieved from /opt/airflow/dags/news_pipeline_dag.py
[2026-05-09T16:39:13.574+0000] {logging_mixin.py:190} INFO - [2026-05-09T16:39:13.573+0000] {dag.py:3239} INFO - Sync 1 DAGs
[2026-05-09T16:39:13.594+0000] {logging_mixin.py:190} INFO - [2026-05-09T16:39:13.594+0000] {dag.py:4180} INFO - Setting next_dagrun for news_data_architecture_pipeline to 2026-05-09 15:00:00+00:00, run_after=2026-05-09 16:00:00+00:00
[2026-05-09T16:39:13.615+0000] {processor.py:208} INFO - Processing /opt/airflow/dags/news_pipeline_dag.py took 0.099 seconds
[2026-05-09T16:39:43.844+0000] {processor.py:186} INFO - Started process (PID=3872) to work on /opt/airflow/dags/news_pipeline_dag.py
[2026-05-09T16:39:43.858+0000] {processor.py:914} INFO - Processing file /opt/airflow/dags/news_pipeline_dag.py for tasks to queue
[2026-05-09T16:39:43.860+0000] {logging_mixin.py:190} INFO - [2026-05-09T16:39:43.859+0000] {dagbag.py:588} INFO - Filling up the DagBag from /opt/airflow/dags/news_pipeline_dag.py
[2026-05-09T16:39:43.885+0000] {processor.py:925} INFO - DAG(s) 'news_data_architecture_pipeline' retrieved from /opt/airflow/dags/news_pipeline_dag.py
[2026-05-09T16:39:43.913+0000] {logging_mixin.py:190} INFO - [2026-05-09T16:39:43.913+0000] {dag.py:3239} INFO - Sync 1 DAGs
[2026-05-09T16:39:43.943+0000] {logging_mixin.py:190} INFO - [2026-05-09T16:39:43.943+0000] {dag.py:4180} INFO - Setting next_dagrun for news_data_architecture_pipeline to 2026-05-09 15:00:00+00:00, run_after=2026-05-09 16:00:00+00:00
[2026-05-09T16:39:43.975+0000] {processor.py:208} INFO - Processing /opt/airflow/dags/news_pipeline_dag.py took 0.136 seconds
